{"timestamp": "2026-06-03T08:45:38.988376", "user": "USER_014", "type": "email", "hour": 8, "external": false}
{"timestamp": "2026-06-03T08:45:39.989669", "user": "USER_002", "type": "logon", "hour": 8}
{"timestamp": "2026-06-03T08:45:40.490652", "user": "USER_012", "type": "file", "hour": 8, "filename": "doc_797.exe"}
{"timestamp": "2026-06-03T08:45:40.991322", "user": "USER_007", "type": "logon", "hour": 8}
{"timestamp": "2026-06-03T08:45:41.492258", "user": "USER_015", "type": "file", "hour": 8, "filename": "doc_983.docx"}
{"timestamp": "2026-06-03T08:45:42.493669", "user": "USER_014", "type": "file", "hour": 8, "filename": "doc_650.exe"}
{"timestamp": "2026-06-03T08:45:42.994820", "user": "USER_011", "type": "email", "hour": 8, "external": false}
{"timestamp": "2026-06-03T08:45:43.496463", "user": "USER_013", "type": "email", "hour": 8, "external": false}
{"timestamp": "2026-06-03T08:45:44.499945", "user": "USER_015", "type": "file", "hour": 8, "filename": "doc_874.zip"}
{"timestamp": "2026-06-03T08:45:45.001579", "user": "USER_015", "type": "file", "hour": 8, "filename": "doc_623.docx"}
{"timestamp": "2026-06-03T08:45:45.503663", "user": "USER_001", "type": "logon", "hour": 8}
{"timestamp": "2026-06-03T08:45:46.004917", "user": "USER_003", "type": "file", "hour": 8, "filename": "doc_180.docx"}
{"timestamp": "2026-06-03T08:45:47.507044", "user": "USER_001", "type": "logon", "hour": 8}
{"timestamp": "2026-06-03T08:45:48.008115", "user": "USER_019", "type": "file", "hour": 8, "filename": "doc_389.exe"}
{"timestamp": "2026-06-03T08:45:48.508851", "user": "USER_015", "type": "file", "hour": 8, "filename": "doc_759.docx"}
{"timestamp": "2026-06-03T08:45:49.009681", "user": "USER_003", "type": "device", "hour": 8, "action": "connect"}
{"timestamp": "2026-06-03T08:45:50.011125", "user": "USER_018", "type": "file", "hour": 8, "filename": "doc_647.pdf"}
{"timestamp": "2026-06-03T08:45:51.012525", "user": "USER_002", "type": "email", "hour": 8, "external": false}
{"timestamp": "2026-06-03T08:45:51.012773", "user": "USER_016", "type": "file", "hour": 3, "filename": "sensitive_data_17.zip"}
{"timestamp": "2026-06-03T08:45:51.012773", "user": "USER_016", "type": "file", "hour": 3, "filename": "sensitive_data_41.zip"}
{"timestamp": "2026-06-03T08:45:51.012773", "user": "USER_016", "type": "file", "hour": 3, "filename": "sensitive_data_13.zip"}
{"timestamp": "2026-06-03T08:45:51.012773", "user": "USER_016", "type": "file", "hour": 3, "filename": "sensitive_data_11.zip"}
{"timestamp": "2026-06-03T08:45:51.012773", "user": "USER_016", "type": "file", "hour": 3, "filename": "sensitive_data_21.zip"}
{"timestamp": "2026-06-03T08:45:51.012773", "user": "USER_016", "type": "file", "hour": 3, "filename": "sensitive_data_69.zip"}
{"timestamp": "2026-06-03T08:45:51.012773", "user": "USER_016", "type": "file", "hour": 3, "filename": "sensitive_data_55.zip"}
{"timestamp": "2026-06-03T08:45:51.012773", "user": "USER_016", "type": "file", "hour": 3, "filename": "sensitive_data_17.zip"}
{"timestamp": "2026-06-03T08:45:51.012773", "user": "USER_016", "type": "file", "hour": 3, "filename": "sensitive_data_21.zip"}
{"timestamp": "2026-06-03T08:45:51.012773", "user": "USER_016", "type": "file", "hour": 3, "filename": "sensitive_data_41.zip"}
{"timestamp": "2026-06-03T08:45:51.012773", "user": "USER_016", "type": "file", "hour": 3, "filename": "sensitive_data_87.zip"}
{"timestamp": "2026-06-03T08:45:51.012773", "user": "USER_016", "type": "file", "hour": 3, "filename": "sensitive_data_57.zip"}
{"timestamp": "2026-06-03T08:45:51.012773", "user": "USER_016", "type": "file", "hour": 3, "filename": "sensitive_data_68.zip"}
{"timestamp": "2026-06-03T08:45:51.012773", "user": "USER_016", "type": "file", "hour": 3, "filename": "sensitive_data_90.zip"}
{"timestamp": "2026-06-03T08:45:51.012773", "user": "USER_016", "type": "file", "hour": 3, "filename": "sensitive_data_34.zip"}
{"timestamp": "2026-06-03T08:45:51.012773", "user": "USER_016", "type": "file", "hour": 3, "filename": "sensitive_data_58.zip"}
{"timestamp": "2026-06-03T08:45:51.012773", "user": "USER_016", "type": "file", "hour": 3, "filename": "sensitive_data_30.zip"}
{"timestamp": "2026-06-03T08:45:51.012773", "user": "USER_016", "type": "file", "hour": 3, "filename": "sensitive_data_41.zip"}
{"timestamp": "2026-06-03T08:45:51.012773", "user": "USER_016", "type": "file", "hour": 3, "filename": "sensitive_data_80.zip"}
{"timestamp": "2026-06-03T08:45:51.012773", "user": "USER_016", "type": "file", "hour": 3, "filename": "sensitive_data_40.zip"}
{"timestamp": "2026-06-03T08:45:51.012773", "user": "USER_016", "type": "file", "hour": 3, "filename": "sensitive_data_59.zip"}
{"timestamp": "2026-06-03T08:45:51.012773", "user": "USER_016", "type": "file", "hour": 3, "filename": "sensitive_data_82.zip"}
{"timestamp": "2026-06-03T08:45:51.012773", "user": "USER_016", "type": "file", "hour": 3, "filename": "sensitive_data_76.zip"}
{"timestamp": "2026-06-03T08:45:51.012773", "user": "USER_016", "type": "file", "hour": 3, "filename": "sensitive_data_85.zip"}
{"timestamp": "2026-06-03T08:45:51.012773", "user": "USER_016", "type": "file", "hour": 3, "filename": "sensitive_data_36.zip"}
{"timestamp": "2026-06-03T08:45:51.012773", "user": "USER_016", "type": "file", "hour": 3, "filename": "sensitive_data_18.zip"}
{"timestamp": "2026-06-03T08:45:51.012773", "user": "USER_016", "type": "file", "hour": 3, "filename": "sensitive_data_28.zip"}
{"timestamp": "2026-06-03T08:45:51.012773", "user": "USER_016", "type": "file", "hour": 3, "filename": "sensitive_data_100.zip"}
{"timestamp": "2026-06-03T08:45:51.012773", "user": "USER_016", "type": "file", "hour": 3, "filename": "sensitive_data_66.zip"}
{"timestamp": "2026-06-03T08:45:51.012773", "user": "USER_016", "type": "file", "hour": 3, "filename": "sensitive_data_35.zip"}
{"timestamp": "2026-06-03T08:45:51.012773", "user": "USER_016", "type": "file", "hour": 3, "filename": "sensitive_data_59.zip"}
{"timestamp": "2026-06-03T08:45:51.012773", "user": "USER_016", "type": "file", "hour": 3, "filename": "sensitive_data_72.zip"}
{"timestamp": "2026-06-03T08:45:51.012773", "user": "USER_016", "type": "file", "hour": 3, "filename": "sensitive_data_27.zip"}
{"timestamp": "2026-06-03T08:45:51.012773", "user": "USER_016", "type": "file", "hour": 3, "filename": "sensitive_data_38.zip"}
{"timestamp": "2026-06-03T08:45:51.012773", "user": "USER_016", "type": "file", "hour": 3, "filename": "sensitive_data_4.zip"}
{"timestamp": "2026-06-03T08:45:51.012773", "user": "USER_016", "type": "file", "hour": 3, "filename": "sensitive_data_94.zip"}
{"timestamp": "2026-06-03T08:45:51.012773", "user": "USER_016", "type": "file", "hour": 3, "filename": "sensitive_data_49.zip"}
{"timestamp": "2026-06-03T08:45:51.012773", "user": "USER_016", "type": "file", "hour": 3, "filename": "sensitive_data_35.zip"}
{"timestamp": "2026-06-03T08:45:51.012773", "user": "USER_016", "type": "file", "hour": 3, "filename": "sensitive_data_44.zip"}
{"timestamp": "2026-06-03T08:45:51.012773", "user": "USER_016", "type": "file", "hour": 3, "filename": "sensitive_data_55.zip"}
{"timestamp": "2026-06-03T08:45:51.012773", "user": "USER_016", "type": "email", "hour": 3, "external": true}
{"timestamp": "2026-06-03T08:45:51.012773", "user": "USER_016", "type": "email", "hour": 3, "external": true}
{"timestamp": "2026-06-03T08:45:51.012773", "user": "USER_016", "type": "email", "hour": 3, "external": true}
{"timestamp": "2026-06-03T08:45:51.012773", "user": "USER_016", "type": "email", "hour": 3, "external": true}
{"timestamp": "2026-06-03T08:45:51.012773", "user": "USER_016", "type": "email", "hour": 3, "external": true}
{"timestamp": "2026-06-03T08:45:51.012773", "user": "USER_016", "type": "email", "hour": 3, "external": true}
{"timestamp": "2026-06-03T08:45:51.012773", "user": "USER_016", "type": "email", "hour": 3, "external": true}
{"timestamp": "2026-06-03T08:45:51.012773", "user": "USER_016", "type": "email", "hour": 3, "external": true}
{"timestamp": "2026-06-03T08:45:51.012773", "user": "USER_016", "type": "email", "hour": 3, "external": true}
{"timestamp": "2026-06-03T08:45:51.012773", "user": "USER_016", "type": "email", "hour": 3, "external": true}
{"timestamp": "2026-06-03T08:45:51.012773", "user": "USER_016", "type": "email", "hour": 3, "external": true}
{"timestamp": "2026-06-03T08:45:51.012773", "user": "USER_016", "type": "email", "hour": 3, "external": true}
{"timestamp": "2026-06-03T08:45:51.012773", "user": "USER_016", "type": "email", "hour": 3, "external": true}
{"timestamp": "2026-06-03T08:45:51.012773", "user": "USER_016", "type": "email", "hour": 3, "external": true}
{"timestamp": "2026-06-03T08:45:51.513902", "user": "USER_008", "type": "email", "hour": 8, "external": false}
{"timestamp": "2026-06-03T08:45:52.015227", "user": "USER_018", "type": "file", "hour": 8, "filename": "doc_731.zip"}
{"timestamp": "2026-06-03T08:45:52.517197", "user": "USER_020", "type": "file", "hour": 8, "filename": "doc_436.zip"}
{"timestamp": "2026-06-03T08:45:53.018519", "user": "USER_010", "type": "file", "hour": 8, "filename": "doc_833.docx"}
{"timestamp": "2026-06-03T08:45:53.519489", "user": "USER_013", "type": "file", "hour": 8, "filename": "doc_284.pdf"}
{"timestamp": "2026-06-03T08:45:54.020746", "user": "USER_012", "type": "file", "hour": 8, "filename": "doc_719.docx"}
{"timestamp": "2026-06-03T08:45:55.023158", "user": "USER_017", "type": "email", "hour": 8, "external": false}
{"timestamp": "2026-06-03T08:45:55.524298", "user": "USER_013", "type": "file", "hour": 8, "filename": "doc_570.docx"}
{"timestamp": "2026-06-03T08:45:56.025609", "user": "USER_020", "type": "file", "hour": 8, "filename": "doc_909.zip"}
{"timestamp": "2026-06-03T08:45:56.526469", "user": "USER_001", "type": "device", "hour": 8, "action": "disconnect"}
{"timestamp": "2026-06-03T08:45:57.027423", "user": "USER_014", "type": "email", "hour": 8, "external": false}
{"timestamp": "2026-06-03T08:45:57.528659", "user": "USER_015", "type": "file", "hour": 8, "filename": "doc_896.zip"}
{"timestamp": "2026-06-03T08:45:58.029938", "user": "USER_017", "type": "email", "hour": 8, "external": false}
{"timestamp": "2026-06-03T08:45:58.531069", "user": "USER_004", "type": "file", "hour": 8, "filename": "doc_667.docx"}
{"timestamp": "2026-06-03T08:45:59.033348", "user": "USER_004", "type": "file", "hour": 8, "filename": "doc_450.docx"}
{"timestamp": "2026-06-03T08:45:59.535045", "user": "USER_003", "type": "logon", "hour": 8}
{"timestamp": "2026-06-03T08:46:01.038405", "user": "USER_017", "type": "email", "hour": 8, "external": false}
{"timestamp": "2026-06-03T08:46:01.540154", "user": "USER_005", "type": "email", "hour": 8, "external": false}
{"timestamp": "2026-06-03T08:46:02.542166", "user": "USER_004", "type": "email", "hour": 8, "external": false}
{"timestamp": "2026-06-03T08:46:03.043256", "user": "USER_011", "type": "file", "hour": 8, "filename": "doc_155.zip"}
{"timestamp": "2026-06-03T08:46:04.045107", "user": "USER_002", "type": "email", "hour": 8, "external": false}
{"timestamp": "2026-06-03T08:46:04.546068", "user": "USER_015", "type": "file", "hour": 8, "filename": "doc_866.pdf"}
{"timestamp": "2026-06-03T08:46:05.047630", "user": "USER_005", "type": "logon", "hour": 8}
{"timestamp": "2026-06-03T08:46:05.549916", "user": "USER_006", "type": "file", "hour": 8, "filename": "doc_840.pdf"}
{"timestamp": "2026-06-03T08:46:06.552642", "user": "USER_010", "type": "email", "hour": 8, "external": false}
{"timestamp": "2026-06-03T08:46:07.054180", "user": "USER_013", "type": "email", "hour": 8, "external": false}
{"timestamp": "2026-06-03T08:46:07.555680", "user": "USER_001", "type": "file", "hour": 8, "filename": "doc_465.pdf"}
{"timestamp": "2026-06-03T08:46:08.057003", "user": "USER_012", "type": "logon", "hour": 8}
{"timestamp": "2026-06-03T08:46:08.558416", "user": "USER_007", "type": "file", "hour": 8, "filename": "doc_172.exe"}
{"timestamp": "2026-06-03T08:46:09.059469", "user": "USER_016", "type": "logon", "hour": 8}
{"timestamp": "2026-06-03T08:46:09.560526", "user": "USER_010", "type": "file", "hour": 8, "filename": "doc_792.exe"}
{"timestamp": "2026-06-03T08:46:10.061425", "user": "USER_020", "type": "file", "hour": 8, "filename": "doc_434.pdf"}
{"timestamp": "2026-06-03T08:46:11.063086", "user": "USER_011", "type": "file", "hour": 8, "filename": "doc_243.exe"}
{"timestamp": "2026-06-03T08:46:11.564251", "user": "USER_002", "type": "device", "hour": 8, "action": "connect"}
{"timestamp": "2026-06-03T08:46:12.065270", "user": "USER_002", "type": "email", "hour": 8, "external": true}
{"timestamp": "2026-06-03T08:46:12.566150", "user": "USER_010", "type": "file", "hour": 8, "filename": "doc_840.pdf"}
{"timestamp": "2026-06-03T08:46:13.066704", "user": "USER_004", "type": "file", "hour": 8, "filename": "doc_449.exe"}
{"timestamp": "2026-06-03T08:46:14.068586", "user": "USER_002", "type": "email", "hour": 8, "external": false}
{"timestamp": "2026-06-03T08:46:14.569644", "user": "USER_016", "type": "file", "hour": 8, "filename": "doc_281.docx"}
{"timestamp": "2026-06-03T08:46:15.070728", "user": "USER_013", "type": "file", "hour": 8, "filename": "doc_448.pdf"}
{"timestamp": "2026-06-03T08:46:15.571828", "user": "USER_010", "type": "logon", "hour": 8}
{"timestamp": "2026-06-03T08:46:16.073324", "user": "USER_011", "type": "email", "hour": 8, "external": false}
{"timestamp": "2026-06-03T08:46:16.574399", "user": "USER_003", "type": "email", "hour": 8, "external": false}
{"timestamp": "2026-06-03T08:46:17.075399", "user": "USER_010", "type": "email", "hour": 8, "external": false}
{"timestamp": "2026-06-03T08:46:17.576396", "user": "USER_001", "type": "email", "hour": 8, "external": false}
{"timestamp": "2026-06-03T08:46:18.077378", "user": "USER_018", "type": "logon", "hour": 8}
{"timestamp": "2026-06-03T08:46:18.578532", "user": "USER_017", "type": "file", "hour": 8, "filename": "doc_490.zip"}
{"timestamp": "2026-06-03T08:46:19.079393", "user": "USER_008", "type": "email", "hour": 8, "external": false}
{"timestamp": "2026-06-03T08:46:19.580885", "user": "USER_011", "type": "file", "hour": 8, "filename": "doc_592.zip"}
{"timestamp": "2026-06-03T08:46:20.584192", "user": "USER_007", "type": "file", "hour": 8, "filename": "doc_474.exe"}
{"timestamp": "2026-06-03T08:46:21.086350", "user": "USER_014", "type": "email", "hour": 8, "external": false}
{"timestamp": "2026-06-03T08:46:21.589180", "user": "USER_009", "type": "email", "hour": 8, "external": false}
{"timestamp": "2026-06-03T08:46:22.090890", "user": "USER_020", "type": "file", "hour": 8, "filename": "doc_846.zip"}
{"timestamp": "2026-06-03T08:46:22.592055", "user": "USER_002", "type": "file", "hour": 8, "filename": "doc_477.zip"}
{"timestamp": "2026-06-03T08:46:23.093206", "user": "USER_013", "type": "email", "hour": 8, "external": false}
{"timestamp": "2026-06-03T08:46:23.594561", "user": "USER_020", "type": "email", "hour": 8, "external": false}
{"timestamp": "2026-06-03T08:46:24.095860", "user": "USER_008", "type": "file", "hour": 8, "filename": "doc_980.xlsx"}
{"timestamp": "2026-06-03T08:46:24.596979", "user": "USER_001", "type": "file", "hour": 8, "filename": "doc_345.pdf"}
{"timestamp": "2026-06-03T08:46:25.599521", "user": "USER_006", "type": "logon", "hour": 8}
{"timestamp": "2026-06-03T08:46:26.101310", "user": "USER_002", "type": "file", "hour": 8, "filename": "doc_917.docx"}
{"timestamp": "2026-06-03T08:46:27.104126", "user": "USER_012", "type": "email", "hour": 8, "external": false}
{"timestamp": "2026-06-03T08:46:27.605306", "user": "USER_018", "type": "device", "hour": 8, "action": "disconnect"}
{"timestamp": "2026-06-03T08:46:28.106630", "user": "USER_001", "type": "email", "hour": 8, "external": false}
{"timestamp": "2026-06-03T08:46:28.609289", "user": "USER_007", "type": "logon", "hour": 8}
{"timestamp": "2026-06-03T08:46:29.110568", "user": "USER_013", "type": "email", "hour": 8, "external": false}
{"timestamp": "2026-06-03T08:46:29.611422", "user": "USER_011", "type": "email", "hour": 8, "external": false}
{"timestamp": "2026-06-03T08:46:30.112010", "user": "USER_007", "type": "logon", "hour": 8}
{"timestamp": "2026-06-03T08:46:30.612554", "user": "USER_002", "type": "file", "hour": 8, "filename": "doc_461.pdf"}
{"timestamp": "2026-06-03T08:46:31.113285", "user": "USER_007", "type": "email", "hour": 8, "external": false}
{"timestamp": "2026-06-03T08:46:31.614371", "user": "USER_012", "type": "device", "hour": 8, "action": "connect"}
{"timestamp": "2026-06-03T08:46:32.616528", "user": "USER_004", "type": "email", "hour": 8, "external": false}
{"timestamp": "2026-06-03T08:46:33.618303", "user": "USER_003", "type": "email", "hour": 8, "external": true}
{"timestamp": "2026-06-03T08:46:34.119888", "user": "USER_003", "type": "email", "hour": 8, "external": true}
{"timestamp": "2026-06-03T08:46:34.621010", "user": "USER_020", "type": "file", "hour": 8, "filename": "doc_473.docx"}
{"timestamp": "2026-06-03T08:46:35.121922", "user": "USER_009", "type": "logon", "hour": 8}
{"timestamp": "2026-06-03T08:46:35.622956", "user": "USER_011", "type": "file", "hour": 8, "filename": "doc_683.docx"}
{"timestamp": "2026-06-03T08:46:37.125199", "user": "USER_002", "type": "file", "hour": 8, "filename": "doc_747.exe"}
{"timestamp": "2026-06-03T08:46:37.626018", "user": "USER_018", "type": "file", "hour": 8, "filename": "doc_665.xlsx"}
{"timestamp": "2026-06-03T08:46:38.627851", "user": "USER_010", "type": "file", "hour": 8, "filename": "doc_506.docx"}
{"timestamp": "2026-06-03T08:46:38.628154", "user": "USER_018", "type": "file", "hour": 3, "filename": "sensitive_data_42.zip"}
{"timestamp": "2026-06-03T08:46:38.628154", "user": "USER_018", "type": "file", "hour": 3, "filename": "sensitive_data_48.zip"}
{"timestamp": "2026-06-03T08:46:38.628154", "user": "USER_018", "type": "file", "hour": 3, "filename": "sensitive_data_89.zip"}
{"timestamp": "2026-06-03T08:46:38.628154", "user": "USER_018", "type": "file", "hour": 3, "filename": "sensitive_data_79.zip"}
{"timestamp": "2026-06-03T08:46:38.628154", "user": "USER_018", "type": "file", "hour": 3, "filename": "sensitive_data_70.zip"}
{"timestamp": "2026-06-03T08:46:38.628154", "user": "USER_018", "type": "file", "hour": 3, "filename": "sensitive_data_62.zip"}
{"timestamp": "2026-06-03T08:46:38.628154", "user": "USER_018", "type": "file", "hour": 3, "filename": "sensitive_data_85.zip"}
{"timestamp": "2026-06-03T08:46:38.628154", "user": "USER_018", "type": "file", "hour": 3, "filename": "sensitive_data_50.zip"}
{"timestamp": "2026-06-03T08:46:38.628154", "user": "USER_018", "type": "file", "hour": 3, "filename": "sensitive_data_92.zip"}
{"timestamp": "2026-06-03T08:46:38.628154", "user": "USER_018", "type": "file", "hour": 3, "filename": "sensitive_data_96.zip"}
{"timestamp": "2026-06-03T08:46:38.628154", "user": "USER_018", "type": "file", "hour": 3, "filename": "sensitive_data_83.zip"}
{"timestamp": "2026-06-03T08:46:38.628154", "user": "USER_018", "type": "file", "hour": 3, "filename": "sensitive_data_4.zip"}
{"timestamp": "2026-06-03T08:46:38.628154", "user": "USER_018", "type": "file", "hour": 3, "filename": "sensitive_data_48.zip"}
{"timestamp": "2026-06-03T08:46:38.628154", "user": "USER_018", "type": "file", "hour": 3, "filename": "sensitive_data_61.zip"}
{"timestamp": "2026-06-03T08:46:38.628154", "user": "USER_018", "type": "file", "hour": 3, "filename": "sensitive_data_82.zip"}
{"timestamp": "2026-06-03T08:46:38.628154", "user": "USER_018", "type": "file", "hour": 3, "filename": "sensitive_data_11.zip"}
{"timestamp": "2026-06-03T08:46:38.628154", "user": "USER_018", "type": "file", "hour": 3, "filename": "sensitive_data_97.zip"}
{"timestamp": "2026-06-03T08:46:38.628154", "user": "USER_018", "type": "file", "hour": 3, "filename": "sensitive_data_85.zip"}
{"timestamp": "2026-06-03T08:46:38.628154", "user": "USER_018", "type": "file", "hour": 3, "filename": "sensitive_data_81.zip"}
{"timestamp": "2026-06-03T08:46:38.628154", "user": "USER_018", "type": "file", "hour": 3, "filename": "sensitive_data_58.zip"}
{"timestamp": "2026-06-03T08:46:38.628154", "user": "USER_018", "type": "file", "hour": 3, "filename": "sensitive_data_84.zip"}
{"timestamp": "2026-06-03T08:46:38.628154", "user": "USER_018", "type": "file", "hour": 3, "filename": "sensitive_data_2.zip"}
{"timestamp": "2026-06-03T08:46:38.628154", "user": "USER_018", "type": "file", "hour": 3, "filename": "sensitive_data_10.zip"}
{"timestamp": "2026-06-03T08:46:38.628154", "user": "USER_018", "type": "file", "hour": 3, "filename": "sensitive_data_47.zip"}
{"timestamp": "2026-06-03T08:46:38.628154", "user": "USER_018", "type": "file", "hour": 3, "filename": "sensitive_data_83.zip"}
{"timestamp": "2026-06-03T08:46:38.628154", "user": "USER_018", "type": "file", "hour": 3, "filename": "sensitive_data_14.zip"}
{"timestamp": "2026-06-03T08:46:38.628154", "user": "USER_018", "type": "file", "hour": 3, "filename": "sensitive_data_14.zip"}
{"timestamp": "2026-06-03T08:46:38.628154", "user": "USER_018", "type": "file", "hour": 3, "filename": "sensitive_data_23.zip"}
{"timestamp": "2026-06-03T08:46:38.628154", "user": "USER_018", "type": "file", "hour": 3, "filename": "sensitive_data_51.zip"}
{"timestamp": "2026-06-03T08:46:38.628154", "user": "USER_018", "type": "file", "hour": 3, "filename": "sensitive_data_5.zip"}
{"timestamp": "2026-06-03T08:46:38.628154", "user": "USER_018", "type": "file", "hour": 3, "filename": "sensitive_data_6.zip"}
{"timestamp": "2026-06-03T08:46:38.628154", "user": "USER_018", "type": "file", "hour": 3, "filename": "sensitive_data_86.zip"}
{"timestamp": "2026-06-03T08:46:38.628154", "user": "USER_018", "type": "file", "hour": 3, "filename": "sensitive_data_100.zip"}
{"timestamp": "2026-06-03T08:46:38.628154", "user": "USER_018", "type": "file", "hour": 3, "filename": "sensitive_data_64.zip"}
{"timestamp": "2026-06-03T08:46:38.628154", "user": "USER_018", "type": "file", "hour": 3, "filename": "sensitive_data_53.zip"}
{"timestamp": "2026-06-03T08:46:38.628154", "user": "USER_018", "type": "file", "hour": 3, "filename": "sensitive_data_48.zip"}
{"timestamp": "2026-06-03T08:46:38.628154", "user": "USER_018", "type": "file", "hour": 3, "filename": "sensitive_data_59.zip"}
{"timestamp": "2026-06-03T08:46:38.628154", "user": "USER_018", "type": "file", "hour": 3, "filename": "sensitive_data_61.zip"}
{"timestamp": "2026-06-03T08:46:38.628154", "user": "USER_018", "type": "file", "hour": 3, "filename": "sensitive_data_22.zip"}
{"timestamp": "2026-06-03T08:46:38.628154", "user": "USER_018", "type": "file", "hour": 3, "filename": "sensitive_data_67.zip"}
{"timestamp": "2026-06-03T08:46:38.628154", "user": "USER_018", "type": "file", "hour": 3, "filename": "sensitive_data_50.zip"}
{"timestamp": "2026-06-03T08:46:38.628154", "user": "USER_018", "type": "file", "hour": 3, "filename": "sensitive_data_53.zip"}
{"timestamp": "2026-06-03T08:46:38.628154", "user": "USER_018", "type": "file", "hour": 3, "filename": "sensitive_data_48.zip"}
{"timestamp": "2026-06-03T08:46:38.628154", "user": "USER_018", "type": "file", "hour": 3, "filename": "sensitive_data_56.zip"}
{"timestamp": "2026-06-03T08:46:38.628154", "user": "USER_018", "type": "file", "hour": 3, "filename": "sensitive_data_6.zip"}
{"timestamp": "2026-06-03T08:46:38.628154", "user": "USER_018", "type": "file", "hour": 3, "filename": "sensitive_data_89.zip"}
{"timestamp": "2026-06-03T08:46:38.628154", "user": "USER_018", "type": "file", "hour": 3, "filename": "sensitive_data_57.zip"}
{"timestamp": "2026-06-03T08:46:38.628154", "user": "USER_018", "type": "file", "hour": 3, "filename": "sensitive_data_67.zip"}
{"timestamp": "2026-06-03T08:46:38.628154", "user": "USER_018", "type": "email", "hour": 3, "external": true}
{"timestamp": "2026-06-03T08:46:38.628154", "user": "USER_018", "type": "email", "hour": 3, "external": true}
{"timestamp": "2026-06-03T08:46:38.628154", "user": "USER_018", "type": "email", "hour": 3, "external": true}
{"timestamp": "2026-06-03T08:46:38.628154", "user": "USER_018", "type": "email", "hour": 3, "external": true}
{"timestamp": "2026-06-03T08:46:38.628154", "user": "USER_018", "type": "email", "hour": 3, "external": true}
{"timestamp": "2026-06-03T08:46:38.628154", "user": "USER_018", "type": "email", "hour": 3, "external": true}
{"timestamp": "2026-06-03T08:46:38.628154", "user": "USER_018", "type": "email", "hour": 3, "external": true}
{"timestamp": "2026-06-03T08:46:38.628154", "user": "USER_018", "type": "email", "hour": 3, "external": true}
{"timestamp": "2026-06-03T08:46:38.628154", "user": "USER_018", "type": "email", "hour": 3, "external": true}
{"timestamp": "2026-06-03T08:46:38.628154", "user": "USER_018", "type": "email", "hour": 3, "external": true}
{"timestamp": "2026-06-03T08:46:38.628154", "user": "USER_018", "type": "email", "hour": 3, "external": true}
{"timestamp": "2026-06-03T08:46:38.628154", "user": "USER_018", "type": "email", "hour": 3, "external": true}
{"timestamp": "2026-06-03T08:46:38.628154", "user": "USER_018", "type": "email", "hour": 3, "external": true}
{"timestamp": "2026-06-03T08:46:38.628154", "user": "USER_018", "type": "email", "hour": 3, "external": true}
{"timestamp": "2026-06-03T08:46:39.129275", "user": "USER_001", "type": "email", "hour": 8, "external": false}
{"timestamp": "2026-06-03T08:46:39.630022", "user": "USER_009", "type": "email", "hour": 8, "external": false}
{"timestamp": "2026-06-03T08:46:40.631903", "user": "USER_001", "type": "file", "hour": 8, "filename": "doc_411.xlsx"}
{"timestamp": "2026-06-03T08:46:41.134351", "user": "USER_003", "type": "logon", "hour": 8}
{"timestamp": "2026-06-03T08:46:41.635724", "user": "USER_012", "type": "file", "hour": 8, "filename": "doc_285.xlsx"}
{"timestamp": "2026-06-03T08:46:42.137044", "user": "USER_012", "type": "email", "hour": 8, "external": false}
{"timestamp": "2026-06-03T08:46:42.637951", "user": "USER_017", "type": "file", "hour": 8, "filename": "doc_527.zip"}
{"timestamp": "2026-06-03T08:46:43.639729", "user": "USER_016", "type": "file", "hour": 8, "filename": "doc_383.zip"}
{"timestamp": "2026-06-03T08:46:44.140612", "user": "USER_002", "type": "file", "hour": 8, "filename": "doc_100.xlsx"}
{"timestamp": "2026-06-03T08:46:44.641973", "user": "USER_019", "type": "file", "hour": 8, "filename": "doc_912.xlsx"}
{"timestamp": "2026-06-03T08:46:45.143283", "user": "USER_007", "type": "file", "hour": 8, "filename": "doc_324.zip"}
{"timestamp": "2026-06-03T08:46:45.644259", "user": "USER_018", "type": "device", "hour": 8, "action": "connect"}
{"timestamp": "2026-06-03T08:46:46.145781", "user": "USER_004", "type": "email", "hour": 8, "external": false}
{"timestamp": "2026-06-03T08:46:46.647695", "user": "USER_001", "type": "email", "hour": 8, "external": false}
{"timestamp": "2026-06-03T08:46:47.151217", "user": "USER_018", "type": "file", "hour": 8, "filename": "doc_277.exe"}
{"timestamp": "2026-06-03T08:46:48.154384", "user": "USER_009", "type": "file", "hour": 8, "filename": "doc_863.zip"}
{"timestamp": "2026-06-03T08:46:48.655035", "user": "USER_020", "type": "logon", "hour": 8}
{"timestamp": "2026-06-03T08:46:49.656741", "user": "USER_016", "type": "file", "hour": 8, "filename": "doc_249.exe"}
{"timestamp": "2026-06-03T08:46:50.158036", "user": "USER_011", "type": "file", "hour": 8, "filename": "doc_738.docx"}
{"timestamp": "2026-06-03T08:46:50.658758", "user": "USER_018", "type": "email", "hour": 8, "external": true}
{"timestamp": "2026-06-03T08:46:51.159849", "user": "USER_005", "type": "file", "hour": 8, "filename": "doc_936.exe"}
{"timestamp": "2026-06-03T08:46:51.660761", "user": "USER_018", "type": "file", "hour": 8, "filename": "doc_401.exe"}
{"timestamp": "2026-06-03T08:46:52.161575", "user": "USER_007", "type": "device", "hour": 8, "action": "connect"}
{"timestamp": "2026-06-03T08:46:52.662752", "user": "USER_020", "type": "file", "hour": 8, "filename": "doc_429.zip"}
{"timestamp": "2026-06-03T08:46:52.663156", "user": "USER_007", "type": "file", "hour": 3, "filename": "sensitive_data_27.zip"}
{"timestamp": "2026-06-03T08:46:52.663156", "user": "USER_007", "type": "file", "hour": 3, "filename": "sensitive_data_51.zip"}
{"timestamp": "2026-06-03T08:46:52.663156", "user": "USER_007", "type": "file", "hour": 3, "filename": "sensitive_data_82.zip"}
{"timestamp": "2026-06-03T08:46:52.663156", "user": "USER_007", "type": "file", "hour": 3, "filename": "sensitive_data_1.zip"}
{"timestamp": "2026-06-03T08:46:52.663156", "user": "USER_007", "type": "file", "hour": 3, "filename": "sensitive_data_33.zip"}
{"timestamp": "2026-06-03T08:46:52.663156", "user": "USER_007", "type": "file", "hour": 3, "filename": "sensitive_data_12.zip"}
{"timestamp": "2026-06-03T08:46:52.663156", "user": "USER_007", "type": "file", "hour": 3, "filename": "sensitive_data_25.zip"}
{"timestamp": "2026-06-03T08:46:52.663156", "user": "USER_007", "type": "file", "hour": 3, "filename": "sensitive_data_74.zip"}
{"timestamp": "2026-06-03T08:46:52.663156", "user": "USER_007", "type": "file", "hour": 3, "filename": "sensitive_data_35.zip"}
{"timestamp": "2026-06-03T08:46:52.663156", "user": "USER_007", "type": "file", "hour": 3, "filename": "sensitive_data_2.zip"}
{"timestamp": "2026-06-03T08:46:52.663156", "user": "USER_007", "type": "file", "hour": 3, "filename": "sensitive_data_61.zip"}
{"timestamp": "2026-06-03T08:46:52.663156", "user": "USER_007", "type": "file", "hour": 3, "filename": "sensitive_data_95.zip"}
{"timestamp": "2026-06-03T08:46:52.663156", "user": "USER_007", "type": "file", "hour": 3, "filename": "sensitive_data_25.zip"}
{"timestamp": "2026-06-03T08:46:52.663156", "user": "USER_007", "type": "file", "hour": 3, "filename": "sensitive_data_10.zip"}
{"timestamp": "2026-06-03T08:46:52.663156", "user": "USER_007", "type": "file", "hour": 3, "filename": "sensitive_data_64.zip"}
{"timestamp": "2026-06-03T08:46:52.663156", "user": "USER_007", "type": "file", "hour": 3, "filename": "sensitive_data_26.zip"}
{"timestamp": "2026-06-03T08:46:52.663156", "user": "USER_007", "type": "file", "hour": 3, "filename": "sensitive_data_1.zip"}
{"timestamp": "2026-06-03T08:46:52.663156", "user": "USER_007", "type": "file", "hour": 3, "filename": "sensitive_data_79.zip"}
{"timestamp": "2026-06-03T08:46:52.663156", "user": "USER_007", "type": "file", "hour": 3, "filename": "sensitive_data_76.zip"}
{"timestamp": "2026-06-03T08:46:52.663156", "user": "USER_007", "type": "file", "hour": 3, "filename": "sensitive_data_74.zip"}
{"timestamp": "2026-06-03T08:46:52.663156", "user": "USER_007", "type": "file", "hour": 3, "filename": "sensitive_data_100.zip"}
{"timestamp": "2026-06-03T08:46:52.663156", "user": "USER_007", "type": "file", "hour": 3, "filename": "sensitive_data_91.zip"}
{"timestamp": "2026-06-03T08:46:52.663156", "user": "USER_007", "type": "file", "hour": 3, "filename": "sensitive_data_89.zip"}
{"timestamp": "2026-06-03T08:46:52.663156", "user": "USER_007", "type": "file", "hour": 3, "filename": "sensitive_data_18.zip"}
{"timestamp": "2026-06-03T08:46:52.663156", "user": "USER_007", "type": "file", "hour": 3, "filename": "sensitive_data_44.zip"}
{"timestamp": "2026-06-03T08:46:52.663156", "user": "USER_007", "type": "file", "hour": 3, "filename": "sensitive_data_25.zip"}
{"timestamp": "2026-06-03T08:46:52.663156", "user": "USER_007", "type": "file", "hour": 3, "filename": "sensitive_data_32.zip"}
{"timestamp": "2026-06-03T08:46:52.663156", "user": "USER_007", "type": "file", "hour": 3, "filename": "sensitive_data_35.zip"}
{"timestamp": "2026-06-03T08:46:52.663156", "user": "USER_007", "type": "file", "hour": 3, "filename": "sensitive_data_18.zip"}
{"timestamp": "2026-06-03T08:46:52.663156", "user": "USER_007", "type": "file", "hour": 3, "filename": "sensitive_data_85.zip"}
{"timestamp": "2026-06-03T08:46:52.663156", "user": "USER_007", "type": "email", "hour": 3, "external": true}
{"timestamp": "2026-06-03T08:46:52.663156", "user": "USER_007", "type": "email", "hour": 3, "external": true}
{"timestamp": "2026-06-03T08:46:52.663156", "user": "USER_007", "type": "email", "hour": 3, "external": true}
{"timestamp": "2026-06-03T08:46:52.663156", "user": "USER_007", "type": "email", "hour": 3, "external": true}
{"timestamp": "2026-06-03T08:46:52.663156", "user": "USER_007", "type": "email", "hour": 3, "external": true}
{"timestamp": "2026-06-03T08:46:52.663156", "user": "USER_007", "type": "email", "hour": 3, "external": true}
{"timestamp": "2026-06-03T08:46:52.663156", "user": "USER_007", "type": "email", "hour": 3, "external": true}
{"timestamp": "2026-06-03T08:46:52.663156", "user": "USER_007", "type": "email", "hour": 3, "external": true}
{"timestamp": "2026-06-03T08:46:52.663156", "user": "USER_007", "type": "email", "hour": 3, "external": true}
{"timestamp": "2026-06-03T08:46:52.663156", "user": "USER_007", "type": "email", "hour": 3, "external": true}
{"timestamp": "2026-06-03T08:46:52.663156", "user": "USER_007", "type": "email", "hour": 3, "external": true}
{"timestamp": "2026-06-03T08:46:53.164347", "user": "USER_009", "type": "email", "hour": 8, "external": false}
{"timestamp": "2026-06-03T08:46:53.666165", "user": "USER_011", "type": "file", "hour": 8, "filename": "doc_312.zip"}
{"timestamp": "2026-06-03T08:46:54.167695", "user": "USER_009", "type": "email", "hour": 8, "external": true}
{"timestamp": "2026-06-03T08:46:55.169648", "user": "USER_013", "type": "file", "hour": 8, "filename": "doc_990.xlsx"}
{"timestamp": "2026-06-03T08:46:55.670488", "user": "USER_012", "type": "email", "hour": 8, "external": false}
{"timestamp": "2026-06-03T08:46:57.172634", "user": "USER_017", "type": "file", "hour": 8, "filename": "doc_340.exe"}
{"timestamp": "2026-06-03T08:46:57.673557", "user": "USER_015", "type": "logon", "hour": 8}
{"timestamp": "2026-06-03T08:46:58.174941", "user": "USER_008", "type": "email", "hour": 8, "external": false}
{"timestamp": "2026-06-03T08:46:59.176839", "user": "USER_013", "type": "file", "hour": 8, "filename": "doc_455.xlsx"}
{"timestamp": "2026-06-03T08:46:59.677729", "user": "USER_012", "type": "device", "hour": 8, "action": "connect"}
{"timestamp": "2026-06-03T08:47:00.179040", "user": "USER_002", "type": "file", "hour": 8, "filename": "doc_835.pdf"}
{"timestamp": "2026-06-03T08:47:00.680501", "user": "USER_001", "type": "file", "hour": 8, "filename": "doc_986.zip"}
{"timestamp": "2026-06-03T08:47:01.182127", "user": "USER_005", "type": "file", "hour": 8, "filename": "doc_879.pdf"}
{"timestamp": "2026-06-03T08:47:01.685776", "user": "USER_007", "type": "file", "hour": 8, "filename": "doc_236.zip"}
{"timestamp": "2026-06-03T08:47:02.188187", "user": "USER_007", "type": "file", "hour": 8, "filename": "doc_337.pdf"}
{"timestamp": "2026-06-03T08:47:02.689632", "user": "USER_012", "type": "email", "hour": 8, "external": true}
{"timestamp": "2026-06-03T08:47:03.691490", "user": "USER_018", "type": "file", "hour": 8, "filename": "doc_450.xlsx"}
{"timestamp": "2026-06-03T08:47:04.192517", "user": "USER_007", "type": "logon", "hour": 8}
{"timestamp": "2026-06-03T08:47:04.693777", "user": "USER_019", "type": "file", "hour": 8, "filename": "doc_767.pdf"}
{"timestamp": "2026-06-03T08:47:05.194773", "user": "USER_011", "type": "email", "hour": 8, "external": false}
{"timestamp": "2026-06-03T08:47:05.695641", "user": "USER_020", "type": "file", "hour": 8, "filename": "doc_667.docx"}
{"timestamp": "2026-06-03T08:47:06.196500", "user": "USER_014", "type": "device", "hour": 8, "action": "connect"}
{"timestamp": "2026-06-03T08:47:06.697341", "user": "USER_019", "type": "file", "hour": 8, "filename": "doc_641.zip"}
{"timestamp": "2026-06-03T08:47:07.198527", "user": "USER_002", "type": "email", "hour": 8, "external": false}
{"timestamp": "2026-06-03T08:47:08.202467", "user": "USER_003", "type": "logon", "hour": 8}
{"timestamp": "2026-06-03T08:47:08.703791", "user": "USER_002", "type": "file", "hour": 8, "filename": "doc_504.exe"}
{"timestamp": "2026-06-03T08:47:09.204624", "user": "USER_009", "type": "email", "hour": 8, "external": true}
{"timestamp": "2026-06-03T08:47:09.705383", "user": "USER_001", "type": "email", "hour": 8, "external": false}
{"timestamp": "2026-06-03T08:47:10.206260", "user": "USER_011", "type": "file", "hour": 8, "filename": "doc_692.exe"}
{"timestamp": "2026-06-03T08:47:10.707236", "user": "USER_001", "type": "email", "hour": 8, "external": true}
{"timestamp": "2026-06-03T08:47:11.708984", "user": "USER_018", "type": "email", "hour": 8, "external": true}
{"timestamp": "2026-06-03T08:47:12.209978", "user": "USER_007", "type": "email", "hour": 8, "external": false}
{"timestamp": "2026-06-03T08:47:13.712554", "user": "USER_019", "type": "logon", "hour": 8}
{"timestamp": "2026-06-03T08:47:14.213533", "user": "USER_010", "type": "file", "hour": 8, "filename": "doc_245.exe"}
{"timestamp": "2026-06-03T08:47:14.714655", "user": "USER_012", "type": "file", "hour": 8, "filename": "doc_680.docx"}
{"timestamp": "2026-06-03T08:47:15.216643", "user": "USER_017", "type": "logon", "hour": 8}
{"timestamp": "2026-06-03T08:47:15.717425", "user": "USER_013", "type": "email", "hour": 8, "external": false}
{"timestamp": "2026-06-03T08:47:16.218307", "user": "USER_003", "type": "logon", "hour": 8}
{"timestamp": "2026-06-03T08:47:16.719080", "user": "USER_003", "type": "file", "hour": 8, "filename": "doc_770.pdf"}
{"timestamp": "2026-06-03T08:47:17.220241", "user": "USER_011", "type": "file", "hour": 8, "filename": "doc_434.xlsx"}
{"timestamp": "2026-06-03T08:47:17.721320", "user": "USER_013", "type": "email", "hour": 8, "external": false}
{"timestamp": "2026-06-03T08:47:18.222444", "user": "USER_015", "type": "email", "hour": 8, "external": true}
{"timestamp": "2026-06-03T08:47:19.223774", "user": "USER_010", "type": "file", "hour": 8, "filename": "doc_417.exe"}
{"timestamp": "2026-06-03T08:47:19.724845", "user": "USER_010", "type": "device", "hour": 8, "action": "connect"}
{"timestamp": "2026-06-03T08:47:20.225554", "user": "USER_009", "type": "file", "hour": 8, "filename": "doc_962.zip"}
{"timestamp": "2026-06-03T08:47:21.226773", "user": "USER_014", "type": "file", "hour": 8, "filename": "doc_107.zip"}
{"timestamp": "2026-06-03T08:47:21.727581", "user": "USER_018", "type": "file", "hour": 8, "filename": "doc_993.exe"}
{"timestamp": "2026-06-03T08:47:22.728820", "user": "USER_018", "type": "email", "hour": 8, "external": false}
{"timestamp": "2026-06-03T08:47:23.230200", "user": "USER_012", "type": "email", "hour": 8, "external": false}
{"timestamp": "2026-06-03T08:47:23.730899", "user": "USER_013", "type": "email", "hour": 8, "external": true}
{"timestamp": "2026-06-03T08:47:24.232346", "user": "USER_002", "type": "email", "hour": 8, "external": true}
{"timestamp": "2026-06-03T08:47:24.734239", "user": "USER_016", "type": "file", "hour": 8, "filename": "doc_628.pdf"}
{"timestamp": "2026-06-03T08:47:25.235379", "user": "USER_018", "type": "email", "hour": 8, "external": true}
{"timestamp": "2026-06-03T08:47:25.736375", "user": "USER_002", "type": "email", "hour": 8, "external": false}
{"timestamp": "2026-06-03T08:47:26.237984", "user": "USER_018", "type": "email", "hour": 8, "external": false}
{"timestamp": "2026-06-03T08:47:26.738652", "user": "USER_009", "type": "email", "hour": 8, "external": true}
{"timestamp": "2026-06-03T08:47:27.239476", "user": "USER_019", "type": "file", "hour": 8, "filename": "doc_257.xlsx"}
{"timestamp": "2026-06-03T08:47:27.740308", "user": "USER_001", "type": "device", "hour": 8, "action": "disconnect"}
{"timestamp": "2026-06-03T08:47:28.241083", "user": "USER_016", "type": "device", "hour": 8, "action": "connect"}
{"timestamp": "2026-06-03T08:47:28.741806", "user": "USER_004", "type": "logon", "hour": 8}
{"timestamp": "2026-06-03T08:47:29.242638", "user": "USER_010", "type": "device", "hour": 8, "action": "disconnect"}
{"timestamp": "2026-06-03T08:47:29.743254", "user": "USER_010", "type": "device", "hour": 8, "action": "connect"}
{"timestamp": "2026-06-03T08:47:30.244422", "user": "USER_003", "type": "file", "hour": 8, "filename": "doc_963.docx"}
{"timestamp": "2026-06-03T08:47:30.745373", "user": "USER_017", "type": "device", "hour": 8, "action": "disconnect"}
{"timestamp": "2026-06-03T08:47:31.246549", "user": "USER_008", "type": "email", "hour": 8, "external": true}
{"timestamp": "2026-06-03T08:47:31.747716", "user": "USER_006", "type": "file", "hour": 8, "filename": "doc_155.xlsx"}
{"timestamp": "2026-06-03T08:47:32.248680", "user": "USER_015", "type": "file", "hour": 8, "filename": "doc_423.zip"}
{"timestamp": "2026-06-03T08:47:32.750739", "user": "USER_009", "type": "file", "hour": 8, "filename": "doc_683.exe"}
{"timestamp": "2026-06-03T08:47:33.252349", "user": "USER_009", "type": "logon", "hour": 8}
{"timestamp": "2026-06-03T08:47:33.753379", "user": "USER_012", "type": "file", "hour": 8, "filename": "doc_553.exe"}
{"timestamp": "2026-06-03T08:47:34.254098", "user": "USER_020", "type": "file", "hour": 8, "filename": "doc_758.zip"}
{"timestamp": "2026-06-03T08:47:36.257053", "user": "USER_013", "type": "file", "hour": 8, "filename": "doc_349.pdf"}
{"timestamp": "2026-06-03T08:47:36.758513", "user": "USER_009", "type": "file", "hour": 3, "filename": "sensitive_data_28.zip"}
{"timestamp": "2026-06-03T08:47:36.758513", "user": "USER_009", "type": "file", "hour": 3, "filename": "sensitive_data_1.zip"}
{"timestamp": "2026-06-03T08:47:36.758513", "user": "USER_009", "type": "file", "hour": 3, "filename": "sensitive_data_3.zip"}
{"timestamp": "2026-06-03T08:47:36.758513", "user": "USER_009", "type": "file", "hour": 3, "filename": "sensitive_data_86.zip"}
{"timestamp": "2026-06-03T08:47:36.758513", "user": "USER_009", "type": "file", "hour": 3, "filename": "sensitive_data_83.zip"}
{"timestamp": "2026-06-03T08:47:36.758513", "user": "USER_009", "type": "file", "hour": 3, "filename": "sensitive_data_57.zip"}
{"timestamp": "2026-06-03T08:47:36.758513", "user": "USER_009", "type": "file", "hour": 3, "filename": "sensitive_data_42.zip"}
{"timestamp": "2026-06-03T08:47:36.758513", "user": "USER_009", "type": "file", "hour": 3, "filename": "sensitive_data_45.zip"}
{"timestamp": "2026-06-03T08:47:36.758513", "user": "USER_009", "type": "file", "hour": 3, "filename": "sensitive_data_59.zip"}
{"timestamp": "2026-06-03T08:47:36.758513", "user": "USER_009", "type": "file", "hour": 3, "filename": "sensitive_data_98.zip"}
{"timestamp": "2026-06-03T08:47:36.758513", "user": "USER_009", "type": "file", "hour": 3, "filename": "sensitive_data_69.zip"}
{"timestamp": "2026-06-03T08:47:36.758513", "user": "USER_009", "type": "file", "hour": 3, "filename": "sensitive_data_93.zip"}
{"timestamp": "2026-06-03T08:47:36.758513", "user": "USER_009", "type": "file", "hour": 3, "filename": "sensitive_data_62.zip"}
{"timestamp": "2026-06-03T08:47:36.758513", "user": "USER_009", "type": "file", "hour": 3, "filename": "sensitive_data_10.zip"}
{"timestamp": "2026-06-03T08:47:36.758513", "user": "USER_009", "type": "file", "hour": 3, "filename": "sensitive_data_42.zip"}
{"timestamp": "2026-06-03T08:47:36.758513", "user": "USER_009", "type": "file", "hour": 3, "filename": "sensitive_data_85.zip"}
{"timestamp": "2026-06-03T08:47:36.758513", "user": "USER_009", "type": "file", "hour": 3, "filename": "sensitive_data_90.zip"}
{"timestamp": "2026-06-03T08:47:36.758513", "user": "USER_009", "type": "file", "hour": 3, "filename": "sensitive_data_44.zip"}
{"timestamp": "2026-06-03T08:47:36.758513", "user": "USER_009", "type": "file", "hour": 3, "filename": "sensitive_data_3.zip"}
{"timestamp": "2026-06-03T08:47:36.758513", "user": "USER_009", "type": "file", "hour": 3, "filename": "sensitive_data_87.zip"}
{"timestamp": "2026-06-03T08:47:36.758513", "user": "USER_009", "type": "file", "hour": 3, "filename": "sensitive_data_67.zip"}
{"timestamp": "2026-06-03T08:47:36.758513", "user": "USER_009", "type": "file", "hour": 3, "filename": "sensitive_data_25.zip"}
{"timestamp": "2026-06-03T08:47:36.758513", "user": "USER_009", "type": "file", "hour": 3, "filename": "sensitive_data_98.zip"}
{"timestamp": "2026-06-03T08:47:36.758513", "user": "USER_009", "type": "file", "hour": 3, "filename": "sensitive_data_53.zip"}
{"timestamp": "2026-06-03T08:47:36.758513", "user": "USER_009", "type": "file", "hour": 3, "filename": "sensitive_data_75.zip"}
{"timestamp": "2026-06-03T08:47:36.758513", "user": "USER_009", "type": "file", "hour": 3, "filename": "sensitive_data_56.zip"}
{"timestamp": "2026-06-03T08:47:36.758513", "user": "USER_009", "type": "file", "hour": 3, "filename": "sensitive_data_23.zip"}
{"timestamp": "2026-06-03T08:47:36.758513", "user": "USER_009", "type": "file", "hour": 3, "filename": "sensitive_data_34.zip"}
{"timestamp": "2026-06-03T08:47:36.758513", "user": "USER_009", "type": "file", "hour": 3, "filename": "sensitive_data_96.zip"}
{"timestamp": "2026-06-03T08:47:36.758513", "user": "USER_009", "type": "file", "hour": 3, "filename": "sensitive_data_83.zip"}
{"timestamp": "2026-06-03T08:47:36.758513", "user": "USER_009", "type": "file", "hour": 3, "filename": "sensitive_data_86.zip"}
{"timestamp": "2026-06-03T08:47:36.758513", "user": "USER_009", "type": "file", "hour": 3, "filename": "sensitive_data_83.zip"}
{"timestamp": "2026-06-03T08:47:36.758513", "user": "USER_009", "type": "file", "hour": 3, "filename": "sensitive_data_73.zip"}
{"timestamp": "2026-06-03T08:47:36.758513", "user": "USER_009", "type": "file", "hour": 3, "filename": "sensitive_data_78.zip"}
{"timestamp": "2026-06-03T08:47:36.758513", "user": "USER_009", "type": "file", "hour": 3, "filename": "sensitive_data_47.zip"}
{"timestamp": "2026-06-03T08:47:36.758513", "user": "USER_009", "type": "file", "hour": 3, "filename": "sensitive_data_80.zip"}
{"timestamp": "2026-06-03T08:47:36.758513", "user": "USER_009", "type": "file", "hour": 3, "filename": "sensitive_data_99.zip"}
{"timestamp": "2026-06-03T08:47:36.758513", "user": "USER_009", "type": "file", "hour": 3, "filename": "sensitive_data_97.zip"}
{"timestamp": "2026-06-03T08:47:36.758513", "user": "USER_009", "type": "file", "hour": 3, "filename": "sensitive_data_95.zip"}
{"timestamp": "2026-06-03T08:47:36.758513", "user": "USER_009", "type": "file", "hour": 3, "filename": "sensitive_data_99.zip"}
{"timestamp": "2026-06-03T08:47:36.758513", "user": "USER_009", "type": "file", "hour": 3, "filename": "sensitive_data_15.zip"}
{"timestamp": "2026-06-03T08:47:36.758513", "user": "USER_009", "type": "file", "hour": 3, "filename": "sensitive_data_80.zip"}
{"timestamp": "2026-06-03T08:47:36.758513", "user": "USER_009", "type": "file", "hour": 3, "filename": "sensitive_data_90.zip"}
{"timestamp": "2026-06-03T08:47:36.758513", "user": "USER_009", "type": "file", "hour": 3, "filename": "sensitive_data_51.zip"}
{"timestamp": "2026-06-03T08:47:36.758513", "user": "USER_009", "type": "file", "hour": 3, "filename": "sensitive_data_56.zip"}
{"timestamp": "2026-06-03T08:47:36.758513", "user": "USER_009", "type": "email", "hour": 3, "external": true}
{"timestamp": "2026-06-03T08:47:36.758513", "user": "USER_009", "type": "email", "hour": 3, "external": true}
{"timestamp": "2026-06-03T08:47:36.758513", "user": "USER_009", "type": "email", "hour": 3, "external": true}
{"timestamp": "2026-06-03T08:47:36.758513", "user": "USER_009", "type": "email", "hour": 3, "external": true}
{"timestamp": "2026-06-03T08:47:36.758513", "user": "USER_009", "type": "email", "hour": 3, "external": true}
{"timestamp": "2026-06-03T08:47:36.758513", "user": "USER_009", "type": "email", "hour": 3, "external": true}
{"timestamp": "2026-06-03T08:47:36.758513", "user": "USER_009", "type": "email", "hour": 3, "external": true}
{"timestamp": "2026-06-03T08:47:36.758513", "user": "USER_009", "type": "email", "hour": 3, "external": true}
{"timestamp": "2026-06-03T08:47:36.758513", "user": "USER_009", "type": "email", "hour": 3, "external": true}
{"timestamp": "2026-06-03T08:47:36.758513", "user": "USER_009", "type": "email", "hour": 3, "external": true}
{"timestamp": "2026-06-03T08:47:36.758513", "user": "USER_009", "type": "email", "hour": 3, "external": true}
{"timestamp": "2026-06-03T08:47:36.758513", "user": "USER_009", "type": "email", "hour": 3, "external": true}
{"timestamp": "2026-06-03T08:47:36.758513", "user": "USER_009", "type": "email", "hour": 3, "external": true}
{"timestamp": "2026-06-03T08:47:36.758513", "user": "USER_009", "type": "email", "hour": 3, "external": true}
{"timestamp": "2026-06-03T08:47:36.758513", "user": "USER_009", "type": "email", "hour": 3, "external": true}
{"timestamp": "2026-06-03T08:47:36.758513", "user": "USER_009", "type": "email", "hour": 3, "external": true}
{"timestamp": "2026-06-03T08:47:36.758513", "user": "USER_009", "type": "email", "hour": 3, "external": true}
{"timestamp": "2026-06-03T08:47:36.758513", "user": "USER_009", "type": "email", "hour": 3, "external": true}
{"timestamp": "2026-06-03T08:47:36.758513", "user": "USER_009", "type": "email", "hour": 3, "external": true}
{"timestamp": "2026-06-03T08:47:36.758513", "user": "USER_009", "type": "email", "hour": 3, "external": true}
{"timestamp": "2026-06-03T08:47:37.259614", "user": "USER_007", "type": "email", "hour": 8, "external": true}
{"timestamp": "2026-06-03T08:47:37.760604", "user": "USER_017", "type": "email", "hour": 8, "external": true}
{"timestamp": "2026-06-03T08:47:38.762660", "user": "USER_013", "type": "file", "hour": 8, "filename": "doc_439.docx"}
{"timestamp": "2026-06-03T08:47:39.263537", "user": "USER_010", "type": "email", "hour": 8, "external": true}
{"timestamp": "2026-06-03T08:47:39.764570", "user": "USER_007", "type": "file", "hour": 8, "filename": "doc_988.docx"}
{"timestamp": "2026-06-03T08:47:40.766919", "user": "USER_003", "type": "logon", "hour": 8}
{"timestamp": "2026-06-03T08:47:41.267898", "user": "USER_013", "type": "email", "hour": 8, "external": false}
{"timestamp": "2026-06-03T08:47:41.768782", "user": "USER_013", "type": "file", "hour": 8, "filename": "doc_798.exe"}
{"timestamp": "2026-06-03T08:47:42.269319", "user": "USER_003", "type": "email", "hour": 8, "external": false}
{"timestamp": "2026-06-03T08:47:42.770092", "user": "USER_018", "type": "email", "hour": 8, "external": false}
{"timestamp": "2026-06-03T08:47:43.271354", "user": "USER_020", "type": "file", "hour": 8, "filename": "doc_748.xlsx"}
{"timestamp": "2026-06-03T08:47:43.772184", "user": "USER_002", "type": "email", "hour": 8, "external": true}
{"timestamp": "2026-06-03T08:47:44.273119", "user": "USER_012", "type": "email", "hour": 8, "external": false}
{"timestamp": "2026-06-03T08:47:44.773906", "user": "USER_019", "type": "email", "hour": 8, "external": true}
{"timestamp": "2026-06-03T08:47:45.274732", "user": "USER_014", "type": "email", "hour": 8, "external": false}
{"timestamp": "2026-06-03T08:47:45.775456", "user": "USER_009", "type": "file", "hour": 8, "filename": "doc_900.xlsx"}
{"timestamp": "2026-06-03T08:47:46.276123", "user": "USER_020", "type": "file", "hour": 8, "filename": "doc_624.pdf"}
{"timestamp": "2026-06-03T08:47:46.776917", "user": "USER_012", "type": "email", "hour": 8, "external": false}
{"timestamp": "2026-06-03T08:47:47.778743", "user": "USER_020", "type": "file", "hour": 8, "filename": "doc_198.xlsx"}
{"timestamp": "2026-06-03T08:47:48.279760", "user": "USER_002", "type": "file", "hour": 8, "filename": "doc_427.pdf"}
{"timestamp": "2026-06-03T08:47:48.780669", "user": "USER_014", "type": "file", "hour": 8, "filename": "doc_285.zip"}
{"timestamp": "2026-06-03T08:47:49.281592", "user": "USER_018", "type": "email", "hour": 8, "external": false}
{"timestamp": "2026-06-03T08:47:49.784072", "user": "USER_018", "type": "file", "hour": 8, "filename": "doc_858.exe"}
{"timestamp": "2026-06-03T08:47:50.284837", "user": "USER_012", "type": "file", "hour": 8, "filename": "doc_530.zip"}
{"timestamp": "2026-06-03T08:47:51.286363", "user": "USER_006", "type": "file", "hour": 8, "filename": "doc_951.exe"}
{"timestamp": "2026-06-03T08:47:51.787739", "user": "USER_014", "type": "file", "hour": 8, "filename": "doc_882.xlsx"}
{"timestamp": "2026-06-03T08:47:52.288737", "user": "USER_004", "type": "email", "hour": 8, "external": false}
{"timestamp": "2026-06-03T08:47:52.289110", "user": "USER_011", "type": "file", "hour": 3, "filename": "sensitive_data_13.zip"}
{"timestamp": "2026-06-03T08:47:52.289110", "user": "USER_011", "type": "file", "hour": 3, "filename": "sensitive_data_89.zip"}
{"timestamp": "2026-06-03T08:47:52.289110", "user": "USER_011", "type": "file", "hour": 3, "filename": "sensitive_data_15.zip"}
{"timestamp": "2026-06-03T08:47:52.289110", "user": "USER_011", "type": "file", "hour": 3, "filename": "sensitive_data_7.zip"}
{"timestamp": "2026-06-03T08:47:52.289110", "user": "USER_011", "type": "file", "hour": 3, "filename": "sensitive_data_18.zip"}
{"timestamp": "2026-06-03T08:47:52.289110", "user": "USER_011", "type": "file", "hour": 3, "filename": "sensitive_data_80.zip"}
{"timestamp": "2026-06-03T08:47:52.289110", "user": "USER_011", "type": "file", "hour": 3, "filename": "sensitive_data_56.zip"}
{"timestamp": "2026-06-03T08:47:52.289110", "user": "USER_011", "type": "file", "hour": 3, "filename": "sensitive_data_11.zip"}
{"timestamp": "2026-06-03T08:47:52.289110", "user": "USER_011", "type": "file", "hour": 3, "filename": "sensitive_data_2.zip"}
{"timestamp": "2026-06-03T08:47:52.289110", "user": "USER_011", "type": "file", "hour": 3, "filename": "sensitive_data_54.zip"}
{"timestamp": "2026-06-03T08:47:52.289110", "user": "USER_011", "type": "file", "hour": 3, "filename": "sensitive_data_7.zip"}
{"timestamp": "2026-06-03T08:47:52.289110", "user": "USER_011", "type": "file", "hour": 3, "filename": "sensitive_data_20.zip"}
{"timestamp": "2026-06-03T08:47:52.289110", "user": "USER_011", "type": "file", "hour": 3, "filename": "sensitive_data_20.zip"}
{"timestamp": "2026-06-03T08:47:52.289110", "user": "USER_011", "type": "file", "hour": 3, "filename": "sensitive_data_86.zip"}
{"timestamp": "2026-06-03T08:47:52.289110", "user": "USER_011", "type": "file", "hour": 3, "filename": "sensitive_data_43.zip"}
{"timestamp": "2026-06-03T08:47:52.289110", "user": "USER_011", "type": "file", "hour": 3, "filename": "sensitive_data_71.zip"}
{"timestamp": "2026-06-03T08:47:52.289110", "user": "USER_011", "type": "file", "hour": 3, "filename": "sensitive_data_16.zip"}
{"timestamp": "2026-06-03T08:47:52.289110", "user": "USER_011", "type": "file", "hour": 3, "filename": "sensitive_data_37.zip"}
{"timestamp": "2026-06-03T08:47:52.289110", "user": "USER_011", "type": "file", "hour": 3, "filename": "sensitive_data_55.zip"}
{"timestamp": "2026-06-03T08:47:52.289110", "user": "USER_011", "type": "file", "hour": 3, "filename": "sensitive_data_24.zip"}
{"timestamp": "2026-06-03T08:47:52.289110", "user": "USER_011", "type": "file", "hour": 3, "filename": "sensitive_data_32.zip"}
{"timestamp": "2026-06-03T08:47:52.289110", "user": "USER_011", "type": "file", "hour": 3, "filename": "sensitive_data_45.zip"}
{"timestamp": "2026-06-03T08:47:52.289110", "user": "USER_011", "type": "file", "hour": 3, "filename": "sensitive_data_91.zip"}
{"timestamp": "2026-06-03T08:47:52.289110", "user": "USER_011", "type": "file", "hour": 3, "filename": "sensitive_data_62.zip"}
{"timestamp": "2026-06-03T08:47:52.289110", "user": "USER_011", "type": "file", "hour": 3, "filename": "sensitive_data_7.zip"}
{"timestamp": "2026-06-03T08:47:52.289110", "user": "USER_011", "type": "file", "hour": 3, "filename": "sensitive_data_68.zip"}
{"timestamp": "2026-06-03T08:47:52.289110", "user": "USER_011", "type": "file", "hour": 3, "filename": "sensitive_data_97.zip"}
{"timestamp": "2026-06-03T08:47:52.289110", "user": "USER_011", "type": "file", "hour": 3, "filename": "sensitive_data_7.zip"}
{"timestamp": "2026-06-03T08:47:52.289110", "user": "USER_011", "type": "file", "hour": 3, "filename": "sensitive_data_62.zip"}
{"timestamp": "2026-06-03T08:47:52.289110", "user": "USER_011", "type": "file", "hour": 3, "filename": "sensitive_data_34.zip"}
{"timestamp": "2026-06-03T08:47:52.289110", "user": "USER_011", "type": "email", "hour": 3, "external": true}
{"timestamp": "2026-06-03T08:47:52.289110", "user": "USER_011", "type": "email", "hour": 3, "external": true}
{"timestamp": "2026-06-03T08:47:52.289110", "user": "USER_011", "type": "email", "hour": 3, "external": true}
{"timestamp": "2026-06-03T08:47:52.289110", "user": "USER_011", "type": "email", "hour": 3, "external": true}
{"timestamp": "2026-06-03T08:47:52.289110", "user": "USER_011", "type": "email", "hour": 3, "external": true}
{"timestamp": "2026-06-03T08:47:52.289110", "user": "USER_011", "type": "email", "hour": 3, "external": true}
{"timestamp": "2026-06-03T08:47:52.289110", "user": "USER_011", "type": "email", "hour": 3, "external": true}
{"timestamp": "2026-06-03T08:47:52.289110", "user": "USER_011", "type": "email", "hour": 3, "external": true}
{"timestamp": "2026-06-03T08:47:52.289110", "user": "USER_011", "type": "email", "hour": 3, "external": true}
{"timestamp": "2026-06-03T08:47:52.289110", "user": "USER_011", "type": "email", "hour": 3, "external": true}
{"timestamp": "2026-06-03T08:47:52.289110", "user": "USER_011", "type": "email", "hour": 3, "external": true}
{"timestamp": "2026-06-03T08:47:52.289110", "user": "USER_011", "type": "email", "hour": 3, "external": true}
{"timestamp": "2026-06-03T08:47:52.289110", "user": "USER_011", "type": "email", "hour": 3, "external": true}
{"timestamp": "2026-06-03T08:47:52.289110", "user": "USER_011", "type": "email", "hour": 3, "external": true}
{"timestamp": "2026-06-03T08:47:52.289110", "user": "USER_011", "type": "email", "hour": 3, "external": true}
{"timestamp": "2026-06-03T08:47:52.289110", "user": "USER_011", "type": "email", "hour": 3, "external": true}
{"timestamp": "2026-06-03T08:47:52.289110", "user": "USER_011", "type": "email", "hour": 3, "external": true}
{"timestamp": "2026-06-03T08:47:52.289110", "user": "USER_011", "type": "email", "hour": 3, "external": true}
{"timestamp": "2026-06-03T08:47:52.289110", "user": "USER_011", "type": "email", "hour": 3, "external": true}
{"timestamp": "2026-06-03T08:47:52.289110", "user": "USER_011", "type": "email", "hour": 3, "external": true}
{"timestamp": "2026-06-03T08:47:53.291215", "user": "USER_009", "type": "email", "hour": 8, "external": false}
{"timestamp": "2026-06-03T08:47:53.792594", "user": "USER_018", "type": "file", "hour": 8, "filename": "doc_424.pdf"}
{"timestamp": "2026-06-03T08:47:54.794586", "user": "USER_003", "type": "file", "hour": 8, "filename": "doc_345.pdf"}
{"timestamp": "2026-06-03T08:47:55.295445", "user": "USER_011", "type": "email", "hour": 8, "external": true}
{"timestamp": "2026-06-03T08:47:56.798107", "user": "USER_001", "type": "email", "hour": 8, "external": false}
{"timestamp": "2026-06-03T08:47:57.300128", "user": "USER_020", "type": "email", "hour": 8, "external": false}
{"timestamp": "2026-06-03T08:47:57.801709", "user": "USER_015", "type": "file", "hour": 8, "filename": "doc_857.pdf"}
{"timestamp": "2026-06-03T08:47:58.302707", "user": "USER_014", "type": "file", "hour": 8, "filename": "doc_961.pdf"}
{"timestamp": "2026-06-03T08:47:58.803628", "user": "USER_019", "type": "device", "hour": 8, "action": "connect"}
{"timestamp": "2026-06-03T08:47:59.304692", "user": "USER_001", "type": "email", "hour": 8, "external": false}
{"timestamp": "2026-06-03T08:47:59.805628", "user": "USER_002", "type": "email", "hour": 8, "external": false}
{"timestamp": "2026-06-03T08:48:00.306439", "user": "USER_020", "type": "file", "hour": 8, "filename": "doc_547.xlsx"}
{"timestamp": "2026-06-03T08:48:00.807309", "user": "USER_007", "type": "email", "hour": 8, "external": true}
{"timestamp": "2026-06-03T08:48:01.307984", "user": "USER_008", "type": "file", "hour": 8, "filename": "doc_125.docx"}
{"timestamp": "2026-06-03T08:48:02.309019", "user": "USER_017", "type": "email", "hour": 8, "external": false}
{"timestamp": "2026-06-03T08:48:02.809737", "user": "USER_002", "type": "email", "hour": 8, "external": false}
{"timestamp": "2026-06-03T08:48:02.810056", "user": "USER_006", "type": "file", "hour": 3, "filename": "sensitive_data_71.zip"}
{"timestamp": "2026-06-03T08:48:02.810056", "user": "USER_006", "type": "file", "hour": 3, "filename": "sensitive_data_21.zip"}
{"timestamp": "2026-06-03T08:48:02.810056", "user": "USER_006", "type": "file", "hour": 3, "filename": "sensitive_data_75.zip"}
{"timestamp": "2026-06-03T08:48:02.810056", "user": "USER_006", "type": "file", "hour": 3, "filename": "sensitive_data_80.zip"}
{"timestamp": "2026-06-03T08:48:02.810056", "user": "USER_006", "type": "file", "hour": 3, "filename": "sensitive_data_11.zip"}
{"timestamp": "2026-06-03T08:48:02.810056", "user": "USER_006", "type": "file", "hour": 3, "filename": "sensitive_data_65.zip"}
{"timestamp": "2026-06-03T08:48:02.810056", "user": "USER_006", "type": "file", "hour": 3, "filename": "sensitive_data_84.zip"}
{"timestamp": "2026-06-03T08:48:02.810056", "user": "USER_006", "type": "file", "hour": 3, "filename": "sensitive_data_71.zip"}
{"timestamp": "2026-06-03T08:48:02.810056", "user": "USER_006", "type": "file", "hour": 3, "filename": "sensitive_data_17.zip"}
{"timestamp": "2026-06-03T08:48:02.810056", "user": "USER_006", "type": "file", "hour": 3, "filename": "sensitive_data_39.zip"}
{"timestamp": "2026-06-03T08:48:02.810056", "user": "USER_006", "type": "file", "hour": 3, "filename": "sensitive_data_10.zip"}
{"timestamp": "2026-06-03T08:48:02.810056", "user": "USER_006", "type": "file", "hour": 3, "filename": "sensitive_data_85.zip"}
{"timestamp": "2026-06-03T08:48:02.810056", "user": "USER_006", "type": "file", "hour": 3, "filename": "sensitive_data_38.zip"}
{"timestamp": "2026-06-03T08:48:02.810056", "user": "USER_006", "type": "file", "hour": 3, "filename": "sensitive_data_92.zip"}
{"timestamp": "2026-06-03T08:48:02.810056", "user": "USER_006", "type": "file", "hour": 3, "filename": "sensitive_data_21.zip"}
{"timestamp": "2026-06-03T08:48:02.810056", "user": "USER_006", "type": "file", "hour": 3, "filename": "sensitive_data_83.zip"}
{"timestamp": "2026-06-03T08:48:02.810056", "user": "USER_006", "type": "file", "hour": 3, "filename": "sensitive_data_5.zip"}
{"timestamp": "2026-06-03T08:48:02.810056", "user": "USER_006", "type": "file", "hour": 3, "filename": "sensitive_data_44.zip"}
{"timestamp": "2026-06-03T08:48:02.810056", "user": "USER_006", "type": "file", "hour": 3, "filename": "sensitive_data_60.zip"}
{"timestamp": "2026-06-03T08:48:02.810056", "user": "USER_006", "type": "file", "hour": 3, "filename": "sensitive_data_28.zip"}
{"timestamp": "2026-06-03T08:48:02.810056", "user": "USER_006", "type": "file", "hour": 3, "filename": "sensitive_data_29.zip"}
{"timestamp": "2026-06-03T08:48:02.810056", "user": "USER_006", "type": "file", "hour": 3, "filename": "sensitive_data_76.zip"}
{"timestamp": "2026-06-03T08:48:02.810056", "user": "USER_006", "type": "file", "hour": 3, "filename": "sensitive_data_81.zip"}
{"timestamp": "2026-06-03T08:48:02.810056", "user": "USER_006", "type": "file", "hour": 3, "filename": "sensitive_data_26.zip"}
{"timestamp": "2026-06-03T08:48:02.810056", "user": "USER_006", "type": "file", "hour": 3, "filename": "sensitive_data_72.zip"}
{"timestamp": "2026-06-03T08:48:02.810056", "user": "USER_006", "type": "file", "hour": 3, "filename": "sensitive_data_75.zip"}
{"timestamp": "2026-06-03T08:48:02.810056", "user": "USER_006", "type": "file", "hour": 3, "filename": "sensitive_data_76.zip"}
{"timestamp": "2026-06-03T08:48:02.810056", "user": "USER_006", "type": "file", "hour": 3, "filename": "sensitive_data_43.zip"}
{"timestamp": "2026-06-03T08:48:02.810056", "user": "USER_006", "type": "file", "hour": 3, "filename": "sensitive_data_64.zip"}
{"timestamp": "2026-06-03T08:48:02.810056", "user": "USER_006", "type": "file", "hour": 3, "filename": "sensitive_data_91.zip"}
{"timestamp": "2026-06-03T08:48:02.810056", "user": "USER_006", "type": "file", "hour": 3, "filename": "sensitive_data_67.zip"}
{"timestamp": "2026-06-03T08:48:02.810056", "user": "USER_006", "type": "file", "hour": 3, "filename": "sensitive_data_78.zip"}
{"timestamp": "2026-06-03T08:48:02.810056", "user": "USER_006", "type": "email", "hour": 3, "external": true}
{"timestamp": "2026-06-03T08:48:02.810056", "user": "USER_006", "type": "email", "hour": 3, "external": true}
{"timestamp": "2026-06-03T08:48:02.810056", "user": "USER_006", "type": "email", "hour": 3, "external": true}
{"timestamp": "2026-06-03T08:48:02.810056", "user": "USER_006", "type": "email", "hour": 3, "external": true}
{"timestamp": "2026-06-03T08:48:02.810056", "user": "USER_006", "type": "email", "hour": 3, "external": true}
{"timestamp": "2026-06-03T08:48:02.810056", "user": "USER_006", "type": "email", "hour": 3, "external": true}
{"timestamp": "2026-06-03T08:48:02.810056", "user": "USER_006", "type": "email", "hour": 3, "external": true}
{"timestamp": "2026-06-03T08:48:02.810056", "user": "USER_006", "type": "email", "hour": 3, "external": true}
{"timestamp": "2026-06-03T08:48:02.810056", "user": "USER_006", "type": "email", "hour": 3, "external": true}
{"timestamp": "2026-06-03T08:48:02.810056", "user": "USER_006", "type": "email", "hour": 3, "external": true}
{"timestamp": "2026-06-03T08:48:02.810056", "user": "USER_006", "type": "email", "hour": 3, "external": true}
{"timestamp": "2026-06-03T08:48:02.810056", "user": "USER_006", "type": "email", "hour": 3, "external": true}
{"timestamp": "2026-06-03T08:48:02.810056", "user": "USER_006", "type": "email", "hour": 3, "external": true}
{"timestamp": "2026-06-03T08:48:02.810056", "user": "USER_006", "type": "email", "hour": 3, "external": true}
{"timestamp": "2026-06-03T08:48:03.811269", "user": "USER_016", "type": "email", "hour": 8, "external": false}
{"timestamp": "2026-06-03T08:48:04.812844", "user": "USER_013", "type": "logon", "hour": 8}
{"timestamp": "2026-06-03T08:48:05.313748", "user": "USER_017", "type": "email", "hour": 8, "external": true}
{"timestamp": "2026-06-03T08:48:05.814994", "user": "USER_004", "type": "email", "hour": 8, "external": false}
{"timestamp": "2026-06-03T08:48:06.317063", "user": "USER_009", "type": "file", "hour": 8, "filename": "doc_877.xlsx"}
{"timestamp": "2026-06-03T08:48:07.319178", "user": "USER_012", "type": "file", "hour": 8, "filename": "doc_537.exe"}
{"timestamp": "2026-06-03T08:48:07.819942", "user": "USER_010", "type": "logon", "hour": 8}
{"timestamp": "2026-06-03T08:48:08.321220", "user": "USER_011", "type": "file", "hour": 8, "filename": "doc_677.pdf"}
{"timestamp": "2026-06-03T08:48:08.821852", "user": "USER_015", "type": "file", "hour": 8, "filename": "doc_787.pdf"}
{"timestamp": "2026-06-03T08:48:09.322722", "user": "USER_020", "type": "device", "hour": 8, "action": "disconnect"}
{"timestamp": "2026-06-03T08:48:09.824322", "user": "USER_005", "type": "email", "hour": 8, "external": true}
{"timestamp": "2026-06-03T08:48:10.325421", "user": "USER_014", "type": "email", "hour": 8, "external": false}
{"timestamp": "2026-06-03T08:48:11.327304", "user": "USER_010", "type": "file", "hour": 8, "filename": "doc_541.xlsx"}
{"timestamp": "2026-06-03T08:48:11.828698", "user": "USER_009", "type": "logon", "hour": 8}
{"timestamp": "2026-06-03T08:48:12.330637", "user": "USER_006", "type": "file", "hour": 8, "filename": "doc_926.exe"}
{"timestamp": "2026-06-03T08:48:13.333562", "user": "USER_013", "type": "email", "hour": 8, "external": false}
{"timestamp": "2026-06-03T08:48:14.336155", "user": "USER_005", "type": "file", "hour": 8, "filename": "doc_878.zip"}
{"timestamp": "2026-06-03T08:48:14.837705", "user": "USER_012", "type": "file", "hour": 8, "filename": "doc_654.xlsx"}
{"timestamp": "2026-06-03T08:48:15.338476", "user": "USER_002", "type": "email", "hour": 8, "external": false}
{"timestamp": "2026-06-03T08:48:15.839327", "user": "USER_007", "type": "file", "hour": 8, "filename": "doc_592.pdf"}
{"timestamp": "2026-06-03T08:48:16.340465", "user": "USER_003", "type": "email", "hour": 8, "external": false}
{"timestamp": "2026-06-03T08:48:16.841577", "user": "USER_009", "type": "email", "hour": 8, "external": false}
{"timestamp": "2026-06-03T08:48:17.342459", "user": "USER_018", "type": "email", "hour": 8, "external": false}
{"timestamp": "2026-06-03T08:48:17.843545", "user": "USER_019", "type": "email", "hour": 8, "external": true}
{"timestamp": "2026-06-03T08:48:18.344245", "user": "USER_010", "type": "device", "hour": 8, "action": "connect"}
{"timestamp": "2026-06-03T08:48:18.845264", "user": "USER_020", "type": "email", "hour": 8, "external": true}
{"timestamp": "2026-06-03T08:48:19.346365", "user": "USER_006", "type": "email", "hour": 8, "external": true}
{"timestamp": "2026-06-03T08:48:19.847273", "user": "USER_016", "type": "file", "hour": 8, "filename": "doc_938.docx"}
{"timestamp": "2026-06-03T08:48:20.348295", "user": "USER_001", "type": "email", "hour": 8, "external": false}
{"timestamp": "2026-06-03T08:48:21.353468", "user": "USER_007", "type": "file", "hour": 8, "filename": "doc_675.exe"}
{"timestamp": "2026-06-03T08:48:21.855105", "user": "USER_015", "type": "logon", "hour": 8}
{"timestamp": "2026-06-03T08:48:22.356383", "user": "USER_002", "type": "device", "hour": 8, "action": "connect"}
{"timestamp": "2026-06-03T08:48:23.358319", "user": "USER_014", "type": "file", "hour": 8, "filename": "doc_360.docx"}
{"timestamp": "2026-06-03T08:48:24.359964", "user": "USER_011", "type": "logon", "hour": 8}
{"timestamp": "2026-06-03T08:48:25.361707", "user": "USER_014", "type": "email", "hour": 8, "external": false}
{"timestamp": "2026-06-03T08:48:25.361961", "user": "USER_009", "type": "file", "hour": 3, "filename": "sensitive_data_12.zip"}
{"timestamp": "2026-06-03T08:48:25.361961", "user": "USER_009", "type": "file", "hour": 3, "filename": "sensitive_data_17.zip"}
{"timestamp": "2026-06-03T08:48:25.361961", "user": "USER_009", "type": "file", "hour": 3, "filename": "sensitive_data_34.zip"}
{"timestamp": "2026-06-03T08:48:25.361961", "user": "USER_009", "type": "file", "hour": 3, "filename": "sensitive_data_96.zip"}
{"timestamp": "2026-06-03T08:48:25.361961", "user": "USER_009", "type": "file", "hour": 3, "filename": "sensitive_data_98.zip"}
{"timestamp": "2026-06-03T08:48:25.361961", "user": "USER_009", "type": "file", "hour": 3, "filename": "sensitive_data_45.zip"}
{"timestamp": "2026-06-03T08:48:25.361961", "user": "USER_009", "type": "file", "hour": 3, "filename": "sensitive_data_79.zip"}
{"timestamp": "2026-06-03T08:48:25.361961", "user": "USER_009", "type": "file", "hour": 3, "filename": "sensitive_data_88.zip"}
{"timestamp": "2026-06-03T08:48:25.361961", "user": "USER_009", "type": "file", "hour": 3, "filename": "sensitive_data_26.zip"}
{"timestamp": "2026-06-03T08:48:25.361961", "user": "USER_009", "type": "file", "hour": 3, "filename": "sensitive_data_47.zip"}
{"timestamp": "2026-06-03T08:48:25.361961", "user": "USER_009", "type": "file", "hour": 3, "filename": "sensitive_data_66.zip"}
{"timestamp": "2026-06-03T08:48:25.361961", "user": "USER_009", "type": "file", "hour": 3, "filename": "sensitive_data_17.zip"}
{"timestamp": "2026-06-03T08:48:25.361961", "user": "USER_009", "type": "file", "hour": 3, "filename": "sensitive_data_71.zip"}
{"timestamp": "2026-06-03T08:48:25.361961", "user": "USER_009", "type": "file", "hour": 3, "filename": "sensitive_data_51.zip"}
{"timestamp": "2026-06-03T08:48:25.361961", "user": "USER_009", "type": "file", "hour": 3, "filename": "sensitive_data_13.zip"}
{"timestamp": "2026-06-03T08:48:25.361961", "user": "USER_009", "type": "file", "hour": 3, "filename": "sensitive_data_72.zip"}
{"timestamp": "2026-06-03T08:48:25.361961", "user": "USER_009", "type": "file", "hour": 3, "filename": "sensitive_data_69.zip"}
{"timestamp": "2026-06-03T08:48:25.361961", "user": "USER_009", "type": "file", "hour": 3, "filename": "sensitive_data_68.zip"}
{"timestamp": "2026-06-03T08:48:25.361961", "user": "USER_009", "type": "file", "hour": 3, "filename": "sensitive_data_69.zip"}
{"timestamp": "2026-06-03T08:48:25.361961", "user": "USER_009", "type": "file", "hour": 3, "filename": "sensitive_data_5.zip"}
{"timestamp": "2026-06-03T08:48:25.361961", "user": "USER_009", "type": "file", "hour": 3, "filename": "sensitive_data_77.zip"}
{"timestamp": "2026-06-03T08:48:25.361961", "user": "USER_009", "type": "file", "hour": 3, "filename": "sensitive_data_13.zip"}
{"timestamp": "2026-06-03T08:48:25.361961", "user": "USER_009", "type": "file", "hour": 3, "filename": "sensitive_data_47.zip"}
{"timestamp": "2026-06-03T08:48:25.361961", "user": "USER_009", "type": "file", "hour": 3, "filename": "sensitive_data_88.zip"}
{"timestamp": "2026-06-03T08:48:25.361961", "user": "USER_009", "type": "file", "hour": 3, "filename": "sensitive_data_24.zip"}
{"timestamp": "2026-06-03T08:48:25.361961", "user": "USER_009", "type": "file", "hour": 3, "filename": "sensitive_data_100.zip"}
{"timestamp": "2026-06-03T08:48:25.361961", "user": "USER_009", "type": "file", "hour": 3, "filename": "sensitive_data_49.zip"}
{"timestamp": "2026-06-03T08:48:25.361961", "user": "USER_009", "type": "file", "hour": 3, "filename": "sensitive_data_29.zip"}
{"timestamp": "2026-06-03T08:48:25.361961", "user": "USER_009", "type": "file", "hour": 3, "filename": "sensitive_data_72.zip"}
{"timestamp": "2026-06-03T08:48:25.361961", "user": "USER_009", "type": "file", "hour": 3, "filename": "sensitive_data_98.zip"}
{"timestamp": "2026-06-03T08:48:25.361961", "user": "USER_009", "type": "file", "hour": 3, "filename": "sensitive_data_76.zip"}
{"timestamp": "2026-06-03T08:48:25.361961", "user": "USER_009", "type": "file", "hour": 3, "filename": "sensitive_data_57.zip"}
{"timestamp": "2026-06-03T08:48:25.361961", "user": "USER_009", "type": "file", "hour": 3, "filename": "sensitive_data_91.zip"}
{"timestamp": "2026-06-03T08:48:25.361961", "user": "USER_009", "type": "file", "hour": 3, "filename": "sensitive_data_10.zip"}
{"timestamp": "2026-06-03T08:48:25.361961", "user": "USER_009", "type": "file", "hour": 3, "filename": "sensitive_data_93.zip"}
{"timestamp": "2026-06-03T08:48:25.361961", "user": "USER_009", "type": "file", "hour": 3, "filename": "sensitive_data_21.zip"}
{"timestamp": "2026-06-03T08:48:25.361961", "user": "USER_009", "type": "email", "hour": 3, "external": true}
{"timestamp": "2026-06-03T08:48:25.361961", "user": "USER_009", "type": "email", "hour": 3, "external": true}
{"timestamp": "2026-06-03T08:48:25.361961", "user": "USER_009", "type": "email", "hour": 3, "external": true}
{"timestamp": "2026-06-03T08:48:25.361961", "user": "USER_009", "type": "email", "hour": 3, "external": true}
{"timestamp": "2026-06-03T08:48:25.361961", "user": "USER_009", "type": "email", "hour": 3, "external": true}
{"timestamp": "2026-06-03T08:48:25.361961", "user": "USER_009", "type": "email", "hour": 3, "external": true}
{"timestamp": "2026-06-03T08:48:25.361961", "user": "USER_009", "type": "email", "hour": 3, "external": true}
{"timestamp": "2026-06-03T08:48:25.361961", "user": "USER_009", "type": "email", "hour": 3, "external": true}
{"timestamp": "2026-06-03T08:48:25.361961", "user": "USER_009", "type": "email", "hour": 3, "external": true}
{"timestamp": "2026-06-03T08:48:25.361961", "user": "USER_009", "type": "email", "hour": 3, "external": true}
{"timestamp": "2026-06-03T08:48:25.862921", "user": "USER_018", "type": "logon", "hour": 8}
{"timestamp": "2026-06-03T08:48:26.864609", "user": "USER_013", "type": "email", "hour": 8, "external": true}
{"timestamp": "2026-06-03T08:48:27.868846", "user": "USER_010", "type": "file", "hour": 8, "filename": "doc_795.xlsx"}
{"timestamp": "2026-06-03T08:48:28.871092", "user": "USER_003", "type": "file", "hour": 8, "filename": "doc_365.pdf"}
{"timestamp": "2026-06-03T08:48:29.872373", "user": "USER_006", "type": "email", "hour": 8, "external": false}
{"timestamp": "2026-06-03T08:48:30.373178", "user": "USER_016", "type": "email", "hour": 8, "external": true}
{"timestamp": "2026-06-03T08:48:30.873765", "user": "USER_005", "type": "logon", "hour": 8}
{"timestamp": "2026-06-03T08:48:31.374443", "user": "USER_004", "type": "file", "hour": 8, "filename": "doc_879.xlsx"}
{"timestamp": "2026-06-03T08:48:31.875089", "user": "USER_010", "type": "file", "hour": 8, "filename": "doc_672.pdf"}
{"timestamp": "2026-06-03T08:48:32.375903", "user": "USER_017", "type": "file", "hour": 8, "filename": "doc_515.pdf"}
{"timestamp": "2026-06-03T08:48:32.877023", "user": "USER_006", "type": "file", "hour": 8, "filename": "doc_475.exe"}
{"timestamp": "2026-06-03T08:48:34.879598", "user": "USER_010", "type": "file", "hour": 8, "filename": "doc_157.zip"}
{"timestamp": "2026-06-03T08:48:35.380663", "user": "USER_004", "type": "file", "hour": 8, "filename": "doc_715.pdf"}
{"timestamp": "2026-06-03T08:48:35.881525", "user": "USER_017", "type": "email", "hour": 8, "external": true}
{"timestamp": "2026-06-03T08:48:36.883987", "user": "USER_002", "type": "logon", "hour": 8}
{"timestamp": "2026-06-03T08:48:37.384737", "user": "USER_012", "type": "email", "hour": 8, "external": false}
{"timestamp": "2026-06-03T08:48:37.886059", "user": "USER_005", "type": "email", "hour": 8, "external": true}
{"timestamp": "2026-06-03T08:48:38.887582", "user": "USER_001", "type": "email", "hour": 8, "external": false}
{"timestamp": "2026-06-03T08:48:39.388712", "user": "USER_003", "type": "email", "hour": 8, "external": false}
{"timestamp": "2026-06-03T08:48:40.390105", "user": "USER_016", "type": "file", "hour": 8, "filename": "doc_132.pdf"}
{"timestamp": "2026-06-03T08:48:40.891012", "user": "USER_014", "type": "file", "hour": 8, "filename": "doc_124.docx"}
{"timestamp": "2026-06-03T08:48:41.391923", "user": "USER_007", "type": "email", "hour": 8, "external": false}
{"timestamp": "2026-06-03T08:48:42.393578", "user": "USER_011", "type": "file", "hour": 8, "filename": "doc_626.xlsx"}
{"timestamp": "2026-06-03T08:48:42.894340", "user": "USER_013", "type": "file", "hour": 8, "filename": "doc_269.xlsx"}
{"timestamp": "2026-06-03T08:48:43.395462", "user": "USER_004", "type": "email", "hour": 8, "external": false}
{"timestamp": "2026-06-03T08:48:43.896445", "user": "USER_006", "type": "file", "hour": 8, "filename": "doc_472.docx"}
{"timestamp": "2026-06-03T08:48:44.897401", "user": "USER_008", "type": "logon", "hour": 8}
{"timestamp": "2026-06-03T08:48:45.398239", "user": "USER_019", "type": "file", "hour": 8, "filename": "doc_870.xlsx"}
{"timestamp": "2026-06-03T08:48:45.899589", "user": "USER_018", "type": "email", "hour": 8, "external": true}
{"timestamp": "2026-06-03T08:48:46.400577", "user": "USER_002", "type": "file", "hour": 8, "filename": "doc_511.exe"}
{"timestamp": "2026-06-03T08:48:46.901514", "user": "USER_017", "type": "email", "hour": 8, "external": true}
{"timestamp": "2026-06-03T08:48:47.403200", "user": "USER_009", "type": "device", "hour": 8, "action": "connect"}
{"timestamp": "2026-06-03T08:48:47.904212", "user": "USER_002", "type": "device", "hour": 8, "action": "connect"}
{"timestamp": "2026-06-03T08:48:48.405044", "user": "USER_007", "type": "logon", "hour": 8}
{"timestamp": "2026-06-03T08:48:48.405400", "user": "USER_002", "type": "file", "hour": 3, "filename": "sensitive_data_29.zip"}
{"timestamp": "2026-06-03T08:48:48.405400", "user": "USER_002", "type": "file", "hour": 3, "filename": "sensitive_data_38.zip"}
{"timestamp": "2026-06-03T08:48:48.405400", "user": "USER_002", "type": "file", "hour": 3, "filename": "sensitive_data_39.zip"}
{"timestamp": "2026-06-03T08:48:48.405400", "user": "USER_002", "type": "file", "hour": 3, "filename": "sensitive_data_66.zip"}
{"timestamp": "2026-06-03T08:48:48.405400", "user": "USER_002", "type": "file", "hour": 3, "filename": "sensitive_data_55.zip"}
{"timestamp": "2026-06-03T08:48:48.405400", "user": "USER_002", "type": "file", "hour": 3, "filename": "sensitive_data_87.zip"}
{"timestamp": "2026-06-03T08:48:48.405400", "user": "USER_002", "type": "file", "hour": 3, "filename": "sensitive_data_66.zip"}
{"timestamp": "2026-06-03T08:48:48.405400", "user": "USER_002", "type": "file", "hour": 3, "filename": "sensitive_data_87.zip"}
{"timestamp": "2026-06-03T08:48:48.405400", "user": "USER_002", "type": "file", "hour": 3, "filename": "sensitive_data_92.zip"}
{"timestamp": "2026-06-03T08:48:48.405400", "user": "USER_002", "type": "file", "hour": 3, "filename": "sensitive_data_75.zip"}
{"timestamp": "2026-06-03T08:48:48.405400", "user": "USER_002", "type": "file", "hour": 3, "filename": "sensitive_data_76.zip"}
{"timestamp": "2026-06-03T08:48:48.405400", "user": "USER_002", "type": "file", "hour": 3, "filename": "sensitive_data_29.zip"}
{"timestamp": "2026-06-03T08:48:48.405400", "user": "USER_002", "type": "file", "hour": 3, "filename": "sensitive_data_1.zip"}
{"timestamp": "2026-06-03T08:48:48.405400", "user": "USER_002", "type": "file", "hour": 3, "filename": "sensitive_data_84.zip"}
{"timestamp": "2026-06-03T08:48:48.405400", "user": "USER_002", "type": "file", "hour": 3, "filename": "sensitive_data_53.zip"}
{"timestamp": "2026-06-03T08:48:48.405400", "user": "USER_002", "type": "file", "hour": 3, "filename": "sensitive_data_100.zip"}
{"timestamp": "2026-06-03T08:48:48.405400", "user": "USER_002", "type": "file", "hour": 3, "filename": "sensitive_data_39.zip"}
{"timestamp": "2026-06-03T08:48:48.405400", "user": "USER_002", "type": "file", "hour": 3, "filename": "sensitive_data_21.zip"}
{"timestamp": "2026-06-03T08:48:48.405400", "user": "USER_002", "type": "file", "hour": 3, "filename": "sensitive_data_96.zip"}
{"timestamp": "2026-06-03T08:48:48.405400", "user": "USER_002", "type": "file", "hour": 3, "filename": "sensitive_data_29.zip"}
{"timestamp": "2026-06-03T08:48:48.405400", "user": "USER_002", "type": "file", "hour": 3, "filename": "sensitive_data_91.zip"}
{"timestamp": "2026-06-03T08:48:48.405400", "user": "USER_002", "type": "file", "hour": 3, "filename": "sensitive_data_82.zip"}
{"timestamp": "2026-06-03T08:48:48.405400", "user": "USER_002", "type": "file", "hour": 3, "filename": "sensitive_data_5.zip"}
{"timestamp": "2026-06-03T08:48:48.405400", "user": "USER_002", "type": "file", "hour": 3, "filename": "sensitive_data_95.zip"}
{"timestamp": "2026-06-03T08:48:48.405400", "user": "USER_002", "type": "file", "hour": 3, "filename": "sensitive_data_57.zip"}
{"timestamp": "2026-06-03T08:48:48.405400", "user": "USER_002", "type": "file", "hour": 3, "filename": "sensitive_data_44.zip"}
{"timestamp": "2026-06-03T08:48:48.405400", "user": "USER_002", "type": "file", "hour": 3, "filename": "sensitive_data_51.zip"}
{"timestamp": "2026-06-03T08:48:48.405400", "user": "USER_002", "type": "file", "hour": 3, "filename": "sensitive_data_57.zip"}
{"timestamp": "2026-06-03T08:48:48.405400", "user": "USER_002", "type": "file", "hour": 3, "filename": "sensitive_data_89.zip"}
{"timestamp": "2026-06-03T08:48:48.405400", "user": "USER_002", "type": "file", "hour": 3, "filename": "sensitive_data_77.zip"}
{"timestamp": "2026-06-03T08:48:48.405400", "user": "USER_002", "type": "file", "hour": 3, "filename": "sensitive_data_100.zip"}
{"timestamp": "2026-06-03T08:48:48.405400", "user": "USER_002", "type": "file", "hour": 3, "filename": "sensitive_data_89.zip"}
{"timestamp": "2026-06-03T08:48:48.405400", "user": "USER_002", "type": "file", "hour": 3, "filename": "sensitive_data_44.zip"}
{"timestamp": "2026-06-03T08:48:48.405400", "user": "USER_002", "type": "file", "hour": 3, "filename": "sensitive_data_17.zip"}
{"timestamp": "2026-06-03T08:48:48.405400", "user": "USER_002", "type": "file", "hour": 3, "filename": "sensitive_data_99.zip"}
{"timestamp": "2026-06-03T08:48:48.405400", "user": "USER_002", "type": "file", "hour": 3, "filename": "sensitive_data_38.zip"}
{"timestamp": "2026-06-03T08:48:48.405400", "user": "USER_002", "type": "file", "hour": 3, "filename": "sensitive_data_37.zip"}
{"timestamp": "2026-06-03T08:48:48.405400", "user": "USER_002", "type": "file", "hour": 3, "filename": "sensitive_data_10.zip"}
{"timestamp": "2026-06-03T08:48:48.405400", "user": "USER_002", "type": "file", "hour": 3, "filename": "sensitive_data_79.zip"}
{"timestamp": "2026-06-03T08:48:48.405400", "user": "USER_002", "type": "file", "hour": 3, "filename": "sensitive_data_63.zip"}
{"timestamp": "2026-06-03T08:48:48.405400", "user": "USER_002", "type": "file", "hour": 3, "filename": "sensitive_data_82.zip"}
{"timestamp": "2026-06-03T08:48:48.405400", "user": "USER_002", "type": "file", "hour": 3, "filename": "sensitive_data_93.zip"}
{"timestamp": "2026-06-03T08:48:48.405400", "user": "USER_002", "type": "file", "hour": 3, "filename": "sensitive_data_6.zip"}
{"timestamp": "2026-06-03T08:48:48.405400", "user": "USER_002", "type": "file", "hour": 3, "filename": "sensitive_data_39.zip"}
{"timestamp": "2026-06-03T08:48:48.405400", "user": "USER_002", "type": "file", "hour": 3, "filename": "sensitive_data_75.zip"}
{"timestamp": "2026-06-03T08:48:48.405400", "user": "USER_002", "type": "email", "hour": 3, "external": true}
{"timestamp": "2026-06-03T08:48:48.405400", "user": "USER_002", "type": "email", "hour": 3, "external": true}
{"timestamp": "2026-06-03T08:48:48.405400", "user": "USER_002", "type": "email", "hour": 3, "external": true}
{"timestamp": "2026-06-03T08:48:48.405400", "user": "USER_002", "type": "email", "hour": 3, "external": true}
{"timestamp": "2026-06-03T08:48:48.405400", "user": "USER_002", "type": "email", "hour": 3, "external": true}
{"timestamp": "2026-06-03T08:48:48.405400", "user": "USER_002", "type": "email", "hour": 3, "external": true}
{"timestamp": "2026-06-03T08:48:48.405400", "user": "USER_002", "type": "email", "hour": 3, "external": true}
{"timestamp": "2026-06-03T08:48:48.405400", "user": "USER_002", "type": "email", "hour": 3, "external": true}
{"timestamp": "2026-06-03T08:48:48.405400", "user": "USER_002", "type": "email", "hour": 3, "external": true}
{"timestamp": "2026-06-03T08:48:48.405400", "user": "USER_002", "type": "email", "hour": 3, "external": true}
{"timestamp": "2026-06-03T08:48:48.405400", "user": "USER_002", "type": "email", "hour": 3, "external": true}
{"timestamp": "2026-06-03T08:48:48.405400", "user": "USER_002", "type": "email", "hour": 3, "external": true}
{"timestamp": "2026-06-03T08:48:48.405400", "user": "USER_002", "type": "email", "hour": 3, "external": true}
{"timestamp": "2026-06-03T08:48:48.405400", "user": "USER_002", "type": "email", "hour": 3, "external": true}
{"timestamp": "2026-06-03T08:48:48.405400", "user": "USER_002", "type": "email", "hour": 3, "external": true}
{"timestamp": "2026-06-03T08:48:48.405400", "user": "USER_002", "type": "email", "hour": 3, "external": true}
{"timestamp": "2026-06-03T08:48:48.405400", "user": "USER_002", "type": "email", "hour": 3, "external": true}
{"timestamp": "2026-06-03T08:48:48.405400", "user": "USER_002", "type": "email", "hour": 3, "external": true}
{"timestamp": "2026-06-03T08:48:48.906572", "user": "USER_013", "type": "email", "hour": 8, "external": false}
{"timestamp": "2026-06-03T08:48:49.407335", "user": "USER_002", "type": "email", "hour": 8, "external": false}
{"timestamp": "2026-06-03T08:48:49.907944", "user": "USER_018", "type": "email", "hour": 8, "external": false}
{"timestamp": "2026-06-03T08:48:50.408929", "user": "USER_004", "type": "file", "hour": 8, "filename": "doc_516.pdf"}
{"timestamp": "2026-06-03T08:48:50.409127", "user": "USER_012", "type": "file", "hour": 3, "filename": "sensitive_data_46.zip"}
{"timestamp": "2026-06-03T08:48:50.409127", "user": "USER_012", "type": "file", "hour": 3, "filename": "sensitive_data_34.zip"}
{"timestamp": "2026-06-03T08:48:50.409127", "user": "USER_012", "type": "file", "hour": 3, "filename": "sensitive_data_6.zip"}
{"timestamp": "2026-06-03T08:48:50.409127", "user": "USER_012", "type": "file", "hour": 3, "filename": "sensitive_data_37.zip"}
{"timestamp": "2026-06-03T08:48:50.409127", "user": "USER_012", "type": "file", "hour": 3, "filename": "sensitive_data_76.zip"}
{"timestamp": "2026-06-03T08:48:50.409127", "user": "USER_012", "type": "file", "hour": 3, "filename": "sensitive_data_55.zip"}
{"timestamp": "2026-06-03T08:48:50.409127", "user": "USER_012", "type": "file", "hour": 3, "filename": "sensitive_data_46.zip"}
{"timestamp": "2026-06-03T08:48:50.409127", "user": "USER_012", "type": "file", "hour": 3, "filename": "sensitive_data_100.zip"}
{"timestamp": "2026-06-03T08:48:50.409127", "user": "USER_012", "type": "file", "hour": 3, "filename": "sensitive_data_26.zip"}
{"timestamp": "2026-06-03T08:48:50.409127", "user": "USER_012", "type": "file", "hour": 3, "filename": "sensitive_data_91.zip"}
{"timestamp": "2026-06-03T08:48:50.409127", "user": "USER_012", "type": "file", "hour": 3, "filename": "sensitive_data_21.zip"}
{"timestamp": "2026-06-03T08:48:50.409127", "user": "USER_012", "type": "file", "hour": 3, "filename": "sensitive_data_35.zip"}
{"timestamp": "2026-06-03T08:48:50.409127", "user": "USER_012", "type": "file", "hour": 3, "filename": "sensitive_data_31.zip"}
{"timestamp": "2026-06-03T08:48:50.409127", "user": "USER_012", "type": "file", "hour": 3, "filename": "sensitive_data_62.zip"}
{"timestamp": "2026-06-03T08:48:50.409127", "user": "USER_012", "type": "file", "hour": 3, "filename": "sensitive_data_95.zip"}
{"timestamp": "2026-06-03T08:48:50.409127", "user": "USER_012", "type": "file", "hour": 3, "filename": "sensitive_data_51.zip"}
{"timestamp": "2026-06-03T08:48:50.409127", "user": "USER_012", "type": "file", "hour": 3, "filename": "sensitive_data_60.zip"}
{"timestamp": "2026-06-03T08:48:50.409127", "user": "USER_012", "type": "file", "hour": 3, "filename": "sensitive_data_43.zip"}
{"timestamp": "2026-06-03T08:48:50.409127", "user": "USER_012", "type": "file", "hour": 3, "filename": "sensitive_data_91.zip"}
{"timestamp": "2026-06-03T08:48:50.409127", "user": "USER_012", "type": "file", "hour": 3, "filename": "sensitive_data_64.zip"}
{"timestamp": "2026-06-03T08:48:50.409127", "user": "USER_012", "type": "file", "hour": 3, "filename": "sensitive_data_16.zip"}
{"timestamp": "2026-06-03T08:48:50.409127", "user": "USER_012", "type": "file", "hour": 3, "filename": "sensitive_data_82.zip"}
{"timestamp": "2026-06-03T08:48:50.409127", "user": "USER_012", "type": "file", "hour": 3, "filename": "sensitive_data_7.zip"}
{"timestamp": "2026-06-03T08:48:50.409127", "user": "USER_012", "type": "file", "hour": 3, "filename": "sensitive_data_72.zip"}
{"timestamp": "2026-06-03T08:48:50.409127", "user": "USER_012", "type": "file", "hour": 3, "filename": "sensitive_data_65.zip"}
{"timestamp": "2026-06-03T08:48:50.409127", "user": "USER_012", "type": "file", "hour": 3, "filename": "sensitive_data_42.zip"}
{"timestamp": "2026-06-03T08:48:50.409127", "user": "USER_012", "type": "file", "hour": 3, "filename": "sensitive_data_7.zip"}
{"timestamp": "2026-06-03T08:48:50.409127", "user": "USER_012", "type": "file", "hour": 3, "filename": "sensitive_data_19.zip"}
{"timestamp": "2026-06-03T08:48:50.409127", "user": "USER_012", "type": "file", "hour": 3, "filename": "sensitive_data_50.zip"}
{"timestamp": "2026-06-03T08:48:50.409127", "user": "USER_012", "type": "file", "hour": 3, "filename": "sensitive_data_95.zip"}
{"timestamp": "2026-06-03T08:48:50.409127", "user": "USER_012", "type": "file", "hour": 3, "filename": "sensitive_data_68.zip"}
{"timestamp": "2026-06-03T08:48:50.409127", "user": "USER_012", "type": "file", "hour": 3, "filename": "sensitive_data_19.zip"}
{"timestamp": "2026-06-03T08:48:50.409127", "user": "USER_012", "type": "file", "hour": 3, "filename": "sensitive_data_75.zip"}
{"timestamp": "2026-06-03T08:48:50.409127", "user": "USER_012", "type": "email", "hour": 3, "external": true}
{"timestamp": "2026-06-03T08:48:50.409127", "user": "USER_012", "type": "email", "hour": 3, "external": true}
{"timestamp": "2026-06-03T08:48:50.409127", "user": "USER_012", "type": "email", "hour": 3, "external": true}
{"timestamp": "2026-06-03T08:48:50.409127", "user": "USER_012", "type": "email", "hour": 3, "external": true}
{"timestamp": "2026-06-03T08:48:50.409127", "user": "USER_012", "type": "email", "hour": 3, "external": true}
{"timestamp": "2026-06-03T08:48:50.409127", "user": "USER_012", "type": "email", "hour": 3, "external": true}
{"timestamp": "2026-06-03T08:48:50.409127", "user": "USER_012", "type": "email", "hour": 3, "external": true}
{"timestamp": "2026-06-03T08:48:50.409127", "user": "USER_012", "type": "email", "hour": 3, "external": true}
{"timestamp": "2026-06-03T08:48:50.409127", "user": "USER_012", "type": "email", "hour": 3, "external": true}
{"timestamp": "2026-06-03T08:48:50.409127", "user": "USER_012", "type": "email", "hour": 3, "external": true}
{"timestamp": "2026-06-03T08:48:50.409127", "user": "USER_012", "type": "email", "hour": 3, "external": true}
{"timestamp": "2026-06-03T08:48:50.910039", "user": "USER_007", "type": "email", "hour": 8, "external": true}
{"timestamp": "2026-06-03T08:48:51.410664", "user": "USER_020", "type": "logon", "hour": 8}
{"timestamp": "2026-06-03T08:48:51.911652", "user": "USER_004", "type": "email", "hour": 8, "external": false}
{"timestamp": "2026-06-03T08:48:52.412232", "user": "USER_009", "type": "file", "hour": 8, "filename": "doc_953.exe"}
{"timestamp": "2026-06-03T08:48:52.912854", "user": "USER_008", "type": "file", "hour": 8, "filename": "doc_156.pdf"}
{"timestamp": "2026-06-03T08:48:53.413939", "user": "USER_011", "type": "file", "hour": 8, "filename": "doc_385.zip"}
{"timestamp": "2026-06-03T08:48:53.914896", "user": "USER_019", "type": "file", "hour": 8, "filename": "doc_698.zip"}
{"timestamp": "2026-06-03T08:48:54.917204", "user": "USER_001", "type": "file", "hour": 8, "filename": "doc_430.zip"}
{"timestamp": "2026-06-03T08:48:55.418152", "user": "USER_015", "type": "file", "hour": 8, "filename": "doc_608.xlsx"}
{"timestamp": "2026-06-03T08:48:55.919618", "user": "USER_017", "type": "email", "hour": 8, "external": true}
{"timestamp": "2026-06-03T08:48:56.420632", "user": "USER_016", "type": "file", "hour": 8, "filename": "doc_863.xlsx"}
{"timestamp": "2026-06-03T08:48:56.921911", "user": "USER_002", "type": "file", "hour": 8, "filename": "doc_344.exe"}
{"timestamp": "2026-06-03T08:48:57.422865", "user": "USER_015", "type": "file", "hour": 8, "filename": "doc_978.exe"}
{"timestamp": "2026-06-03T08:48:57.923763", "user": "USER_006", "type": "file", "hour": 8, "filename": "doc_764.pdf"}
{"timestamp": "2026-06-03T08:48:58.424720", "user": "USER_004", "type": "file", "hour": 8, "filename": "doc_521.exe"}
{"timestamp": "2026-06-03T08:48:58.925742", "user": "USER_005", "type": "email", "hour": 8, "external": false}
{"timestamp": "2026-06-03T08:48:59.426303", "user": "USER_020", "type": "email", "hour": 8, "external": false}
{"timestamp": "2026-06-03T08:49:01.429540", "user": "USER_003", "type": "email", "hour": 8, "external": false}
{"timestamp": "2026-06-03T08:49:01.930454", "user": "USER_016", "type": "device", "hour": 8, "action": "disconnect"}
{"timestamp": "2026-06-03T08:49:03.935464", "user": "USER_003", "type": "device", "hour": 8, "action": "disconnect"}
{"timestamp": "2026-06-03T08:49:04.437078", "user": "USER_007", "type": "email", "hour": 8, "external": false}
{"timestamp": "2026-06-03T08:49:05.439202", "user": "USER_003", "type": "email", "hour": 8, "external": false}
{"timestamp": "2026-06-03T08:49:05.940125", "user": "USER_016", "type": "email", "hour": 8, "external": false}
{"timestamp": "2026-06-03T08:49:06.441385", "user": "USER_014", "type": "email", "hour": 8, "external": false}
{"timestamp": "2026-06-03T08:49:06.942550", "user": "USER_018", "type": "email", "hour": 8, "external": false}
{"timestamp": "2026-06-03T08:49:07.443269", "user": "USER_013", "type": "file", "hour": 8, "filename": "doc_741.exe"}
{"timestamp": "2026-06-03T08:49:07.944489", "user": "USER_020", "type": "file", "hour": 8, "filename": "doc_701.exe"}
{"timestamp": "2026-06-03T08:49:08.445074", "user": "USER_013", "type": "logon", "hour": 8}
{"timestamp": "2026-06-03T08:49:08.945953", "user": "USER_002", "type": "file", "hour": 8, "filename": "doc_158.zip"}
{"timestamp": "2026-06-03T08:49:09.446987", "user": "USER_002", "type": "file", "hour": 8, "filename": "doc_775.zip"}
{"timestamp": "2026-06-03T08:49:09.948186", "user": "USER_017", "type": "logon", "hour": 8}
{"timestamp": "2026-06-03T08:49:10.449060", "user": "USER_010", "type": "email", "hour": 8, "external": false}
{"timestamp": "2026-06-03T08:49:10.949910", "user": "USER_007", "type": "file", "hour": 8, "filename": "doc_717.pdf"}
{"timestamp": "2026-06-03T08:49:11.450557", "user": "USER_020", "type": "logon", "hour": 8}
{"timestamp": "2026-06-03T08:49:11.951553", "user": "USER_001", "type": "email", "hour": 8, "external": false}
{"timestamp": "2026-06-03T08:49:12.452406", "user": "USER_010", "type": "file", "hour": 8, "filename": "doc_890.docx"}
{"timestamp": "2026-06-03T08:49:12.953286", "user": "USER_008", "type": "email", "hour": 8, "external": false}
{"timestamp": "2026-06-03T08:49:13.453861", "user": "USER_015", "type": "email", "hour": 8, "external": false}
{"timestamp": "2026-06-03T08:49:13.954713", "user": "USER_019", "type": "logon", "hour": 8}
{"timestamp": "2026-06-03T08:49:14.455468", "user": "USER_016", "type": "file", "hour": 8, "filename": "doc_327.zip"}
{"timestamp": "2026-06-03T08:49:15.456863", "user": "USER_004", "type": "file", "hour": 8, "filename": "doc_200.zip"}
{"timestamp": "2026-06-03T08:49:15.957894", "user": "USER_017", "type": "email", "hour": 8, "external": false}
{"timestamp": "2026-06-03T08:49:16.458449", "user": "USER_009", "type": "file", "hour": 8, "filename": "doc_965.pdf"}
{"timestamp": "2026-06-03T08:49:17.460392", "user": "USER_017", "type": "file", "hour": 8, "filename": "doc_558.xlsx"}
{"timestamp": "2026-06-03T08:49:17.961423", "user": "USER_004", "type": "file", "hour": 8, "filename": "doc_525.exe"}
{"timestamp": "2026-06-03T08:49:18.462969", "user": "USER_011", "type": "file", "hour": 8, "filename": "doc_113.pdf"}
{"timestamp": "2026-06-03T08:49:19.965390", "user": "USER_002", "type": "logon", "hour": 8}
{"timestamp": "2026-06-03T08:49:20.466295", "user": "USER_012", "type": "file", "hour": 8, "filename": "doc_896.docx"}
{"timestamp": "2026-06-03T08:49:20.466643", "user": "USER_007", "type": "file", "hour": 3, "filename": "sensitive_data_26.zip"}
{"timestamp": "2026-06-03T08:49:20.466643", "user": "USER_007", "type": "file", "hour": 3, "filename": "sensitive_data_22.zip"}
{"timestamp": "2026-06-03T08:49:20.466643", "user": "USER_007", "type": "file", "hour": 3, "filename": "sensitive_data_63.zip"}
{"timestamp": "2026-06-03T08:49:20.466643", "user": "USER_007", "type": "file", "hour": 3, "filename": "sensitive_data_82.zip"}
{"timestamp": "2026-06-03T08:49:20.466643", "user": "USER_007", "type": "file", "hour": 3, "filename": "sensitive_data_82.zip"}
{"timestamp": "2026-06-03T08:49:20.466643", "user": "USER_007", "type": "file", "hour": 3, "filename": "sensitive_data_56.zip"}
{"timestamp": "2026-06-03T08:49:20.466643", "user": "USER_007", "type": "file", "hour": 3, "filename": "sensitive_data_87.zip"}
{"timestamp": "2026-06-03T08:49:20.466643", "user": "USER_007", "type": "file", "hour": 3, "filename": "sensitive_data_28.zip"}
{"timestamp": "2026-06-03T08:49:20.466643", "user": "USER_007", "type": "file", "hour": 3, "filename": "sensitive_data_74.zip"}
{"timestamp": "2026-06-03T08:49:20.466643", "user": "USER_007", "type": "file", "hour": 3, "filename": "sensitive_data_87.zip"}
{"timestamp": "2026-06-03T08:49:20.466643", "user": "USER_007", "type": "file", "hour": 3, "filename": "sensitive_data_70.zip"}
{"timestamp": "2026-06-03T08:49:20.466643", "user": "USER_007", "type": "file", "hour": 3, "filename": "sensitive_data_12.zip"}
{"timestamp": "2026-06-03T08:49:20.466643", "user": "USER_007", "type": "file", "hour": 3, "filename": "sensitive_data_4.zip"}
{"timestamp": "2026-06-03T08:49:20.466643", "user": "USER_007", "type": "file", "hour": 3, "filename": "sensitive_data_23.zip"}
{"timestamp": "2026-06-03T08:49:20.466643", "user": "USER_007", "type": "file", "hour": 3, "filename": "sensitive_data_74.zip"}
{"timestamp": "2026-06-03T08:49:20.466643", "user": "USER_007", "type": "file", "hour": 3, "filename": "sensitive_data_92.zip"}
{"timestamp": "2026-06-03T08:49:20.466643", "user": "USER_007", "type": "file", "hour": 3, "filename": "sensitive_data_82.zip"}
{"timestamp": "2026-06-03T08:49:20.466643", "user": "USER_007", "type": "file", "hour": 3, "filename": "sensitive_data_17.zip"}
{"timestamp": "2026-06-03T08:49:20.466643", "user": "USER_007", "type": "file", "hour": 3, "filename": "sensitive_data_89.zip"}
{"timestamp": "2026-06-03T08:49:20.466643", "user": "USER_007", "type": "file", "hour": 3, "filename": "sensitive_data_91.zip"}
{"timestamp": "2026-06-03T08:49:20.466643", "user": "USER_007", "type": "file", "hour": 3, "filename": "sensitive_data_33.zip"}
{"timestamp": "2026-06-03T08:49:20.466643", "user": "USER_007", "type": "file", "hour": 3, "filename": "sensitive_data_78.zip"}
{"timestamp": "2026-06-03T08:49:20.466643", "user": "USER_007", "type": "file", "hour": 3, "filename": "sensitive_data_38.zip"}
{"timestamp": "2026-06-03T08:49:20.466643", "user": "USER_007", "type": "file", "hour": 3, "filename": "sensitive_data_10.zip"}
{"timestamp": "2026-06-03T08:49:20.466643", "user": "USER_007", "type": "file", "hour": 3, "filename": "sensitive_data_25.zip"}
{"timestamp": "2026-06-03T08:49:20.466643", "user": "USER_007", "type": "file", "hour": 3, "filename": "sensitive_data_63.zip"}
{"timestamp": "2026-06-03T08:49:20.466643", "user": "USER_007", "type": "file", "hour": 3, "filename": "sensitive_data_63.zip"}
{"timestamp": "2026-06-03T08:49:20.466643", "user": "USER_007", "type": "file", "hour": 3, "filename": "sensitive_data_36.zip"}
{"timestamp": "2026-06-03T08:49:20.466643", "user": "USER_007", "type": "file", "hour": 3, "filename": "sensitive_data_63.zip"}
{"timestamp": "2026-06-03T08:49:20.466643", "user": "USER_007", "type": "file", "hour": 3, "filename": "sensitive_data_5.zip"}
{"timestamp": "2026-06-03T08:49:20.466643", "user": "USER_007", "type": "file", "hour": 3, "filename": "sensitive_data_42.zip"}
{"timestamp": "2026-06-03T08:49:20.466643", "user": "USER_007", "type": "file", "hour": 3, "filename": "sensitive_data_26.zip"}
{"timestamp": "2026-06-03T08:49:20.466643", "user": "USER_007", "type": "file", "hour": 3, "filename": "sensitive_data_31.zip"}
{"timestamp": "2026-06-03T08:49:20.466643", "user": "USER_007", "type": "file", "hour": 3, "filename": "sensitive_data_12.zip"}
{"timestamp": "2026-06-03T08:49:20.466643", "user": "USER_007", "type": "file", "hour": 3, "filename": "sensitive_data_15.zip"}
{"timestamp": "2026-06-03T08:49:20.466643", "user": "USER_007", "type": "file", "hour": 3, "filename": "sensitive_data_58.zip"}
{"timestamp": "2026-06-03T08:49:20.466643", "user": "USER_007", "type": "file", "hour": 3, "filename": "sensitive_data_59.zip"}
{"timestamp": "2026-06-03T08:49:20.466643", "user": "USER_007", "type": "file", "hour": 3, "filename": "sensitive_data_60.zip"}
{"timestamp": "2026-06-03T08:49:20.466643", "user": "USER_007", "type": "file", "hour": 3, "filename": "sensitive_data_40.zip"}
{"timestamp": "2026-06-03T08:49:20.466643", "user": "USER_007", "type": "file", "hour": 3, "filename": "sensitive_data_77.zip"}
{"timestamp": "2026-06-03T08:49:20.466643", "user": "USER_007", "type": "file", "hour": 3, "filename": "sensitive_data_36.zip"}
{"timestamp": "2026-06-03T08:49:20.466643", "user": "USER_007", "type": "file", "hour": 3, "filename": "sensitive_data_36.zip"}
{"timestamp": "2026-06-03T08:49:20.466643", "user": "USER_007", "type": "file", "hour": 3, "filename": "sensitive_data_23.zip"}
{"timestamp": "2026-06-03T08:49:20.466643", "user": "USER_007", "type": "file", "hour": 3, "filename": "sensitive_data_49.zip"}
{"timestamp": "2026-06-03T08:49:20.466643", "user": "USER_007", "type": "file", "hour": 3, "filename": "sensitive_data_47.zip"}
{"timestamp": "2026-06-03T08:49:20.466643", "user": "USER_007", "type": "file", "hour": 3, "filename": "sensitive_data_63.zip"}
{"timestamp": "2026-06-03T08:49:20.466643", "user": "USER_007", "type": "file", "hour": 3, "filename": "sensitive_data_79.zip"}
{"timestamp": "2026-06-03T08:49:20.466643", "user": "USER_007", "type": "email", "hour": 3, "external": true}
{"timestamp": "2026-06-03T08:49:20.466643", "user": "USER_007", "type": "email", "hour": 3, "external": true}
{"timestamp": "2026-06-03T08:49:20.466643", "user": "USER_007", "type": "email", "hour": 3, "external": true}
{"timestamp": "2026-06-03T08:49:20.466643", "user": "USER_007", "type": "email", "hour": 3, "external": true}
{"timestamp": "2026-06-03T08:49:20.466643", "user": "USER_007", "type": "email", "hour": 3, "external": true}
{"timestamp": "2026-06-03T08:49:20.466643", "user": "USER_007", "type": "email", "hour": 3, "external": true}
{"timestamp": "2026-06-03T08:49:20.466643", "user": "USER_007", "type": "email", "hour": 3, "external": true}
{"timestamp": "2026-06-03T08:49:20.466643", "user": "USER_007", "type": "email", "hour": 3, "external": true}
{"timestamp": "2026-06-03T08:49:20.466643", "user": "USER_007", "type": "email", "hour": 3, "external": true}
{"timestamp": "2026-06-03T08:49:20.466643", "user": "USER_007", "type": "email", "hour": 3, "external": true}
{"timestamp": "2026-06-03T08:49:20.968242", "user": "USER_012", "type": "logon", "hour": 8}
{"timestamp": "2026-06-03T08:49:21.469089", "user": "USER_009", "type": "email", "hour": 8, "external": true}
{"timestamp": "2026-06-03T08:49:21.970020", "user": "USER_002", "type": "email", "hour": 8, "external": true}
{"timestamp": "2026-06-03T08:49:22.470551", "user": "USER_008", "type": "file", "hour": 8, "filename": "doc_713.xlsx"}
{"timestamp": "2026-06-03T08:49:22.971400", "user": "USER_003", "type": "file", "hour": 8, "filename": "doc_604.zip"}
{"timestamp": "2026-06-03T08:49:23.472749", "user": "USER_013", "type": "file", "hour": 8, "filename": "doc_480.docx"}
{"timestamp": "2026-06-03T08:49:23.973663", "user": "USER_016", "type": "file", "hour": 8, "filename": "doc_255.zip"}
{"timestamp": "2026-06-03T08:49:24.475043", "user": "USER_006", "type": "file", "hour": 8, "filename": "doc_903.exe"}
{"timestamp": "2026-06-03T08:49:24.976226", "user": "USER_011", "type": "file", "hour": 8, "filename": "doc_521.zip"}
{"timestamp": "2026-06-03T08:49:25.477332", "user": "USER_008", "type": "file", "hour": 8, "filename": "doc_451.zip"}
{"timestamp": "2026-06-03T08:49:26.478755", "user": "USER_020", "type": "file", "hour": 8, "filename": "doc_913.docx"}
{"timestamp": "2026-06-03T08:49:26.979886", "user": "USER_018", "type": "logon", "hour": 8}
{"timestamp": "2026-06-03T08:49:28.482141", "user": "USER_007", "type": "device", "hour": 8, "action": "disconnect"}
{"timestamp": "2026-06-03T08:49:29.483466", "user": "USER_016", "type": "email", "hour": 8, "external": false}
{"timestamp": "2026-06-03T08:49:29.984126", "user": "USER_020", "type": "file", "hour": 8, "filename": "doc_981.exe"}
{"timestamp": "2026-06-03T08:49:30.484976", "user": "USER_004", "type": "file", "hour": 8, "filename": "doc_494.exe"}
{"timestamp": "2026-06-03T08:49:30.985617", "user": "USER_013", "type": "email", "hour": 8, "external": true}
{"timestamp": "2026-06-03T08:49:31.486327", "user": "USER_019", "type": "email", "hour": 8, "external": false}
{"timestamp": "2026-06-03T08:49:32.487333", "user": "USER_001", "type": "file", "hour": 8, "filename": "doc_325.xlsx"}
{"timestamp": "2026-06-03T08:49:32.988192", "user": "USER_006", "type": "file", "hour": 8, "filename": "doc_507.docx"}
{"timestamp": "2026-06-03T08:49:33.488896", "user": "USER_017", "type": "file", "hour": 8, "filename": "doc_797.docx"}
{"timestamp": "2026-06-03T08:49:33.989626", "user": "USER_002", "type": "logon", "hour": 8}
{"timestamp": "2026-06-03T08:49:34.990639", "user": "USER_008", "type": "file", "hour": 8, "filename": "doc_959.zip"}
{"timestamp": "2026-06-03T08:49:35.491183", "user": "USER_006", "type": "device", "hour": 8, "action": "disconnect"}
{"timestamp": "2026-06-03T08:49:35.991751", "user": "USER_001", "type": "email", "hour": 8, "external": false}
{"timestamp": "2026-06-03T08:49:36.492388", "user": "USER_002", "type": "file", "hour": 8, "filename": "doc_852.exe"}
{"timestamp": "2026-06-03T08:49:36.993118", "user": "USER_001", "type": "file", "hour": 8, "filename": "doc_407.zip"}
{"timestamp": "2026-06-03T08:49:37.994350", "user": "USER_002", "type": "file", "hour": 8, "filename": "doc_806.pdf"}
{"timestamp": "2026-06-03T08:49:38.495171", "user": "USER_010", "type": "email", "hour": 8, "external": false}
{"timestamp": "2026-06-03T08:49:38.995812", "user": "USER_014", "type": "email", "hour": 8, "external": true}
{"timestamp": "2026-06-03T08:49:38.996132", "user": "USER_016", "type": "file", "hour": 3, "filename": "sensitive_data_94.zip"}
{"timestamp": "2026-06-03T08:49:38.996132", "user": "USER_016", "type": "file", "hour": 3, "filename": "sensitive_data_38.zip"}
{"timestamp": "2026-06-03T08:49:38.996132", "user": "USER_016", "type": "file", "hour": 3, "filename": "sensitive_data_90.zip"}
{"timestamp": "2026-06-03T08:49:38.996132", "user": "USER_016", "type": "file", "hour": 3, "filename": "sensitive_data_69.zip"}
{"timestamp": "2026-06-03T08:49:38.996132", "user": "USER_016", "type": "file", "hour": 3, "filename": "sensitive_data_69.zip"}
{"timestamp": "2026-06-03T08:49:38.996132", "user": "USER_016", "type": "file", "hour": 3, "filename": "sensitive_data_65.zip"}
{"timestamp": "2026-06-03T08:49:38.996132", "user": "USER_016", "type": "file", "hour": 3, "filename": "sensitive_data_45.zip"}
{"timestamp": "2026-06-03T08:49:38.996132", "user": "USER_016", "type": "file", "hour": 3, "filename": "sensitive_data_26.zip"}
{"timestamp": "2026-06-03T08:49:38.996132", "user": "USER_016", "type": "file", "hour": 3, "filename": "sensitive_data_49.zip"}
{"timestamp": "2026-06-03T08:49:38.996132", "user": "USER_016", "type": "file", "hour": 3, "filename": "sensitive_data_77.zip"}
{"timestamp": "2026-06-03T08:49:38.996132", "user": "USER_016", "type": "file", "hour": 3, "filename": "sensitive_data_100.zip"}
{"timestamp": "2026-06-03T08:49:38.996132", "user": "USER_016", "type": "file", "hour": 3, "filename": "sensitive_data_76.zip"}
{"timestamp": "2026-06-03T08:49:38.996132", "user": "USER_016", "type": "file", "hour": 3, "filename": "sensitive_data_68.zip"}
{"timestamp": "2026-06-03T08:49:38.996132", "user": "USER_016", "type": "file", "hour": 3, "filename": "sensitive_data_6.zip"}
{"timestamp": "2026-06-03T08:49:38.996132", "user": "USER_016", "type": "file", "hour": 3, "filename": "sensitive_data_4.zip"}
{"timestamp": "2026-06-03T08:49:38.996132", "user": "USER_016", "type": "file", "hour": 3, "filename": "sensitive_data_26.zip"}
{"timestamp": "2026-06-03T08:49:38.996132", "user": "USER_016", "type": "file", "hour": 3, "filename": "sensitive_data_24.zip"}
{"timestamp": "2026-06-03T08:49:38.996132", "user": "USER_016", "type": "file", "hour": 3, "filename": "sensitive_data_32.zip"}
{"timestamp": "2026-06-03T08:49:38.996132", "user": "USER_016", "type": "file", "hour": 3, "filename": "sensitive_data_92.zip"}
{"timestamp": "2026-06-03T08:49:38.996132", "user": "USER_016", "type": "file", "hour": 3, "filename": "sensitive_data_42.zip"}
{"timestamp": "2026-06-03T08:49:38.996132", "user": "USER_016", "type": "file", "hour": 3, "filename": "sensitive_data_10.zip"}
{"timestamp": "2026-06-03T08:49:38.996132", "user": "USER_016", "type": "file", "hour": 3, "filename": "sensitive_data_67.zip"}
{"timestamp": "2026-06-03T08:49:38.996132", "user": "USER_016", "type": "file", "hour": 3, "filename": "sensitive_data_98.zip"}
{"timestamp": "2026-06-03T08:49:38.996132", "user": "USER_016", "type": "file", "hour": 3, "filename": "sensitive_data_79.zip"}
{"timestamp": "2026-06-03T08:49:38.996132", "user": "USER_016", "type": "file", "hour": 3, "filename": "sensitive_data_56.zip"}
{"timestamp": "2026-06-03T08:49:38.996132", "user": "USER_016", "type": "file", "hour": 3, "filename": "sensitive_data_56.zip"}
{"timestamp": "2026-06-03T08:49:38.996132", "user": "USER_016", "type": "file", "hour": 3, "filename": "sensitive_data_68.zip"}
{"timestamp": "2026-06-03T08:49:38.996132", "user": "USER_016", "type": "file", "hour": 3, "filename": "sensitive_data_52.zip"}
{"timestamp": "2026-06-03T08:49:38.996132", "user": "USER_016", "type": "file", "hour": 3, "filename": "sensitive_data_11.zip"}
{"timestamp": "2026-06-03T08:49:38.996132", "user": "USER_016", "type": "file", "hour": 3, "filename": "sensitive_data_55.zip"}
{"timestamp": "2026-06-03T08:49:38.996132", "user": "USER_016", "type": "file", "hour": 3, "filename": "sensitive_data_2.zip"}
{"timestamp": "2026-06-03T08:49:38.996132", "user": "USER_016", "type": "file", "hour": 3, "filename": "sensitive_data_30.zip"}
{"timestamp": "2026-06-03T08:49:38.996132", "user": "USER_016", "type": "file", "hour": 3, "filename": "sensitive_data_55.zip"}
{"timestamp": "2026-06-03T08:49:38.996132", "user": "USER_016", "type": "file", "hour": 3, "filename": "sensitive_data_92.zip"}
{"timestamp": "2026-06-03T08:49:38.996132", "user": "USER_016", "type": "file", "hour": 3, "filename": "sensitive_data_44.zip"}
{"timestamp": "2026-06-03T08:49:38.996132", "user": "USER_016", "type": "file", "hour": 3, "filename": "sensitive_data_15.zip"}
{"timestamp": "2026-06-03T08:49:38.996132", "user": "USER_016", "type": "file", "hour": 3, "filename": "sensitive_data_23.zip"}
{"timestamp": "2026-06-03T08:49:38.996132", "user": "USER_016", "type": "file", "hour": 3, "filename": "sensitive_data_50.zip"}
{"timestamp": "2026-06-03T08:49:38.996132", "user": "USER_016", "type": "file", "hour": 3, "filename": "sensitive_data_51.zip"}
{"timestamp": "2026-06-03T08:49:38.996132", "user": "USER_016", "type": "file", "hour": 3, "filename": "sensitive_data_94.zip"}
{"timestamp": "2026-06-03T08:49:38.996132", "user": "USER_016", "type": "file", "hour": 3, "filename": "sensitive_data_83.zip"}
{"timestamp": "2026-06-03T08:49:38.996132", "user": "USER_016", "type": "file", "hour": 3, "filename": "sensitive_data_32.zip"}
{"timestamp": "2026-06-03T08:49:38.996132", "user": "USER_016", "type": "file", "hour": 3, "filename": "sensitive_data_51.zip"}
{"timestamp": "2026-06-03T08:49:38.996132", "user": "USER_016", "type": "email", "hour": 3, "external": true}
{"timestamp": "2026-06-03T08:49:38.996132", "user": "USER_016", "type": "email", "hour": 3, "external": true}
{"timestamp": "2026-06-03T08:49:38.996132", "user": "USER_016", "type": "email", "hour": 3, "external": true}
{"timestamp": "2026-06-03T08:49:38.996132", "user": "USER_016", "type": "email", "hour": 3, "external": true}
{"timestamp": "2026-06-03T08:49:38.996132", "user": "USER_016", "type": "email", "hour": 3, "external": true}
{"timestamp": "2026-06-03T08:49:38.996132", "user": "USER_016", "type": "email", "hour": 3, "external": true}
{"timestamp": "2026-06-03T08:49:38.996132", "user": "USER_016", "type": "email", "hour": 3, "external": true}
{"timestamp": "2026-06-03T08:49:38.996132", "user": "USER_016", "type": "email", "hour": 3, "external": true}
{"timestamp": "2026-06-03T08:49:38.996132", "user": "USER_016", "type": "email", "hour": 3, "external": true}
{"timestamp": "2026-06-03T08:49:38.996132", "user": "USER_016", "type": "email", "hour": 3, "external": true}
{"timestamp": "2026-06-03T08:49:38.996132", "user": "USER_016", "type": "email", "hour": 3, "external": true}
{"timestamp": "2026-06-03T08:49:39.497306", "user": "USER_002", "type": "file", "hour": 8, "filename": "doc_746.docx"}
{"timestamp": "2026-06-03T08:49:39.998070", "user": "USER_003", "type": "email", "hour": 8, "external": false}
{"timestamp": "2026-06-03T08:49:41.500531", "user": "USER_009", "type": "email", "hour": 8, "external": false}
{"timestamp": "2026-06-03T08:49:42.001436", "user": "USER_016", "type": "file", "hour": 8, "filename": "doc_889.docx"}
{"timestamp": "2026-06-03T08:49:42.502167", "user": "USER_006", "type": "file", "hour": 8, "filename": "doc_659.exe"}
{"timestamp": "2026-06-03T08:49:43.503997", "user": "USER_009", "type": "device", "hour": 8, "action": "connect"}
{"timestamp": "2026-06-03T08:49:44.005016", "user": "USER_001", "type": "file", "hour": 8, "filename": "doc_932.docx"}
{"timestamp": "2026-06-03T08:49:45.006724", "user": "USER_006", "type": "file", "hour": 8, "filename": "doc_775.exe"}
{"timestamp": "2026-06-03T08:49:46.007660", "user": "USER_008", "type": "file", "hour": 8, "filename": "doc_320.xlsx"}
{"timestamp": "2026-06-03T08:49:46.508482", "user": "USER_007", "type": "file", "hour": 8, "filename": "doc_779.xlsx"}
{"timestamp": "2026-06-03T08:49:47.009475", "user": "USER_019", "type": "logon", "hour": 8}
{"timestamp": "2026-06-03T08:49:47.510392", "user": "USER_020", "type": "file", "hour": 8, "filename": "doc_673.docx"}
{"timestamp": "2026-06-03T08:49:49.012531", "user": "USER_005", "type": "file", "hour": 8, "filename": "doc_298.pdf"}
{"timestamp": "2026-06-03T08:49:49.513225", "user": "USER_018", "type": "file", "hour": 8, "filename": "doc_114.xlsx"}
{"timestamp": "2026-06-03T08:49:50.014223", "user": "USER_015", "type": "file", "hour": 8, "filename": "doc_136.pdf"}
{"timestamp": "2026-06-03T08:49:50.514770", "user": "USER_018", "type": "device", "hour": 8, "action": "disconnect"}
{"timestamp": "2026-06-03T08:49:51.015716", "user": "USER_001", "type": "email", "hour": 8, "external": true}
{"timestamp": "2026-06-03T08:49:51.516541", "user": "USER_020", "type": "file", "hour": 8, "filename": "doc_348.zip"}
{"timestamp": "2026-06-03T08:49:52.017408", "user": "USER_003", "type": "email", "hour": 8, "external": false}
{"timestamp": "2026-06-03T08:49:52.518014", "user": "USER_002", "type": "email", "hour": 8, "external": true}
{"timestamp": "2026-06-03T08:49:53.018825", "user": "USER_010", "type": "device", "hour": 8, "action": "connect"}
{"timestamp": "2026-06-03T08:49:54.020190", "user": "USER_015", "type": "file", "hour": 8, "filename": "doc_592.zip"}
{"timestamp": "2026-06-03T08:49:54.521106", "user": "USER_003", "type": "email", "hour": 8, "external": true}
{"timestamp": "2026-06-03T08:49:55.522356", "user": "USER_012", "type": "file", "hour": 8, "filename": "doc_755.zip"}
{"timestamp": "2026-06-03T08:49:56.023356", "user": "USER_003", "type": "email", "hour": 8, "external": false}
{"timestamp": "2026-06-03T08:49:56.524615", "user": "USER_010", "type": "email", "hour": 8, "external": false}
{"timestamp": "2026-06-03T08:49:57.525999", "user": "USER_001", "type": "email", "hour": 8, "external": false}
{"timestamp": "2026-06-03T08:49:58.026944", "user": "USER_003", "type": "file", "hour": 8, "filename": "doc_540.xlsx"}
{"timestamp": "2026-06-03T08:49:58.527798", "user": "USER_010", "type": "file", "hour": 8, "filename": "doc_365.pdf"}
{"timestamp": "2026-06-03T08:49:59.028294", "user": "USER_019", "type": "logon", "hour": 8}
{"timestamp": "2026-06-03T08:50:00.029322", "user": "USER_003", "type": "file", "hour": 8, "filename": "doc_350.pdf"}
{"timestamp": "2026-06-03T08:50:01.030890", "user": "USER_011", "type": "logon", "hour": 8}
{"timestamp": "2026-06-03T08:50:01.532323", "user": "USER_013", "type": "file", "hour": 3, "filename": "sensitive_data_56.zip"}
{"timestamp": "2026-06-03T08:50:01.532323", "user": "USER_013", "type": "file", "hour": 3, "filename": "sensitive_data_99.zip"}
{"timestamp": "2026-06-03T08:50:01.532323", "user": "USER_013", "type": "file", "hour": 3, "filename": "sensitive_data_55.zip"}
{"timestamp": "2026-06-03T08:50:01.532323", "user": "USER_013", "type": "file", "hour": 3, "filename": "sensitive_data_90.zip"}
{"timestamp": "2026-06-03T08:50:01.532323", "user": "USER_013", "type": "file", "hour": 3, "filename": "sensitive_data_33.zip"}
{"timestamp": "2026-06-03T08:50:01.532323", "user": "USER_013", "type": "file", "hour": 3, "filename": "sensitive_data_2.zip"}
{"timestamp": "2026-06-03T08:50:01.532323", "user": "USER_013", "type": "file", "hour": 3, "filename": "sensitive_data_10.zip"}
{"timestamp": "2026-06-03T08:50:01.532323", "user": "USER_013", "type": "file", "hour": 3, "filename": "sensitive_data_44.zip"}
{"timestamp": "2026-06-03T08:50:01.532323", "user": "USER_013", "type": "file", "hour": 3, "filename": "sensitive_data_73.zip"}
{"timestamp": "2026-06-03T08:50:01.532323", "user": "USER_013", "type": "file", "hour": 3, "filename": "sensitive_data_54.zip"}
{"timestamp": "2026-06-03T08:50:01.532323", "user": "USER_013", "type": "file", "hour": 3, "filename": "sensitive_data_54.zip"}
{"timestamp": "2026-06-03T08:50:01.532323", "user": "USER_013", "type": "file", "hour": 3, "filename": "sensitive_data_22.zip"}
{"timestamp": "2026-06-03T08:50:01.532323", "user": "USER_013", "type": "file", "hour": 3, "filename": "sensitive_data_84.zip"}
{"timestamp": "2026-06-03T08:50:01.532323", "user": "USER_013", "type": "file", "hour": 3, "filename": "sensitive_data_71.zip"}
{"timestamp": "2026-06-03T08:50:01.532323", "user": "USER_013", "type": "file", "hour": 3, "filename": "sensitive_data_64.zip"}
{"timestamp": "2026-06-03T08:50:01.532323", "user": "USER_013", "type": "file", "hour": 3, "filename": "sensitive_data_78.zip"}
{"timestamp": "2026-06-03T08:50:01.532323", "user": "USER_013", "type": "file", "hour": 3, "filename": "sensitive_data_23.zip"}
{"timestamp": "2026-06-03T08:50:01.532323", "user": "USER_013", "type": "file", "hour": 3, "filename": "sensitive_data_20.zip"}
{"timestamp": "2026-06-03T08:50:01.532323", "user": "USER_013", "type": "file", "hour": 3, "filename": "sensitive_data_24.zip"}
{"timestamp": "2026-06-03T08:50:01.532323", "user": "USER_013", "type": "file", "hour": 3, "filename": "sensitive_data_86.zip"}
{"timestamp": "2026-06-03T08:50:01.532323", "user": "USER_013", "type": "file", "hour": 3, "filename": "sensitive_data_1.zip"}
{"timestamp": "2026-06-03T08:50:01.532323", "user": "USER_013", "type": "file", "hour": 3, "filename": "sensitive_data_99.zip"}
{"timestamp": "2026-06-03T08:50:01.532323", "user": "USER_013", "type": "file", "hour": 3, "filename": "sensitive_data_100.zip"}
{"timestamp": "2026-06-03T08:50:01.532323", "user": "USER_013", "type": "file", "hour": 3, "filename": "sensitive_data_13.zip"}
{"timestamp": "2026-06-03T08:50:01.532323", "user": "USER_013", "type": "file", "hour": 3, "filename": "sensitive_data_3.zip"}
{"timestamp": "2026-06-03T08:50:01.532323", "user": "USER_013", "type": "file", "hour": 3, "filename": "sensitive_data_40.zip"}
{"timestamp": "2026-06-03T08:50:01.532323", "user": "USER_013", "type": "file", "hour": 3, "filename": "sensitive_data_77.zip"}
{"timestamp": "2026-06-03T08:50:01.532323", "user": "USER_013", "type": "file", "hour": 3, "filename": "sensitive_data_62.zip"}
{"timestamp": "2026-06-03T08:50:01.532323", "user": "USER_013", "type": "file", "hour": 3, "filename": "sensitive_data_82.zip"}
{"timestamp": "2026-06-03T08:50:01.532323", "user": "USER_013", "type": "file", "hour": 3, "filename": "sensitive_data_81.zip"}
{"timestamp": "2026-06-03T08:50:01.532323", "user": "USER_013", "type": "email", "hour": 3, "external": true}
{"timestamp": "2026-06-03T08:50:01.532323", "user": "USER_013", "type": "email", "hour": 3, "external": true}
{"timestamp": "2026-06-03T08:50:01.532323", "user": "USER_013", "type": "email", "hour": 3, "external": true}
{"timestamp": "2026-06-03T08:50:01.532323", "user": "USER_013", "type": "email", "hour": 3, "external": true}
{"timestamp": "2026-06-03T08:50:01.532323", "user": "USER_013", "type": "email", "hour": 3, "external": true}
{"timestamp": "2026-06-03T08:50:01.532323", "user": "USER_013", "type": "email", "hour": 3, "external": true}
{"timestamp": "2026-06-03T08:50:01.532323", "user": "USER_013", "type": "email", "hour": 3, "external": true}
{"timestamp": "2026-06-03T08:50:01.532323", "user": "USER_013", "type": "email", "hour": 3, "external": true}
{"timestamp": "2026-06-03T08:50:01.532323", "user": "USER_013", "type": "email", "hour": 3, "external": true}
{"timestamp": "2026-06-03T08:50:01.532323", "user": "USER_013", "type": "email", "hour": 3, "external": true}
{"timestamp": "2026-06-03T08:50:01.532323", "user": "USER_013", "type": "email", "hour": 3, "external": true}
{"timestamp": "2026-06-03T08:50:01.532323", "user": "USER_013", "type": "email", "hour": 3, "external": true}
{"timestamp": "2026-06-03T08:50:01.532323", "user": "USER_013", "type": "email", "hour": 3, "external": true}
{"timestamp": "2026-06-03T08:50:02.534202", "user": "USER_009", "type": "email", "hour": 8, "external": false}
{"timestamp": "2026-06-03T08:50:03.035095", "user": "USER_010", "type": "file", "hour": 8, "filename": "doc_153.xlsx"}
{"timestamp": "2026-06-03T08:50:04.036636", "user": "USER_002", "type": "file", "hour": 8, "filename": "doc_556.zip"}
{"timestamp": "2026-06-03T08:50:04.537669", "user": "USER_012", "type": "email", "hour": 8, "external": true}
{"timestamp": "2026-06-03T08:50:05.539124", "user": "USER_015", "type": "file", "hour": 8, "filename": "doc_237.pdf"}
{"timestamp": "2026-06-03T08:50:06.039880", "user": "USER_010", "type": "email", "hour": 8, "external": true}
{"timestamp": "2026-06-03T08:50:06.540934", "user": "USER_010", "type": "email", "hour": 8, "external": false}
{"timestamp": "2026-06-03T08:50:07.041805", "user": "USER_016", "type": "file", "hour": 8, "filename": "doc_527.exe"}
{"timestamp": "2026-06-03T08:50:08.043411", "user": "USER_005", "type": "file", "hour": 8, "filename": "doc_954.pdf"}
{"timestamp": "2026-06-03T08:50:08.544285", "user": "USER_003", "type": "file", "hour": 8, "filename": "doc_115.zip"}
{"timestamp": "2026-06-03T08:50:09.045053", "user": "USER_001", "type": "file", "hour": 8, "filename": "doc_599.xlsx"}
{"timestamp": "2026-06-03T08:50:09.546046", "user": "USER_008", "type": "file", "hour": 8, "filename": "doc_538.docx"}
{"timestamp": "2026-06-03T08:50:10.046450", "user": "USER_016", "type": "email", "hour": 8, "external": false}
{"timestamp": "2026-06-03T08:50:10.547301", "user": "USER_014", "type": "file", "hour": 8, "filename": "doc_135.zip"}
{"timestamp": "2026-06-03T08:50:11.048172", "user": "USER_006", "type": "file", "hour": 8, "filename": "doc_416.pdf"}
{"timestamp": "2026-06-03T08:50:11.549044", "user": "USER_010", "type": "email", "hour": 8, "external": false}
{"timestamp": "2026-06-03T08:50:12.050504", "user": "USER_015", "type": "email", "hour": 8, "external": false}
{"timestamp": "2026-06-03T08:50:13.553323", "user": "USER_003", "type": "email", "hour": 8, "external": false}
{"timestamp": "2026-06-03T08:50:14.054103", "user": "USER_006", "type": "email", "hour": 8, "external": false}
{"timestamp": "2026-06-03T08:50:14.554708", "user": "USER_017", "type": "email", "hour": 8, "external": true}
{"timestamp": "2026-06-03T08:50:15.055708", "user": "USER_018", "type": "file", "hour": 8, "filename": "doc_548.zip"}
{"timestamp": "2026-06-03T08:50:16.057318", "user": "USER_001", "type": "file", "hour": 8, "filename": "doc_415.pdf"}
{"timestamp": "2026-06-03T08:50:16.057748", "user": "USER_019", "type": "file", "hour": 3, "filename": "sensitive_data_44.zip"}
{"timestamp": "2026-06-03T08:50:16.057748", "user": "USER_019", "type": "file", "hour": 3, "filename": "sensitive_data_3.zip"}
{"timestamp": "2026-06-03T08:50:16.057748", "user": "USER_019", "type": "file", "hour": 3, "filename": "sensitive_data_9.zip"}
{"timestamp": "2026-06-03T08:50:16.057748", "user": "USER_019", "type": "file", "hour": 3, "filename": "sensitive_data_82.zip"}
{"timestamp": "2026-06-03T08:50:16.057748", "user": "USER_019", "type": "file", "hour": 3, "filename": "sensitive_data_9.zip"}
{"timestamp": "2026-06-03T08:50:16.057748", "user": "USER_019", "type": "file", "hour": 3, "filename": "sensitive_data_11.zip"}
{"timestamp": "2026-06-03T08:50:16.057748", "user": "USER_019", "type": "file", "hour": 3, "filename": "sensitive_data_69.zip"}
{"timestamp": "2026-06-03T08:50:16.057748", "user": "USER_019", "type": "file", "hour": 3, "filename": "sensitive_data_18.zip"}
{"timestamp": "2026-06-03T08:50:16.057748", "user": "USER_019", "type": "file", "hour": 3, "filename": "sensitive_data_83.zip"}
{"timestamp": "2026-06-03T08:50:16.057748", "user": "USER_019", "type": "file", "hour": 3, "filename": "sensitive_data_79.zip"}
{"timestamp": "2026-06-03T08:50:16.057748", "user": "USER_019", "type": "file", "hour": 3, "filename": "sensitive_data_43.zip"}
{"timestamp": "2026-06-03T08:50:16.057748", "user": "USER_019", "type": "file", "hour": 3, "filename": "sensitive_data_67.zip"}
{"timestamp": "2026-06-03T08:50:16.057748", "user": "USER_019", "type": "file", "hour": 3, "filename": "sensitive_data_53.zip"}
{"timestamp": "2026-06-03T08:50:16.057748", "user": "USER_019", "type": "file", "hour": 3, "filename": "sensitive_data_87.zip"}
{"timestamp": "2026-06-03T08:50:16.057748", "user": "USER_019", "type": "file", "hour": 3, "filename": "sensitive_data_71.zip"}
{"timestamp": "2026-06-03T08:50:16.057748", "user": "USER_019", "type": "file", "hour": 3, "filename": "sensitive_data_22.zip"}
{"timestamp": "2026-06-03T08:50:16.057748", "user": "USER_019", "type": "file", "hour": 3, "filename": "sensitive_data_5.zip"}
{"timestamp": "2026-06-03T08:50:16.057748", "user": "USER_019", "type": "file", "hour": 3, "filename": "sensitive_data_62.zip"}
{"timestamp": "2026-06-03T08:50:16.057748", "user": "USER_019", "type": "file", "hour": 3, "filename": "sensitive_data_11.zip"}
{"timestamp": "2026-06-03T08:50:16.057748", "user": "USER_019", "type": "file", "hour": 3, "filename": "sensitive_data_50.zip"}
{"timestamp": "2026-06-03T08:50:16.057748", "user": "USER_019", "type": "file", "hour": 3, "filename": "sensitive_data_56.zip"}
{"timestamp": "2026-06-03T08:50:16.057748", "user": "USER_019", "type": "file", "hour": 3, "filename": "sensitive_data_88.zip"}
{"timestamp": "2026-06-03T08:50:16.057748", "user": "USER_019", "type": "file", "hour": 3, "filename": "sensitive_data_68.zip"}
{"timestamp": "2026-06-03T08:50:16.057748", "user": "USER_019", "type": "file", "hour": 3, "filename": "sensitive_data_47.zip"}
{"timestamp": "2026-06-03T08:50:16.057748", "user": "USER_019", "type": "file", "hour": 3, "filename": "sensitive_data_67.zip"}
{"timestamp": "2026-06-03T08:50:16.057748", "user": "USER_019", "type": "file", "hour": 3, "filename": "sensitive_data_96.zip"}
{"timestamp": "2026-06-03T08:50:16.057748", "user": "USER_019", "type": "file", "hour": 3, "filename": "sensitive_data_91.zip"}
{"timestamp": "2026-06-03T08:50:16.057748", "user": "USER_019", "type": "file", "hour": 3, "filename": "sensitive_data_73.zip"}
{"timestamp": "2026-06-03T08:50:16.057748", "user": "USER_019", "type": "file", "hour": 3, "filename": "sensitive_data_45.zip"}
{"timestamp": "2026-06-03T08:50:16.057748", "user": "USER_019", "type": "file", "hour": 3, "filename": "sensitive_data_80.zip"}
{"timestamp": "2026-06-03T08:50:16.057748", "user": "USER_019", "type": "file", "hour": 3, "filename": "sensitive_data_88.zip"}
{"timestamp": "2026-06-03T08:50:16.057748", "user": "USER_019", "type": "file", "hour": 3, "filename": "sensitive_data_14.zip"}
{"timestamp": "2026-06-03T08:50:16.057748", "user": "USER_019", "type": "file", "hour": 3, "filename": "sensitive_data_71.zip"}
{"timestamp": "2026-06-03T08:50:16.057748", "user": "USER_019", "type": "file", "hour": 3, "filename": "sensitive_data_13.zip"}
{"timestamp": "2026-06-03T08:50:16.057748", "user": "USER_019", "type": "email", "hour": 3, "external": true}
{"timestamp": "2026-06-03T08:50:16.057748", "user": "USER_019", "type": "email", "hour": 3, "external": true}
{"timestamp": "2026-06-03T08:50:16.057748", "user": "USER_019", "type": "email", "hour": 3, "external": true}
{"timestamp": "2026-06-03T08:50:16.057748", "user": "USER_019", "type": "email", "hour": 3, "external": true}
{"timestamp": "2026-06-03T08:50:16.057748", "user": "USER_019", "type": "email", "hour": 3, "external": true}
{"timestamp": "2026-06-03T08:50:16.057748", "user": "USER_019", "type": "email", "hour": 3, "external": true}
{"timestamp": "2026-06-03T08:50:16.057748", "user": "USER_019", "type": "email", "hour": 3, "external": true}
{"timestamp": "2026-06-03T08:50:16.057748", "user": "USER_019", "type": "email", "hour": 3, "external": true}
{"timestamp": "2026-06-03T08:50:16.057748", "user": "USER_019", "type": "email", "hour": 3, "external": true}
{"timestamp": "2026-06-03T08:50:16.057748", "user": "USER_019", "type": "email", "hour": 3, "external": true}
{"timestamp": "2026-06-03T08:50:16.057748", "user": "USER_019", "type": "email", "hour": 3, "external": true}
{"timestamp": "2026-06-03T08:50:16.057748", "user": "USER_019", "type": "email", "hour": 3, "external": true}
{"timestamp": "2026-06-03T08:50:17.059676", "user": "USER_002", "type": "email", "hour": 8, "external": false}
{"timestamp": "2026-06-03T08:50:17.560485", "user": "USER_012", "type": "file", "hour": 8, "filename": "doc_316.xlsx"}
{"timestamp": "2026-06-03T08:50:18.061543", "user": "USER_006", "type": "email", "hour": 8, "external": true}
{"timestamp": "2026-06-03T08:50:19.062579", "user": "USER_018", "type": "email", "hour": 8, "external": true}
{"timestamp": "2026-06-03T08:50:19.563069", "user": "USER_020", "type": "file", "hour": 8, "filename": "doc_920.zip"}
{"timestamp": "2026-06-03T08:50:20.063675", "user": "USER_010", "type": "email", "hour": 8, "external": true}
{"timestamp": "2026-06-03T08:50:20.564719", "user": "USER_014", "type": "file", "hour": 8, "filename": "doc_792.docx"}
{"timestamp": "2026-06-03T08:50:21.065589", "user": "USER_019", "type": "email", "hour": 8, "external": false}
{"timestamp": "2026-06-03T08:50:21.566638", "user": "USER_015", "type": "email", "hour": 8, "external": false}
{"timestamp": "2026-06-03T08:50:22.067738", "user": "USER_003", "type": "device", "hour": 8, "action": "connect"}
{"timestamp": "2026-06-03T08:50:22.568549", "user": "USER_018", "type": "file", "hour": 8, "filename": "doc_460.xlsx"}
{"timestamp": "2026-06-03T08:50:23.069484", "user": "USER_007", "type": "device", "hour": 8, "action": "disconnect"}
{"timestamp": "2026-06-03T08:50:23.570454", "user": "USER_003", "type": "email", "hour": 8, "external": true}
{"timestamp": "2026-06-03T08:50:24.071257", "user": "USER_016", "type": "email", "hour": 8, "external": false}
{"timestamp": "2026-06-03T08:50:24.572079", "user": "USER_004", "type": "logon", "hour": 8}
{"timestamp": "2026-06-03T08:50:25.072830", "user": "USER_015", "type": "file", "hour": 8, "filename": "doc_276.docx"}
{"timestamp": "2026-06-03T08:50:25.573465", "user": "USER_014", "type": "file", "hour": 8, "filename": "doc_616.pdf"}
{"timestamp": "2026-06-03T08:50:26.074105", "user": "USER_012", "type": "email", "hour": 8, "external": false}
{"timestamp": "2026-06-03T08:50:27.075290", "user": "USER_001", "type": "email", "hour": 8, "external": true}
{"timestamp": "2026-06-03T08:50:27.575719", "user": "USER_002", "type": "email", "hour": 8, "external": false}
{"timestamp": "2026-06-03T08:50:28.576765", "user": "USER_003", "type": "email", "hour": 8, "external": false}
{"timestamp": "2026-06-03T08:50:29.077228", "user": "USER_014", "type": "email", "hour": 8, "external": true}
{"timestamp": "2026-06-03T08:50:30.079233", "user": "USER_002", "type": "file", "hour": 8, "filename": "doc_648.exe"}
{"timestamp": "2026-06-03T08:50:30.580085", "user": "USER_018", "type": "email", "hour": 8, "external": false}
{"timestamp": "2026-06-03T08:50:31.081059", "user": "USER_012", "type": "file", "hour": 8, "filename": "doc_132.xlsx"}
{"timestamp": "2026-06-03T08:50:31.582092", "user": "USER_004", "type": "email", "hour": 8, "external": false}
{"timestamp": "2026-06-03T08:50:32.083011", "user": "USER_002", "type": "email", "hour": 8, "external": false}
{"timestamp": "2026-06-03T08:50:32.584419", "user": "USER_010", "type": "file", "hour": 8, "filename": "doc_608.exe"}
{"timestamp": "2026-06-03T08:50:33.085266", "user": "USER_015", "type": "file", "hour": 8, "filename": "doc_737.pdf"}
{"timestamp": "2026-06-03T08:50:33.085561", "user": "USER_014", "type": "file", "hour": 3, "filename": "sensitive_data_22.zip"}
{"timestamp": "2026-06-03T08:50:33.085561", "user": "USER_014", "type": "file", "hour": 3, "filename": "sensitive_data_32.zip"}
{"timestamp": "2026-06-03T08:50:33.085561", "user": "USER_014", "type": "file", "hour": 3, "filename": "sensitive_data_63.zip"}
{"timestamp": "2026-06-03T08:50:33.085561", "user": "USER_014", "type": "file", "hour": 3, "filename": "sensitive_data_36.zip"}
{"timestamp": "2026-06-03T08:50:33.085561", "user": "USER_014", "type": "file", "hour": 3, "filename": "sensitive_data_21.zip"}
{"timestamp": "2026-06-03T08:50:33.085561", "user": "USER_014", "type": "file", "hour": 3, "filename": "sensitive_data_76.zip"}
{"timestamp": "2026-06-03T08:50:33.085561", "user": "USER_014", "type": "file", "hour": 3, "filename": "sensitive_data_70.zip"}
{"timestamp": "2026-06-03T08:50:33.085561", "user": "USER_014", "type": "file", "hour": 3, "filename": "sensitive_data_36.zip"}
{"timestamp": "2026-06-03T08:50:33.085561", "user": "USER_014", "type": "file", "hour": 3, "filename": "sensitive_data_27.zip"}
{"timestamp": "2026-06-03T08:50:33.085561", "user": "USER_014", "type": "file", "hour": 3, "filename": "sensitive_data_97.zip"}
{"timestamp": "2026-06-03T08:50:33.085561", "user": "USER_014", "type": "file", "hour": 3, "filename": "sensitive_data_78.zip"}
{"timestamp": "2026-06-03T08:50:33.085561", "user": "USER_014", "type": "file", "hour": 3, "filename": "sensitive_data_17.zip"}
{"timestamp": "2026-06-03T08:50:33.085561", "user": "USER_014", "type": "file", "hour": 3, "filename": "sensitive_data_80.zip"}
{"timestamp": "2026-06-03T08:50:33.085561", "user": "USER_014", "type": "file", "hour": 3, "filename": "sensitive_data_95.zip"}
{"timestamp": "2026-06-03T08:50:33.085561", "user": "USER_014", "type": "file", "hour": 3, "filename": "sensitive_data_26.zip"}
{"timestamp": "2026-06-03T08:50:33.085561", "user": "USER_014", "type": "file", "hour": 3, "filename": "sensitive_data_58.zip"}
{"timestamp": "2026-06-03T08:50:33.085561", "user": "USER_014", "type": "file", "hour": 3, "filename": "sensitive_data_80.zip"}
{"timestamp": "2026-06-03T08:50:33.085561", "user": "USER_014", "type": "file", "hour": 3, "filename": "sensitive_data_14.zip"}
{"timestamp": "2026-06-03T08:50:33.085561", "user": "USER_014", "type": "file", "hour": 3, "filename": "sensitive_data_5.zip"}
{"timestamp": "2026-06-03T08:50:33.085561", "user": "USER_014", "type": "file", "hour": 3, "filename": "sensitive_data_31.zip"}
{"timestamp": "2026-06-03T08:50:33.085561", "user": "USER_014", "type": "file", "hour": 3, "filename": "sensitive_data_55.zip"}
{"timestamp": "2026-06-03T08:50:33.085561", "user": "USER_014", "type": "file", "hour": 3, "filename": "sensitive_data_3.zip"}
{"timestamp": "2026-06-03T08:50:33.085561", "user": "USER_014", "type": "file", "hour": 3, "filename": "sensitive_data_78.zip"}
{"timestamp": "2026-06-03T08:50:33.085561", "user": "USER_014", "type": "file", "hour": 3, "filename": "sensitive_data_18.zip"}
{"timestamp": "2026-06-03T08:50:33.085561", "user": "USER_014", "type": "file", "hour": 3, "filename": "sensitive_data_64.zip"}
{"timestamp": "2026-06-03T08:50:33.085561", "user": "USER_014", "type": "file", "hour": 3, "filename": "sensitive_data_34.zip"}
{"timestamp": "2026-06-03T08:50:33.085561", "user": "USER_014", "type": "file", "hour": 3, "filename": "sensitive_data_28.zip"}
{"timestamp": "2026-06-03T08:50:33.085561", "user": "USER_014", "type": "file", "hour": 3, "filename": "sensitive_data_22.zip"}
{"timestamp": "2026-06-03T08:50:33.085561", "user": "USER_014", "type": "file", "hour": 3, "filename": "sensitive_data_22.zip"}
{"timestamp": "2026-06-03T08:50:33.085561", "user": "USER_014", "type": "file", "hour": 3, "filename": "sensitive_data_50.zip"}
{"timestamp": "2026-06-03T08:50:33.085561", "user": "USER_014", "type": "file", "hour": 3, "filename": "sensitive_data_51.zip"}
{"timestamp": "2026-06-03T08:50:33.085561", "user": "USER_014", "type": "file", "hour": 3, "filename": "sensitive_data_39.zip"}
{"timestamp": "2026-06-03T08:50:33.085561", "user": "USER_014", "type": "file", "hour": 3, "filename": "sensitive_data_55.zip"}
{"timestamp": "2026-06-03T08:50:33.085561", "user": "USER_014", "type": "file", "hour": 3, "filename": "sensitive_data_38.zip"}
{"timestamp": "2026-06-03T08:50:33.085561", "user": "USER_014", "type": "file", "hour": 3, "filename": "sensitive_data_87.zip"}
{"timestamp": "2026-06-03T08:50:33.085561", "user": "USER_014", "type": "file", "hour": 3, "filename": "sensitive_data_87.zip"}
{"timestamp": "2026-06-03T08:50:33.085561", "user": "USER_014", "type": "file", "hour": 3, "filename": "sensitive_data_90.zip"}
{"timestamp": "2026-06-03T08:50:33.085561", "user": "USER_014", "type": "file", "hour": 3, "filename": "sensitive_data_2.zip"}
{"timestamp": "2026-06-03T08:50:33.085561", "user": "USER_014", "type": "email", "hour": 3, "external": true}
{"timestamp": "2026-06-03T08:50:33.085561", "user": "USER_014", "type": "email", "hour": 3, "external": true}
{"timestamp": "2026-06-03T08:50:33.085561", "user": "USER_014", "type": "email", "hour": 3, "external": true}
{"timestamp": "2026-06-03T08:50:33.085561", "user": "USER_014", "type": "email", "hour": 3, "external": true}
{"timestamp": "2026-06-03T08:50:33.085561", "user": "USER_014", "type": "email", "hour": 3, "external": true}
{"timestamp": "2026-06-03T08:50:33.085561", "user": "USER_014", "type": "email", "hour": 3, "external": true}
{"timestamp": "2026-06-03T08:50:33.085561", "user": "USER_014", "type": "email", "hour": 3, "external": true}
{"timestamp": "2026-06-03T08:50:33.085561", "user": "USER_014", "type": "email", "hour": 3, "external": true}
{"timestamp": "2026-06-03T08:50:33.085561", "user": "USER_014", "type": "email", "hour": 3, "external": true}
{"timestamp": "2026-06-03T08:50:33.085561", "user": "USER_014", "type": "email", "hour": 3, "external": true}
{"timestamp": "2026-06-03T08:50:33.085561", "user": "USER_014", "type": "email", "hour": 3, "external": true}
{"timestamp": "2026-06-03T08:50:33.085561", "user": "USER_014", "type": "email", "hour": 3, "external": true}
{"timestamp": "2026-06-03T08:50:33.085561", "user": "USER_014", "type": "email", "hour": 3, "external": true}
{"timestamp": "2026-06-03T08:50:33.085561", "user": "USER_014", "type": "email", "hour": 3, "external": true}
{"timestamp": "2026-06-03T08:50:33.085561", "user": "USER_014", "type": "email", "hour": 3, "external": true}
{"timestamp": "2026-06-03T08:50:33.085561", "user": "USER_014", "type": "email", "hour": 3, "external": true}
{"timestamp": "2026-06-03T08:50:33.085561", "user": "USER_014", "type": "email", "hour": 3, "external": true}
{"timestamp": "2026-06-03T08:50:33.085561", "user": "USER_014", "type": "email", "hour": 3, "external": true}
{"timestamp": "2026-06-03T08:50:33.085561", "user": "USER_014", "type": "email", "hour": 3, "external": true}
{"timestamp": "2026-06-03T08:50:33.586829", "user": "USER_007", "type": "file", "hour": 8, "filename": "doc_950.zip"}
{"timestamp": "2026-06-03T08:50:34.087406", "user": "USER_001", "type": "logon", "hour": 8}
{"timestamp": "2026-06-03T08:50:34.588056", "user": "USER_005", "type": "file", "hour": 8, "filename": "doc_216.docx"}
{"timestamp": "2026-06-03T08:50:34.588305", "user": "USER_008", "type": "file", "hour": 3, "filename": "sensitive_data_77.zip"}
{"timestamp": "2026-06-03T08:50:34.588305", "user": "USER_008", "type": "file", "hour": 3, "filename": "sensitive_data_10.zip"}
{"timestamp": "2026-06-03T08:50:34.588305", "user": "USER_008", "type": "file", "hour": 3, "filename": "sensitive_data_85.zip"}
{"timestamp": "2026-06-03T08:50:34.588305", "user": "USER_008", "type": "file", "hour": 3, "filename": "sensitive_data_15.zip"}
{"timestamp": "2026-06-03T08:50:34.588305", "user": "USER_008", "type": "file", "hour": 3, "filename": "sensitive_data_59.zip"}
{"timestamp": "2026-06-03T08:50:34.588305", "user": "USER_008", "type": "file", "hour": 3, "filename": "sensitive_data_90.zip"}
{"timestamp": "2026-06-03T08:50:34.588305", "user": "USER_008", "type": "file", "hour": 3, "filename": "sensitive_data_58.zip"}
{"timestamp": "2026-06-03T08:50:34.588305", "user": "USER_008", "type": "file", "hour": 3, "filename": "sensitive_data_14.zip"}
{"timestamp": "2026-06-03T08:50:34.588305", "user": "USER_008", "type": "file", "hour": 3, "filename": "sensitive_data_96.zip"}
{"timestamp": "2026-06-03T08:50:34.588305", "user": "USER_008", "type": "file", "hour": 3, "filename": "sensitive_data_76.zip"}
{"timestamp": "2026-06-03T08:50:34.588305", "user": "USER_008", "type": "file", "hour": 3, "filename": "sensitive_data_34.zip"}
{"timestamp": "2026-06-03T08:50:34.588305", "user": "USER_008", "type": "file", "hour": 3, "filename": "sensitive_data_4.zip"}
{"timestamp": "2026-06-03T08:50:34.588305", "user": "USER_008", "type": "file", "hour": 3, "filename": "sensitive_data_71.zip"}
{"timestamp": "2026-06-03T08:50:34.588305", "user": "USER_008", "type": "file", "hour": 3, "filename": "sensitive_data_65.zip"}
{"timestamp": "2026-06-03T08:50:34.588305", "user": "USER_008", "type": "file", "hour": 3, "filename": "sensitive_data_7.zip"}
{"timestamp": "2026-06-03T08:50:34.588305", "user": "USER_008", "type": "file", "hour": 3, "filename": "sensitive_data_24.zip"}
{"timestamp": "2026-06-03T08:50:34.588305", "user": "USER_008", "type": "file", "hour": 3, "filename": "sensitive_data_18.zip"}
{"timestamp": "2026-06-03T08:50:34.588305", "user": "USER_008", "type": "file", "hour": 3, "filename": "sensitive_data_73.zip"}
{"timestamp": "2026-06-03T08:50:34.588305", "user": "USER_008", "type": "file", "hour": 3, "filename": "sensitive_data_82.zip"}
{"timestamp": "2026-06-03T08:50:34.588305", "user": "USER_008", "type": "file", "hour": 3, "filename": "sensitive_data_78.zip"}
{"timestamp": "2026-06-03T08:50:34.588305", "user": "USER_008", "type": "file", "hour": 3, "filename": "sensitive_data_11.zip"}
{"timestamp": "2026-06-03T08:50:34.588305", "user": "USER_008", "type": "file", "hour": 3, "filename": "sensitive_data_76.zip"}
{"timestamp": "2026-06-03T08:50:34.588305", "user": "USER_008", "type": "file", "hour": 3, "filename": "sensitive_data_17.zip"}
{"timestamp": "2026-06-03T08:50:34.588305", "user": "USER_008", "type": "file", "hour": 3, "filename": "sensitive_data_86.zip"}
{"timestamp": "2026-06-03T08:50:34.588305", "user": "USER_008", "type": "file", "hour": 3, "filename": "sensitive_data_41.zip"}
{"timestamp": "2026-06-03T08:50:34.588305", "user": "USER_008", "type": "file", "hour": 3, "filename": "sensitive_data_46.zip"}
{"timestamp": "2026-06-03T08:50:34.588305", "user": "USER_008", "type": "file", "hour": 3, "filename": "sensitive_data_67.zip"}
{"timestamp": "2026-06-03T08:50:34.588305", "user": "USER_008", "type": "file", "hour": 3, "filename": "sensitive_data_77.zip"}
{"timestamp": "2026-06-03T08:50:34.588305", "user": "USER_008", "type": "file", "hour": 3, "filename": "sensitive_data_92.zip"}
{"timestamp": "2026-06-03T08:50:34.588305", "user": "USER_008", "type": "file", "hour": 3, "filename": "sensitive_data_37.zip"}
{"timestamp": "2026-06-03T08:50:34.588305", "user": "USER_008", "type": "file", "hour": 3, "filename": "sensitive_data_37.zip"}
{"timestamp": "2026-06-03T08:50:34.588305", "user": "USER_008", "type": "file", "hour": 3, "filename": "sensitive_data_78.zip"}
{"timestamp": "2026-06-03T08:50:34.588305", "user": "USER_008", "type": "file", "hour": 3, "filename": "sensitive_data_91.zip"}
{"timestamp": "2026-06-03T08:50:34.588305", "user": "USER_008", "type": "file", "hour": 3, "filename": "sensitive_data_33.zip"}
{"timestamp": "2026-06-03T08:50:34.588305", "user": "USER_008", "type": "file", "hour": 3, "filename": "sensitive_data_18.zip"}
{"timestamp": "2026-06-03T08:50:34.588305", "user": "USER_008", "type": "file", "hour": 3, "filename": "sensitive_data_21.zip"}
{"timestamp": "2026-06-03T08:50:34.588305", "user": "USER_008", "type": "file", "hour": 3, "filename": "sensitive_data_37.zip"}
{"timestamp": "2026-06-03T08:50:34.588305", "user": "USER_008", "type": "file", "hour": 3, "filename": "sensitive_data_90.zip"}
{"timestamp": "2026-06-03T08:50:34.588305", "user": "USER_008", "type": "file", "hour": 3, "filename": "sensitive_data_70.zip"}
{"timestamp": "2026-06-03T08:50:34.588305", "user": "USER_008", "type": "file", "hour": 3, "filename": "sensitive_data_30.zip"}
{"timestamp": "2026-06-03T08:50:34.588305", "user": "USER_008", "type": "file", "hour": 3, "filename": "sensitive_data_84.zip"}
{"timestamp": "2026-06-03T08:50:34.588305", "user": "USER_008", "type": "file", "hour": 3, "filename": "sensitive_data_97.zip"}
{"timestamp": "2026-06-03T08:50:34.588305", "user": "USER_008", "type": "file", "hour": 3, "filename": "sensitive_data_57.zip"}
{"timestamp": "2026-06-03T08:50:34.588305", "user": "USER_008", "type": "file", "hour": 3, "filename": "sensitive_data_23.zip"}
{"timestamp": "2026-06-03T08:50:34.588305", "user": "USER_008", "type": "email", "hour": 3, "external": true}
{"timestamp": "2026-06-03T08:50:34.588305", "user": "USER_008", "type": "email", "hour": 3, "external": true}
{"timestamp": "2026-06-03T08:50:34.588305", "user": "USER_008", "type": "email", "hour": 3, "external": true}
{"timestamp": "2026-06-03T08:50:34.588305", "user": "USER_008", "type": "email", "hour": 3, "external": true}
{"timestamp": "2026-06-03T08:50:34.588305", "user": "USER_008", "type": "email", "hour": 3, "external": true}
{"timestamp": "2026-06-03T08:50:34.588305", "user": "USER_008", "type": "email", "hour": 3, "external": true}
{"timestamp": "2026-06-03T08:50:34.588305", "user": "USER_008", "type": "email", "hour": 3, "external": true}
{"timestamp": "2026-06-03T08:50:34.588305", "user": "USER_008", "type": "email", "hour": 3, "external": true}
{"timestamp": "2026-06-03T08:50:34.588305", "user": "USER_008", "type": "email", "hour": 3, "external": true}
{"timestamp": "2026-06-03T08:50:34.588305", "user": "USER_008", "type": "email", "hour": 3, "external": true}
{"timestamp": "2026-06-03T08:50:35.089526", "user": "USER_011", "type": "email", "hour": 8, "external": false}
{"timestamp": "2026-06-03T08:50:35.590372", "user": "USER_007", "type": "file", "hour": 8, "filename": "doc_521.exe"}
{"timestamp": "2026-06-03T08:50:35.590575", "user": "USER_017", "type": "file", "hour": 3, "filename": "sensitive_data_4.zip"}
{"timestamp": "2026-06-03T08:50:35.590575", "user": "USER_017", "type": "file", "hour": 3, "filename": "sensitive_data_9.zip"}
{"timestamp": "2026-06-03T08:50:35.590575", "user": "USER_017", "type": "file", "hour": 3, "filename": "sensitive_data_36.zip"}
{"timestamp": "2026-06-03T08:50:35.590575", "user": "USER_017", "type": "file", "hour": 3, "filename": "sensitive_data_99.zip"}
{"timestamp": "2026-06-03T08:50:35.590575", "user": "USER_017", "type": "file", "hour": 3, "filename": "sensitive_data_63.zip"}
{"timestamp": "2026-06-03T08:50:35.590575", "user": "USER_017", "type": "file", "hour": 3, "filename": "sensitive_data_59.zip"}
{"timestamp": "2026-06-03T08:50:35.590575", "user": "USER_017", "type": "file", "hour": 3, "filename": "sensitive_data_57.zip"}
{"timestamp": "2026-06-03T08:50:35.590575", "user": "USER_017", "type": "file", "hour": 3, "filename": "sensitive_data_36.zip"}
{"timestamp": "2026-06-03T08:50:35.590575", "user": "USER_017", "type": "file", "hour": 3, "filename": "sensitive_data_56.zip"}
{"timestamp": "2026-06-03T08:50:35.590575", "user": "USER_017", "type": "file", "hour": 3, "filename": "sensitive_data_55.zip"}
{"timestamp": "2026-06-03T08:50:35.590575", "user": "USER_017", "type": "file", "hour": 3, "filename": "sensitive_data_40.zip"}
{"timestamp": "2026-06-03T08:50:35.590575", "user": "USER_017", "type": "file", "hour": 3, "filename": "sensitive_data_85.zip"}
{"timestamp": "2026-06-03T08:50:35.590575", "user": "USER_017", "type": "file", "hour": 3, "filename": "sensitive_data_12.zip"}
{"timestamp": "2026-06-03T08:50:35.590575", "user": "USER_017", "type": "file", "hour": 3, "filename": "sensitive_data_11.zip"}
{"timestamp": "2026-06-03T08:50:35.590575", "user": "USER_017", "type": "file", "hour": 3, "filename": "sensitive_data_67.zip"}
{"timestamp": "2026-06-03T08:50:35.590575", "user": "USER_017", "type": "file", "hour": 3, "filename": "sensitive_data_56.zip"}
{"timestamp": "2026-06-03T08:50:35.590575", "user": "USER_017", "type": "file", "hour": 3, "filename": "sensitive_data_49.zip"}
{"timestamp": "2026-06-03T08:50:35.590575", "user": "USER_017", "type": "file", "hour": 3, "filename": "sensitive_data_48.zip"}
{"timestamp": "2026-06-03T08:50:35.590575", "user": "USER_017", "type": "file", "hour": 3, "filename": "sensitive_data_89.zip"}
{"timestamp": "2026-06-03T08:50:35.590575", "user": "USER_017", "type": "file", "hour": 3, "filename": "sensitive_data_91.zip"}
{"timestamp": "2026-06-03T08:50:35.590575", "user": "USER_017", "type": "file", "hour": 3, "filename": "sensitive_data_77.zip"}
{"timestamp": "2026-06-03T08:50:35.590575", "user": "USER_017", "type": "file", "hour": 3, "filename": "sensitive_data_31.zip"}
{"timestamp": "2026-06-03T08:50:35.590575", "user": "USER_017", "type": "file", "hour": 3, "filename": "sensitive_data_43.zip"}
{"timestamp": "2026-06-03T08:50:35.590575", "user": "USER_017", "type": "file", "hour": 3, "filename": "sensitive_data_36.zip"}
{"timestamp": "2026-06-03T08:50:35.590575", "user": "USER_017", "type": "file", "hour": 3, "filename": "sensitive_data_65.zip"}
{"timestamp": "2026-06-03T08:50:35.590575", "user": "USER_017", "type": "file", "hour": 3, "filename": "sensitive_data_88.zip"}
{"timestamp": "2026-06-03T08:50:35.590575", "user": "USER_017", "type": "file", "hour": 3, "filename": "sensitive_data_55.zip"}
{"timestamp": "2026-06-03T08:50:35.590575", "user": "USER_017", "type": "file", "hour": 3, "filename": "sensitive_data_16.zip"}
{"timestamp": "2026-06-03T08:50:35.590575", "user": "USER_017", "type": "file", "hour": 3, "filename": "sensitive_data_52.zip"}
{"timestamp": "2026-06-03T08:50:35.590575", "user": "USER_017", "type": "file", "hour": 3, "filename": "sensitive_data_34.zip"}
{"timestamp": "2026-06-03T08:50:35.590575", "user": "USER_017", "type": "file", "hour": 3, "filename": "sensitive_data_34.zip"}
{"timestamp": "2026-06-03T08:50:35.590575", "user": "USER_017", "type": "file", "hour": 3, "filename": "sensitive_data_73.zip"}
{"timestamp": "2026-06-03T08:50:35.590575", "user": "USER_017", "type": "file", "hour": 3, "filename": "sensitive_data_93.zip"}
{"timestamp": "2026-06-03T08:50:35.590575", "user": "USER_017", "type": "file", "hour": 3, "filename": "sensitive_data_52.zip"}
{"timestamp": "2026-06-03T08:50:35.590575", "user": "USER_017", "type": "file", "hour": 3, "filename": "sensitive_data_36.zip"}
{"timestamp": "2026-06-03T08:50:35.590575", "user": "USER_017", "type": "file", "hour": 3, "filename": "sensitive_data_93.zip"}
{"timestamp": "2026-06-03T08:50:35.590575", "user": "USER_017", "type": "file", "hour": 3, "filename": "sensitive_data_44.zip"}
{"timestamp": "2026-06-03T08:50:35.590575", "user": "USER_017", "type": "file", "hour": 3, "filename": "sensitive_data_25.zip"}
{"timestamp": "2026-06-03T08:50:35.590575", "user": "USER_017", "type": "file", "hour": 3, "filename": "sensitive_data_73.zip"}
{"timestamp": "2026-06-03T08:50:35.590575", "user": "USER_017", "type": "file", "hour": 3, "filename": "sensitive_data_59.zip"}
{"timestamp": "2026-06-03T08:50:35.590575", "user": "USER_017", "type": "email", "hour": 3, "external": true}
{"timestamp": "2026-06-03T08:50:35.590575", "user": "USER_017", "type": "email", "hour": 3, "external": true}
{"timestamp": "2026-06-03T08:50:35.590575", "user": "USER_017", "type": "email", "hour": 3, "external": true}
{"timestamp": "2026-06-03T08:50:35.590575", "user": "USER_017", "type": "email", "hour": 3, "external": true}
{"timestamp": "2026-06-03T08:50:35.590575", "user": "USER_017", "type": "email", "hour": 3, "external": true}
{"timestamp": "2026-06-03T08:50:35.590575", "user": "USER_017", "type": "email", "hour": 3, "external": true}
{"timestamp": "2026-06-03T08:50:35.590575", "user": "USER_017", "type": "email", "hour": 3, "external": true}
{"timestamp": "2026-06-03T08:50:35.590575", "user": "USER_017", "type": "email", "hour": 3, "external": true}
{"timestamp": "2026-06-03T08:50:35.590575", "user": "USER_017", "type": "email", "hour": 3, "external": true}
{"timestamp": "2026-06-03T08:50:35.590575", "user": "USER_017", "type": "email", "hour": 3, "external": true}
{"timestamp": "2026-06-03T08:50:35.590575", "user": "USER_017", "type": "email", "hour": 3, "external": true}
{"timestamp": "2026-06-03T08:50:35.590575", "user": "USER_017", "type": "email", "hour": 3, "external": true}
{"timestamp": "2026-06-03T08:50:35.590575", "user": "USER_017", "type": "email", "hour": 3, "external": true}
{"timestamp": "2026-06-03T08:50:35.590575", "user": "USER_017", "type": "email", "hour": 3, "external": true}
{"timestamp": "2026-06-03T08:50:36.592338", "user": "USER_018", "type": "device", "hour": 8, "action": "connect"}
{"timestamp": "2026-06-03T08:50:37.093015", "user": "USER_008", "type": "logon", "hour": 8}
{"timestamp": "2026-06-03T08:50:37.593690", "user": "USER_009", "type": "email", "hour": 8, "external": true}
{"timestamp": "2026-06-03T08:50:38.094603", "user": "USER_003", "type": "file", "hour": 8, "filename": "doc_661.exe"}
{"timestamp": "2026-06-03T08:50:38.595157", "user": "USER_010", "type": "email", "hour": 8, "external": false}
{"timestamp": "2026-06-03T08:50:39.596617", "user": "USER_009", "type": "email", "hour": 8, "external": false}
{"timestamp": "2026-06-03T08:50:40.097599", "user": "USER_014", "type": "file", "hour": 8, "filename": "doc_986.xlsx"}
{"timestamp": "2026-06-03T08:50:41.099330", "user": "USER_019", "type": "email", "hour": 8, "external": false}
{"timestamp": "2026-06-03T08:50:42.601427", "user": "USER_018", "type": "file", "hour": 8, "filename": "doc_764.xlsx"}
{"timestamp": "2026-06-03T08:50:44.103559", "user": "USER_009", "type": "file", "hour": 8, "filename": "doc_329.docx"}
{"timestamp": "2026-06-03T08:50:44.604346", "user": "USER_011", "type": "email", "hour": 8, "external": false}
{"timestamp": "2026-06-03T08:50:45.105061", "user": "USER_003", "type": "file", "hour": 8, "filename": "doc_293.exe"}
{"timestamp": "2026-06-03T08:50:45.605620", "user": "USER_008", "type": "device", "hour": 8, "action": "connect"}
{"timestamp": "2026-06-03T08:50:46.106118", "user": "USER_008", "type": "logon", "hour": 8}
{"timestamp": "2026-06-03T08:50:46.607030", "user": "USER_012", "type": "email", "hour": 8, "external": false}
{"timestamp": "2026-06-03T08:50:47.608001", "user": "USER_017", "type": "email", "hour": 8, "external": false}
{"timestamp": "2026-06-03T08:50:49.110555", "user": "USER_008", "type": "file", "hour": 8, "filename": "doc_491.exe"}
{"timestamp": "2026-06-03T08:50:49.611355", "user": "USER_009", "type": "email", "hour": 8, "external": false}
{"timestamp": "2026-06-03T08:50:50.612803", "user": "USER_020", "type": "email", "hour": 8, "external": false}
{"timestamp": "2026-06-03T08:50:51.614238", "user": "USER_019", "type": "email", "hour": 8, "external": false}
{"timestamp": "2026-06-03T08:50:52.115115", "user": "USER_014", "type": "file", "hour": 3, "filename": "sensitive_data_50.zip"}
{"timestamp": "2026-06-03T08:50:52.115115", "user": "USER_014", "type": "file", "hour": 3, "filename": "sensitive_data_75.zip"}
{"timestamp": "2026-06-03T08:50:52.115115", "user": "USER_014", "type": "file", "hour": 3, "filename": "sensitive_data_89.zip"}
{"timestamp": "2026-06-03T08:50:52.115115", "user": "USER_014", "type": "file", "hour": 3, "filename": "sensitive_data_72.zip"}
{"timestamp": "2026-06-03T08:50:52.115115", "user": "USER_014", "type": "file", "hour": 3, "filename": "sensitive_data_99.zip"}
{"timestamp": "2026-06-03T08:50:52.115115", "user": "USER_014", "type": "file", "hour": 3, "filename": "sensitive_data_51.zip"}
{"timestamp": "2026-06-03T08:50:52.115115", "user": "USER_014", "type": "file", "hour": 3, "filename": "sensitive_data_57.zip"}
{"timestamp": "2026-06-03T08:50:52.115115", "user": "USER_014", "type": "file", "hour": 3, "filename": "sensitive_data_55.zip"}
{"timestamp": "2026-06-03T08:50:52.115115", "user": "USER_014", "type": "file", "hour": 3, "filename": "sensitive_data_65.zip"}
{"timestamp": "2026-06-03T08:50:52.115115", "user": "USER_014", "type": "file", "hour": 3, "filename": "sensitive_data_42.zip"}
{"timestamp": "2026-06-03T08:50:52.115115", "user": "USER_014", "type": "file", "hour": 3, "filename": "sensitive_data_26.zip"}
{"timestamp": "2026-06-03T08:50:52.115115", "user": "USER_014", "type": "file", "hour": 3, "filename": "sensitive_data_79.zip"}
{"timestamp": "2026-06-03T08:50:52.115115", "user": "USER_014", "type": "file", "hour": 3, "filename": "sensitive_data_58.zip"}
{"timestamp": "2026-06-03T08:50:52.115115", "user": "USER_014", "type": "file", "hour": 3, "filename": "sensitive_data_93.zip"}
{"timestamp": "2026-06-03T08:50:52.115115", "user": "USER_014", "type": "file", "hour": 3, "filename": "sensitive_data_29.zip"}
{"timestamp": "2026-06-03T08:50:52.115115", "user": "USER_014", "type": "file", "hour": 3, "filename": "sensitive_data_90.zip"}
{"timestamp": "2026-06-03T08:50:52.115115", "user": "USER_014", "type": "file", "hour": 3, "filename": "sensitive_data_66.zip"}
{"timestamp": "2026-06-03T08:50:52.115115", "user": "USER_014", "type": "file", "hour": 3, "filename": "sensitive_data_29.zip"}
{"timestamp": "2026-06-03T08:50:52.115115", "user": "USER_014", "type": "file", "hour": 3, "filename": "sensitive_data_91.zip"}
{"timestamp": "2026-06-03T08:50:52.115115", "user": "USER_014", "type": "file", "hour": 3, "filename": "sensitive_data_36.zip"}
{"timestamp": "2026-06-03T08:50:52.115115", "user": "USER_014", "type": "file", "hour": 3, "filename": "sensitive_data_22.zip"}
{"timestamp": "2026-06-03T08:50:52.115115", "user": "USER_014", "type": "file", "hour": 3, "filename": "sensitive_data_69.zip"}
{"timestamp": "2026-06-03T08:50:52.115115", "user": "USER_014", "type": "file", "hour": 3, "filename": "sensitive_data_69.zip"}
{"timestamp": "2026-06-03T08:50:52.115115", "user": "USER_014", "type": "file", "hour": 3, "filename": "sensitive_data_31.zip"}
{"timestamp": "2026-06-03T08:50:52.115115", "user": "USER_014", "type": "file", "hour": 3, "filename": "sensitive_data_24.zip"}
{"timestamp": "2026-06-03T08:50:52.115115", "user": "USER_014", "type": "file", "hour": 3, "filename": "sensitive_data_73.zip"}
{"timestamp": "2026-06-03T08:50:52.115115", "user": "USER_014", "type": "file", "hour": 3, "filename": "sensitive_data_70.zip"}
{"timestamp": "2026-06-03T08:50:52.115115", "user": "USER_014", "type": "file", "hour": 3, "filename": "sensitive_data_83.zip"}
{"timestamp": "2026-06-03T08:50:52.115115", "user": "USER_014", "type": "file", "hour": 3, "filename": "sensitive_data_48.zip"}
{"timestamp": "2026-06-03T08:50:52.115115", "user": "USER_014", "type": "file", "hour": 3, "filename": "sensitive_data_77.zip"}
{"timestamp": "2026-06-03T08:50:52.115115", "user": "USER_014", "type": "file", "hour": 3, "filename": "sensitive_data_3.zip"}
{"timestamp": "2026-06-03T08:50:52.115115", "user": "USER_014", "type": "file", "hour": 3, "filename": "sensitive_data_20.zip"}
{"timestamp": "2026-06-03T08:50:52.115115", "user": "USER_014", "type": "file", "hour": 3, "filename": "sensitive_data_63.zip"}
{"timestamp": "2026-06-03T08:50:52.115115", "user": "USER_014", "type": "email", "hour": 3, "external": true}
{"timestamp": "2026-06-03T08:50:52.115115", "user": "USER_014", "type": "email", "hour": 3, "external": true}
{"timestamp": "2026-06-03T08:50:52.115115", "user": "USER_014", "type": "email", "hour": 3, "external": true}
{"timestamp": "2026-06-03T08:50:52.115115", "user": "USER_014", "type": "email", "hour": 3, "external": true}
{"timestamp": "2026-06-03T08:50:52.115115", "user": "USER_014", "type": "email", "hour": 3, "external": true}
{"timestamp": "2026-06-03T08:50:52.115115", "user": "USER_014", "type": "email", "hour": 3, "external": true}
{"timestamp": "2026-06-03T08:50:52.115115", "user": "USER_014", "type": "email", "hour": 3, "external": true}
{"timestamp": "2026-06-03T08:50:52.115115", "user": "USER_014", "type": "email", "hour": 3, "external": true}
{"timestamp": "2026-06-03T08:50:52.115115", "user": "USER_014", "type": "email", "hour": 3, "external": true}
{"timestamp": "2026-06-03T08:50:52.115115", "user": "USER_014", "type": "email", "hour": 3, "external": true}
{"timestamp": "2026-06-03T08:50:52.115115", "user": "USER_014", "type": "email", "hour": 3, "external": true}
{"timestamp": "2026-06-03T08:50:52.115115", "user": "USER_014", "type": "email", "hour": 3, "external": true}
{"timestamp": "2026-06-03T08:50:52.115115", "user": "USER_014", "type": "email", "hour": 3, "external": true}
{"timestamp": "2026-06-03T08:50:52.115115", "user": "USER_014", "type": "email", "hour": 3, "external": true}
{"timestamp": "2026-06-03T08:50:52.115115", "user": "USER_014", "type": "email", "hour": 3, "external": true}
{"timestamp": "2026-06-03T08:50:52.115115", "user": "USER_014", "type": "email", "hour": 3, "external": true}
{"timestamp": "2026-06-03T08:50:52.616706", "user": "USER_001", "type": "email", "hour": 8, "external": false}
{"timestamp": "2026-06-03T08:50:53.617865", "user": "USER_015", "type": "logon", "hour": 8}
{"timestamp": "2026-06-03T08:50:53.618353", "user": "USER_013", "type": "file", "hour": 3, "filename": "sensitive_data_8.zip"}
{"timestamp": "2026-06-03T08:50:53.618353", "user": "USER_013", "type": "file", "hour": 3, "filename": "sensitive_data_85.zip"}
{"timestamp": "2026-06-03T08:50:53.618353", "user": "USER_013", "type": "file", "hour": 3, "filename": "sensitive_data_73.zip"}
{"timestamp": "2026-06-03T08:50:53.618353", "user": "USER_013", "type": "file", "hour": 3, "filename": "sensitive_data_62.zip"}
{"timestamp": "2026-06-03T08:50:53.618353", "user": "USER_013", "type": "file", "hour": 3, "filename": "sensitive_data_38.zip"}
{"timestamp": "2026-06-03T08:50:53.618353", "user": "USER_013", "type": "file", "hour": 3, "filename": "sensitive_data_73.zip"}
{"timestamp": "2026-06-03T08:50:53.618353", "user": "USER_013", "type": "file", "hour": 3, "filename": "sensitive_data_9.zip"}
{"timestamp": "2026-06-03T08:50:53.618353", "user": "USER_013", "type": "file", "hour": 3, "filename": "sensitive_data_56.zip"}
{"timestamp": "2026-06-03T08:50:53.618353", "user": "USER_013", "type": "file", "hour": 3, "filename": "sensitive_data_89.zip"}
{"timestamp": "2026-06-03T08:50:53.618353", "user": "USER_013", "type": "file", "hour": 3, "filename": "sensitive_data_85.zip"}
{"timestamp": "2026-06-03T08:50:53.618353", "user": "USER_013", "type": "file", "hour": 3, "filename": "sensitive_data_11.zip"}
{"timestamp": "2026-06-03T08:50:53.618353", "user": "USER_013", "type": "file", "hour": 3, "filename": "sensitive_data_66.zip"}
{"timestamp": "2026-06-03T08:50:53.618353", "user": "USER_013", "type": "file", "hour": 3, "filename": "sensitive_data_31.zip"}
{"timestamp": "2026-06-03T08:50:53.618353", "user": "USER_013", "type": "file", "hour": 3, "filename": "sensitive_data_59.zip"}
{"timestamp": "2026-06-03T08:50:53.618353", "user": "USER_013", "type": "file", "hour": 3, "filename": "sensitive_data_51.zip"}
{"timestamp": "2026-06-03T08:50:53.618353", "user": "USER_013", "type": "file", "hour": 3, "filename": "sensitive_data_30.zip"}
{"timestamp": "2026-06-03T08:50:53.618353", "user": "USER_013", "type": "file", "hour": 3, "filename": "sensitive_data_15.zip"}
{"timestamp": "2026-06-03T08:50:53.618353", "user": "USER_013", "type": "file", "hour": 3, "filename": "sensitive_data_2.zip"}
{"timestamp": "2026-06-03T08:50:53.618353", "user": "USER_013", "type": "file", "hour": 3, "filename": "sensitive_data_6.zip"}
{"timestamp": "2026-06-03T08:50:53.618353", "user": "USER_013", "type": "file", "hour": 3, "filename": "sensitive_data_73.zip"}
{"timestamp": "2026-06-03T08:50:53.618353", "user": "USER_013", "type": "file", "hour": 3, "filename": "sensitive_data_31.zip"}
{"timestamp": "2026-06-03T08:50:53.618353", "user": "USER_013", "type": "file", "hour": 3, "filename": "sensitive_data_57.zip"}
{"timestamp": "2026-06-03T08:50:53.618353", "user": "USER_013", "type": "file", "hour": 3, "filename": "sensitive_data_92.zip"}
{"timestamp": "2026-06-03T08:50:53.618353", "user": "USER_013", "type": "file", "hour": 3, "filename": "sensitive_data_84.zip"}
{"timestamp": "2026-06-03T08:50:53.618353", "user": "USER_013", "type": "file", "hour": 3, "filename": "sensitive_data_92.zip"}
{"timestamp": "2026-06-03T08:50:53.618353", "user": "USER_013", "type": "file", "hour": 3, "filename": "sensitive_data_18.zip"}
{"timestamp": "2026-06-03T08:50:53.618353", "user": "USER_013", "type": "file", "hour": 3, "filename": "sensitive_data_37.zip"}
{"timestamp": "2026-06-03T08:50:53.618353", "user": "USER_013", "type": "file", "hour": 3, "filename": "sensitive_data_71.zip"}
{"timestamp": "2026-06-03T08:50:53.618353", "user": "USER_013", "type": "file", "hour": 3, "filename": "sensitive_data_22.zip"}
{"timestamp": "2026-06-03T08:50:53.618353", "user": "USER_013", "type": "file", "hour": 3, "filename": "sensitive_data_81.zip"}
{"timestamp": "2026-06-03T08:50:53.618353", "user": "USER_013", "type": "file", "hour": 3, "filename": "sensitive_data_94.zip"}
{"timestamp": "2026-06-03T08:50:53.618353", "user": "USER_013", "type": "file", "hour": 3, "filename": "sensitive_data_52.zip"}
{"timestamp": "2026-06-03T08:50:53.618353", "user": "USER_013", "type": "file", "hour": 3, "filename": "sensitive_data_25.zip"}
{"timestamp": "2026-06-03T08:50:53.618353", "user": "USER_013", "type": "file", "hour": 3, "filename": "sensitive_data_30.zip"}
{"timestamp": "2026-06-03T08:50:53.618353", "user": "USER_013", "type": "file", "hour": 3, "filename": "sensitive_data_57.zip"}
{"timestamp": "2026-06-03T08:50:53.618353", "user": "USER_013", "type": "file", "hour": 3, "filename": "sensitive_data_30.zip"}
{"timestamp": "2026-06-03T08:50:53.618353", "user": "USER_013", "type": "file", "hour": 3, "filename": "sensitive_data_85.zip"}
{"timestamp": "2026-06-03T08:50:53.618353", "user": "USER_013", "type": "file", "hour": 3, "filename": "sensitive_data_59.zip"}
{"timestamp": "2026-06-03T08:50:53.618353", "user": "USER_013", "type": "file", "hour": 3, "filename": "sensitive_data_31.zip"}
{"timestamp": "2026-06-03T08:50:53.618353", "user": "USER_013", "type": "file", "hour": 3, "filename": "sensitive_data_10.zip"}
{"timestamp": "2026-06-03T08:50:53.618353", "user": "USER_013", "type": "file", "hour": 3, "filename": "sensitive_data_3.zip"}
{"timestamp": "2026-06-03T08:50:53.618353", "user": "USER_013", "type": "file", "hour": 3, "filename": "sensitive_data_22.zip"}
{"timestamp": "2026-06-03T08:50:53.618353", "user": "USER_013", "type": "file", "hour": 3, "filename": "sensitive_data_91.zip"}
{"timestamp": "2026-06-03T08:50:53.618353", "user": "USER_013", "type": "email", "hour": 3, "external": true}
{"timestamp": "2026-06-03T08:50:53.618353", "user": "USER_013", "type": "email", "hour": 3, "external": true}
{"timestamp": "2026-06-03T08:50:53.618353", "user": "USER_013", "type": "email", "hour": 3, "external": true}
{"timestamp": "2026-06-03T08:50:53.618353", "user": "USER_013", "type": "email", "hour": 3, "external": true}
{"timestamp": "2026-06-03T08:50:53.618353", "user": "USER_013", "type": "email", "hour": 3, "external": true}
{"timestamp": "2026-06-03T08:50:53.618353", "user": "USER_013", "type": "email", "hour": 3, "external": true}
{"timestamp": "2026-06-03T08:50:53.618353", "user": "USER_013", "type": "email", "hour": 3, "external": true}
{"timestamp": "2026-06-03T08:50:53.618353", "user": "USER_013", "type": "email", "hour": 3, "external": true}
{"timestamp": "2026-06-03T08:50:53.618353", "user": "USER_013", "type": "email", "hour": 3, "external": true}
{"timestamp": "2026-06-03T08:50:53.618353", "user": "USER_013", "type": "email", "hour": 3, "external": true}
{"timestamp": "2026-06-03T08:50:53.618353", "user": "USER_013", "type": "email", "hour": 3, "external": true}
{"timestamp": "2026-06-03T08:50:53.618353", "user": "USER_013", "type": "email", "hour": 3, "external": true}
{"timestamp": "2026-06-03T08:50:53.618353", "user": "USER_013", "type": "email", "hour": 3, "external": true}
{"timestamp": "2026-06-03T08:50:53.618353", "user": "USER_013", "type": "email", "hour": 3, "external": true}
{"timestamp": "2026-06-03T08:50:53.618353", "user": "USER_013", "type": "email", "hour": 3, "external": true}
{"timestamp": "2026-06-03T08:50:53.618353", "user": "USER_013", "type": "email", "hour": 3, "external": true}
{"timestamp": "2026-06-03T08:50:53.618353", "user": "USER_013", "type": "email", "hour": 3, "external": true}
{"timestamp": "2026-06-03T08:50:53.618353", "user": "USER_013", "type": "email", "hour": 3, "external": true}
{"timestamp": "2026-06-03T08:50:53.618353", "user": "USER_013", "type": "email", "hour": 3, "external": true}
{"timestamp": "2026-06-03T08:50:54.119797", "user": "USER_007", "type": "email", "hour": 8, "external": true}
{"timestamp": "2026-06-03T08:50:54.620799", "user": "USER_001", "type": "file", "hour": 8, "filename": "doc_105.pdf"}
{"timestamp": "2026-06-03T08:50:56.122822", "user": "USER_019", "type": "email", "hour": 8, "external": false}
{"timestamp": "2026-06-03T08:50:56.623907", "user": "USER_005", "type": "file", "hour": 8, "filename": "doc_130.xlsx"}
{"timestamp": "2026-06-03T08:50:57.124873", "user": "USER_003", "type": "email", "hour": 8, "external": true}
{"timestamp": "2026-06-03T08:50:58.626781", "user": "USER_009", "type": "logon", "hour": 8}
{"timestamp": "2026-06-03T08:50:59.127832", "user": "USER_004", "type": "email", "hour": 8, "external": false}
{"timestamp": "2026-06-03T08:50:59.628554", "user": "USER_013", "type": "logon", "hour": 8}
{"timestamp": "2026-06-03T08:51:00.129569", "user": "USER_019", "type": "email", "hour": 8, "external": false}
{"timestamp": "2026-06-03T08:51:00.630256", "user": "USER_017", "type": "device", "hour": 8, "action": "disconnect"}
{"timestamp": "2026-06-03T08:51:01.131412", "user": "USER_011", "type": "device", "hour": 8, "action": "disconnect"}
{"timestamp": "2026-06-03T08:51:01.632487", "user": "USER_016", "type": "email", "hour": 8, "external": false}
{"timestamp": "2026-06-03T08:51:02.133377", "user": "USER_008", "type": "logon", "hour": 8}
{"timestamp": "2026-06-03T08:51:03.135087", "user": "USER_005", "type": "file", "hour": 8, "filename": "doc_544.pdf"}
{"timestamp": "2026-06-03T08:51:03.636339", "user": "USER_017", "type": "file", "hour": 8, "filename": "doc_974.pdf"}
{"timestamp": "2026-06-03T08:51:04.137607", "user": "USER_003", "type": "file", "hour": 8, "filename": "doc_425.exe"}
{"timestamp": "2026-06-03T08:51:04.638282", "user": "USER_013", "type": "file", "hour": 8, "filename": "doc_527.docx"}
{"timestamp": "2026-06-03T08:51:05.139100", "user": "USER_011", "type": "email", "hour": 8, "external": false}
{"timestamp": "2026-06-03T08:51:05.640399", "user": "USER_011", "type": "logon", "hour": 8}
{"timestamp": "2026-06-03T08:51:06.141283", "user": "USER_001", "type": "file", "hour": 8, "filename": "doc_625.docx"}
{"timestamp": "2026-06-03T08:51:06.642182", "user": "USER_016", "type": "email", "hour": 8, "external": false}
{"timestamp": "2026-06-03T08:51:07.143336", "user": "USER_006", "type": "email", "hour": 8, "external": true}
{"timestamp": "2026-06-03T08:51:07.644259", "user": "USER_006", "type": "email", "hour": 8, "external": false}
{"timestamp": "2026-06-03T08:51:08.144987", "user": "USER_009", "type": "file", "hour": 8, "filename": "doc_390.docx"}
{"timestamp": "2026-06-03T08:51:09.648222", "user": "USER_011", "type": "email", "hour": 8, "external": false}
{"timestamp": "2026-06-03T08:51:10.150674", "user": "USER_020", "type": "file", "hour": 8, "filename": "doc_598.pdf"}
{"timestamp": "2026-06-03T08:51:11.152543", "user": "USER_005", "type": "file", "hour": 8, "filename": "doc_735.docx"}
{"timestamp": "2026-06-03T08:51:11.653867", "user": "USER_014", "type": "file", "hour": 8, "filename": "doc_966.xlsx"}
{"timestamp": "2026-06-03T08:51:12.154991", "user": "USER_001", "type": "file", "hour": 8, "filename": "doc_287.docx"}
{"timestamp": "2026-06-03T08:51:12.655881", "user": "USER_009", "type": "email", "hour": 8, "external": false}
{"timestamp": "2026-06-03T08:51:13.157272", "user": "USER_010", "type": "file", "hour": 8, "filename": "doc_147.pdf"}
{"timestamp": "2026-06-03T08:51:13.657992", "user": "USER_010", "type": "email", "hour": 8, "external": false}
{"timestamp": "2026-06-03T08:51:14.158608", "user": "USER_008", "type": "file", "hour": 8, "filename": "doc_508.zip"}
{"timestamp": "2026-06-03T08:51:15.159988", "user": "USER_003", "type": "email", "hour": 8, "external": false}
{"timestamp": "2026-06-03T08:51:15.660861", "user": "USER_002", "type": "logon", "hour": 8}
{"timestamp": "2026-06-03T08:51:16.161635", "user": "USER_008", "type": "device", "hour": 8, "action": "disconnect"}
{"timestamp": "2026-06-03T08:51:16.162061", "user": "USER_002", "type": "file", "hour": 3, "filename": "sensitive_data_12.zip"}
{"timestamp": "2026-06-03T08:51:16.162061", "user": "USER_002", "type": "file", "hour": 3, "filename": "sensitive_data_10.zip"}
{"timestamp": "2026-06-03T08:51:16.162061", "user": "USER_002", "type": "file", "hour": 3, "filename": "sensitive_data_5.zip"}
{"timestamp": "2026-06-03T08:51:16.162061", "user": "USER_002", "type": "file", "hour": 3, "filename": "sensitive_data_44.zip"}
{"timestamp": "2026-06-03T08:51:16.162061", "user": "USER_002", "type": "file", "hour": 3, "filename": "sensitive_data_78.zip"}
{"timestamp": "2026-06-03T08:51:16.162061", "user": "USER_002", "type": "file", "hour": 3, "filename": "sensitive_data_22.zip"}
{"timestamp": "2026-06-03T08:51:16.162061", "user": "USER_002", "type": "file", "hour": 3, "filename": "sensitive_data_17.zip"}
{"timestamp": "2026-06-03T08:51:16.162061", "user": "USER_002", "type": "file", "hour": 3, "filename": "sensitive_data_84.zip"}
{"timestamp": "2026-06-03T08:51:16.162061", "user": "USER_002", "type": "file", "hour": 3, "filename": "sensitive_data_3.zip"}
{"timestamp": "2026-06-03T08:51:16.162061", "user": "USER_002", "type": "file", "hour": 3, "filename": "sensitive_data_21.zip"}
{"timestamp": "2026-06-03T08:51:16.162061", "user": "USER_002", "type": "file", "hour": 3, "filename": "sensitive_data_97.zip"}
{"timestamp": "2026-06-03T08:51:16.162061", "user": "USER_002", "type": "file", "hour": 3, "filename": "sensitive_data_21.zip"}
{"timestamp": "2026-06-03T08:51:16.162061", "user": "USER_002", "type": "file", "hour": 3, "filename": "sensitive_data_25.zip"}
{"timestamp": "2026-06-03T08:51:16.162061", "user": "USER_002", "type": "file", "hour": 3, "filename": "sensitive_data_33.zip"}
{"timestamp": "2026-06-03T08:51:16.162061", "user": "USER_002", "type": "file", "hour": 3, "filename": "sensitive_data_84.zip"}
{"timestamp": "2026-06-03T08:51:16.162061", "user": "USER_002", "type": "file", "hour": 3, "filename": "sensitive_data_77.zip"}
{"timestamp": "2026-06-03T08:51:16.162061", "user": "USER_002", "type": "file", "hour": 3, "filename": "sensitive_data_59.zip"}
{"timestamp": "2026-06-03T08:51:16.162061", "user": "USER_002", "type": "file", "hour": 3, "filename": "sensitive_data_70.zip"}
{"timestamp": "2026-06-03T08:51:16.162061", "user": "USER_002", "type": "file", "hour": 3, "filename": "sensitive_data_85.zip"}
{"timestamp": "2026-06-03T08:51:16.162061", "user": "USER_002", "type": "file", "hour": 3, "filename": "sensitive_data_5.zip"}
{"timestamp": "2026-06-03T08:51:16.162061", "user": "USER_002", "type": "file", "hour": 3, "filename": "sensitive_data_23.zip"}
{"timestamp": "2026-06-03T08:51:16.162061", "user": "USER_002", "type": "file", "hour": 3, "filename": "sensitive_data_100.zip"}
{"timestamp": "2026-06-03T08:51:16.162061", "user": "USER_002", "type": "file", "hour": 3, "filename": "sensitive_data_74.zip"}
{"timestamp": "2026-06-03T08:51:16.162061", "user": "USER_002", "type": "file", "hour": 3, "filename": "sensitive_data_7.zip"}
{"timestamp": "2026-06-03T08:51:16.162061", "user": "USER_002", "type": "file", "hour": 3, "filename": "sensitive_data_15.zip"}
{"timestamp": "2026-06-03T08:51:16.162061", "user": "USER_002", "type": "file", "hour": 3, "filename": "sensitive_data_82.zip"}
{"timestamp": "2026-06-03T08:51:16.162061", "user": "USER_002", "type": "file", "hour": 3, "filename": "sensitive_data_29.zip"}
{"timestamp": "2026-06-03T08:51:16.162061", "user": "USER_002", "type": "file", "hour": 3, "filename": "sensitive_data_22.zip"}
{"timestamp": "2026-06-03T08:51:16.162061", "user": "USER_002", "type": "file", "hour": 3, "filename": "sensitive_data_57.zip"}
{"timestamp": "2026-06-03T08:51:16.162061", "user": "USER_002", "type": "file", "hour": 3, "filename": "sensitive_data_74.zip"}
{"timestamp": "2026-06-03T08:51:16.162061", "user": "USER_002", "type": "email", "hour": 3, "external": true}
{"timestamp": "2026-06-03T08:51:16.162061", "user": "USER_002", "type": "email", "hour": 3, "external": true}
{"timestamp": "2026-06-03T08:51:16.162061", "user": "USER_002", "type": "email", "hour": 3, "external": true}
{"timestamp": "2026-06-03T08:51:16.162061", "user": "USER_002", "type": "email", "hour": 3, "external": true}
{"timestamp": "2026-06-03T08:51:16.162061", "user": "USER_002", "type": "email", "hour": 3, "external": true}
{"timestamp": "2026-06-03T08:51:16.162061", "user": "USER_002", "type": "email", "hour": 3, "external": true}
{"timestamp": "2026-06-03T08:51:16.162061", "user": "USER_002", "type": "email", "hour": 3, "external": true}
{"timestamp": "2026-06-03T08:51:16.162061", "user": "USER_002", "type": "email", "hour": 3, "external": true}
{"timestamp": "2026-06-03T08:51:16.162061", "user": "USER_002", "type": "email", "hour": 3, "external": true}
{"timestamp": "2026-06-03T08:51:16.162061", "user": "USER_002", "type": "email", "hour": 3, "external": true}
{"timestamp": "2026-06-03T08:51:16.162061", "user": "USER_002", "type": "email", "hour": 3, "external": true}
{"timestamp": "2026-06-03T08:51:16.162061", "user": "USER_002", "type": "email", "hour": 3, "external": true}
{"timestamp": "2026-06-03T08:51:16.162061", "user": "USER_002", "type": "email", "hour": 3, "external": true}
{"timestamp": "2026-06-03T08:51:16.162061", "user": "USER_002", "type": "email", "hour": 3, "external": true}
{"timestamp": "2026-06-03T08:51:16.162061", "user": "USER_002", "type": "email", "hour": 3, "external": true}
{"timestamp": "2026-06-03T08:51:16.663462", "user": "USER_010", "type": "email", "hour": 8, "external": true}
{"timestamp": "2026-06-03T08:51:17.164061", "user": "USER_003", "type": "email", "hour": 8, "external": false}
{"timestamp": "2026-06-03T08:51:18.165642", "user": "USER_002", "type": "email", "hour": 8, "external": true}
{"timestamp": "2026-06-03T08:51:19.166988", "user": "USER_003", "type": "email", "hour": 8, "external": true}
{"timestamp": "2026-06-03T08:51:19.667842", "user": "USER_013", "type": "file", "hour": 8, "filename": "doc_690.pdf"}
{"timestamp": "2026-06-03T08:51:20.168648", "user": "USER_017", "type": "device", "hour": 8, "action": "disconnect"}
{"timestamp": "2026-06-03T08:51:21.170199", "user": "USER_001", "type": "logon", "hour": 8}
{"timestamp": "2026-06-03T08:51:21.671167", "user": "USER_004", "type": "email", "hour": 8, "external": false}
{"timestamp": "2026-06-03T08:51:22.171835", "user": "USER_004", "type": "email", "hour": 8, "external": false}
{"timestamp": "2026-06-03T08:51:22.672587", "user": "USER_005", "type": "device", "hour": 8, "action": "connect"}
{"timestamp": "2026-06-03T08:51:23.173411", "user": "USER_010", "type": "file", "hour": 8, "filename": "doc_935.docx"}
{"timestamp": "2026-06-03T08:51:23.674088", "user": "USER_013", "type": "email", "hour": 8, "external": false}
{"timestamp": "2026-06-03T08:51:24.174647", "user": "USER_002", "type": "email", "hour": 8, "external": false}
{"timestamp": "2026-06-03T08:51:24.675506", "user": "USER_007", "type": "file", "hour": 8, "filename": "doc_224.pdf"}
{"timestamp": "2026-06-03T08:51:25.676734", "user": "USER_014", "type": "file", "hour": 8, "filename": "doc_852.docx"}
{"timestamp": "2026-06-03T08:51:26.177642", "user": "USER_013", "type": "file", "hour": 8, "filename": "doc_970.pdf"}
{"timestamp": "2026-06-03T08:51:26.679034", "user": "USER_019", "type": "file", "hour": 8, "filename": "doc_913.zip"}
{"timestamp": "2026-06-03T08:51:27.180250", "user": "USER_013", "type": "email", "hour": 8, "external": false}
{"timestamp": "2026-06-03T08:51:27.681668", "user": "USER_011", "type": "file", "hour": 8, "filename": "doc_956.docx"}
{"timestamp": "2026-06-03T08:51:29.186946", "user": "USER_017", "type": "email", "hour": 8, "external": false}
{"timestamp": "2026-06-03T08:51:30.188489", "user": "USER_014", "type": "email", "hour": 8, "external": false}
{"timestamp": "2026-06-03T08:51:30.689410", "user": "USER_001", "type": "file", "hour": 8, "filename": "doc_584.pdf"}
{"timestamp": "2026-06-03T08:51:31.190604", "user": "USER_006", "type": "file", "hour": 8, "filename": "doc_292.xlsx"}
{"timestamp": "2026-06-03T08:51:32.192972", "user": "USER_012", "type": "email", "hour": 8, "external": true}
{"timestamp": "2026-06-03T08:51:32.694846", "user": "USER_002", "type": "file", "hour": 8, "filename": "doc_559.zip"}
{"timestamp": "2026-06-03T08:51:33.195772", "user": "USER_018", "type": "email", "hour": 8, "external": false}
{"timestamp": "2026-06-03T08:51:33.697400", "user": "USER_011", "type": "file", "hour": 8, "filename": "doc_973.xlsx"}
{"timestamp": "2026-06-03T08:51:34.198648", "user": "USER_006", "type": "file", "hour": 8, "filename": "doc_546.zip"}
{"timestamp": "2026-06-03T08:51:34.700094", "user": "USER_008", "type": "logon", "hour": 8}
{"timestamp": "2026-06-03T08:51:35.202133", "user": "USER_008", "type": "logon", "hour": 8}
{"timestamp": "2026-06-03T08:51:35.704162", "user": "USER_005", "type": "file", "hour": 8, "filename": "doc_279.docx"}
{"timestamp": "2026-06-03T08:51:37.208583", "user": "USER_005", "type": "email", "hour": 8, "external": false}
{"timestamp": "2026-06-03T08:51:37.710130", "user": "USER_019", "type": "logon", "hour": 8}
{"timestamp": "2026-06-03T08:51:38.211128", "user": "USER_015", "type": "file", "hour": 8, "filename": "doc_856.xlsx"}
{"timestamp": "2026-06-03T08:51:38.712123", "user": "USER_010", "type": "file", "hour": 8, "filename": "doc_889.xlsx"}
{"timestamp": "2026-06-03T08:51:39.714258", "user": "USER_020", "type": "email", "hour": 8, "external": true}
{"timestamp": "2026-06-03T08:51:42.219772", "user": "USER_013", "type": "file", "hour": 8, "filename": "doc_235.exe"}
{"timestamp": "2026-06-03T08:51:43.221078", "user": "USER_003", "type": "file", "hour": 8, "filename": "doc_194.docx"}
{"timestamp": "2026-06-03T08:51:43.721736", "user": "USER_015", "type": "device", "hour": 8, "action": "connect"}
{"timestamp": "2026-06-03T08:51:44.223071", "user": "USER_002", "type": "file", "hour": 8, "filename": "doc_728.docx"}
{"timestamp": "2026-06-03T08:51:44.724670", "user": "USER_008", "type": "file", "hour": 8, "filename": "doc_789.xlsx"}
{"timestamp": "2026-06-03T08:51:45.225940", "user": "USER_011", "type": "email", "hour": 8, "external": false}
{"timestamp": "2026-06-03T08:51:45.727853", "user": "USER_017", "type": "device", "hour": 8, "action": "disconnect"}
{"timestamp": "2026-06-03T08:51:46.229828", "user": "USER_003", "type": "file", "hour": 8, "filename": "doc_408.docx"}
{"timestamp": "2026-06-03T08:51:47.234177", "user": "USER_003", "type": "email", "hour": 8, "external": false}
{"timestamp": "2026-06-03T08:51:47.735757", "user": "USER_012", "type": "email", "hour": 8, "external": false}
{"timestamp": "2026-06-03T08:51:50.240753", "user": "USER_016", "type": "email", "hour": 8, "external": true}
{"timestamp": "2026-06-03T08:51:50.742876", "user": "USER_011", "type": "file", "hour": 8, "filename": "doc_152.pdf"}
{"timestamp": "2026-06-03T08:51:51.244026", "user": "USER_002", "type": "file", "hour": 8, "filename": "doc_768.pdf"}
{"timestamp": "2026-06-03T08:51:51.745839", "user": "USER_009", "type": "file", "hour": 8, "filename": "doc_905.pdf"}
{"timestamp": "2026-06-03T08:51:52.247228", "user": "USER_020", "type": "file", "hour": 8, "filename": "doc_587.zip"}
{"timestamp": "2026-06-03T08:51:52.750218", "user": "USER_016", "type": "email", "hour": 8, "external": false}
{"timestamp": "2026-06-03T08:51:53.252044", "user": "USER_015", "type": "file", "hour": 8, "filename": "doc_555.xlsx"}
{"timestamp": "2026-06-03T08:51:53.753833", "user": "USER_013", "type": "file", "hour": 8, "filename": "doc_689.xlsx"}
{"timestamp": "2026-06-03T08:51:54.255300", "user": "USER_007", "type": "email", "hour": 8, "external": false}
{"timestamp": "2026-06-03T08:51:54.756953", "user": "USER_001", "type": "logon", "hour": 8}
{"timestamp": "2026-06-03T08:51:55.258675", "user": "USER_001", "type": "email", "hour": 8, "external": true}
{"timestamp": "2026-06-03T08:51:55.259527", "user": "USER_007", "type": "file", "hour": 3, "filename": "sensitive_data_20.zip"}
{"timestamp": "2026-06-03T08:51:55.259527", "user": "USER_007", "type": "file", "hour": 3, "filename": "sensitive_data_89.zip"}
{"timestamp": "2026-06-03T08:51:55.259527", "user": "USER_007", "type": "file", "hour": 3, "filename": "sensitive_data_99.zip"}
{"timestamp": "2026-06-03T08:51:55.259527", "user": "USER_007", "type": "file", "hour": 3, "filename": "sensitive_data_22.zip"}
{"timestamp": "2026-06-03T08:51:55.259527", "user": "USER_007", "type": "file", "hour": 3, "filename": "sensitive_data_38.zip"}
{"timestamp": "2026-06-03T08:51:55.259527", "user": "USER_007", "type": "file", "hour": 3, "filename": "sensitive_data_70.zip"}
{"timestamp": "2026-06-03T08:51:55.259527", "user": "USER_007", "type": "file", "hour": 3, "filename": "sensitive_data_6.zip"}
{"timestamp": "2026-06-03T08:51:55.259527", "user": "USER_007", "type": "file", "hour": 3, "filename": "sensitive_data_54.zip"}
{"timestamp": "2026-06-03T08:51:55.259527", "user": "USER_007", "type": "file", "hour": 3, "filename": "sensitive_data_39.zip"}
{"timestamp": "2026-06-03T08:51:55.259527", "user": "USER_007", "type": "file", "hour": 3, "filename": "sensitive_data_48.zip"}
{"timestamp": "2026-06-03T08:51:55.259527", "user": "USER_007", "type": "file", "hour": 3, "filename": "sensitive_data_62.zip"}
{"timestamp": "2026-06-03T08:51:55.259527", "user": "USER_007", "type": "file", "hour": 3, "filename": "sensitive_data_17.zip"}
{"timestamp": "2026-06-03T08:51:55.259527", "user": "USER_007", "type": "file", "hour": 3, "filename": "sensitive_data_95.zip"}
{"timestamp": "2026-06-03T08:51:55.259527", "user": "USER_007", "type": "file", "hour": 3, "filename": "sensitive_data_37.zip"}
{"timestamp": "2026-06-03T08:51:55.259527", "user": "USER_007", "type": "file", "hour": 3, "filename": "sensitive_data_99.zip"}
{"timestamp": "2026-06-03T08:51:55.259527", "user": "USER_007", "type": "file", "hour": 3, "filename": "sensitive_data_50.zip"}
{"timestamp": "2026-06-03T08:51:55.259527", "user": "USER_007", "type": "file", "hour": 3, "filename": "sensitive_data_64.zip"}
{"timestamp": "2026-06-03T08:51:55.259527", "user": "USER_007", "type": "file", "hour": 3, "filename": "sensitive_data_78.zip"}
{"timestamp": "2026-06-03T08:51:55.259527", "user": "USER_007", "type": "file", "hour": 3, "filename": "sensitive_data_36.zip"}
{"timestamp": "2026-06-03T08:51:55.259527", "user": "USER_007", "type": "file", "hour": 3, "filename": "sensitive_data_99.zip"}
{"timestamp": "2026-06-03T08:51:55.259527", "user": "USER_007", "type": "file", "hour": 3, "filename": "sensitive_data_82.zip"}
{"timestamp": "2026-06-03T08:51:55.259527", "user": "USER_007", "type": "file", "hour": 3, "filename": "sensitive_data_23.zip"}
{"timestamp": "2026-06-03T08:51:55.259527", "user": "USER_007", "type": "file", "hour": 3, "filename": "sensitive_data_73.zip"}
{"timestamp": "2026-06-03T08:51:55.259527", "user": "USER_007", "type": "file", "hour": 3, "filename": "sensitive_data_55.zip"}
{"timestamp": "2026-06-03T08:51:55.259527", "user": "USER_007", "type": "file", "hour": 3, "filename": "sensitive_data_29.zip"}
{"timestamp": "2026-06-03T08:51:55.259527", "user": "USER_007", "type": "file", "hour": 3, "filename": "sensitive_data_7.zip"}
{"timestamp": "2026-06-03T08:51:55.259527", "user": "USER_007", "type": "file", "hour": 3, "filename": "sensitive_data_93.zip"}
{"timestamp": "2026-06-03T08:51:55.259527", "user": "USER_007", "type": "file", "hour": 3, "filename": "sensitive_data_56.zip"}
{"timestamp": "2026-06-03T08:51:55.259527", "user": "USER_007", "type": "file", "hour": 3, "filename": "sensitive_data_59.zip"}
{"timestamp": "2026-06-03T08:51:55.259527", "user": "USER_007", "type": "file", "hour": 3, "filename": "sensitive_data_6.zip"}
{"timestamp": "2026-06-03T08:51:55.259527", "user": "USER_007", "type": "file", "hour": 3, "filename": "sensitive_data_47.zip"}
{"timestamp": "2026-06-03T08:51:55.259527", "user": "USER_007", "type": "file", "hour": 3, "filename": "sensitive_data_54.zip"}
{"timestamp": "2026-06-03T08:51:55.259527", "user": "USER_007", "type": "file", "hour": 3, "filename": "sensitive_data_79.zip"}
{"timestamp": "2026-06-03T08:51:55.259527", "user": "USER_007", "type": "file", "hour": 3, "filename": "sensitive_data_55.zip"}
{"timestamp": "2026-06-03T08:51:55.259527", "user": "USER_007", "type": "file", "hour": 3, "filename": "sensitive_data_76.zip"}
{"timestamp": "2026-06-03T08:51:55.259527", "user": "USER_007", "type": "file", "hour": 3, "filename": "sensitive_data_70.zip"}
{"timestamp": "2026-06-03T08:51:55.259527", "user": "USER_007", "type": "file", "hour": 3, "filename": "sensitive_data_74.zip"}
{"timestamp": "2026-06-03T08:51:55.259527", "user": "USER_007", "type": "file", "hour": 3, "filename": "sensitive_data_71.zip"}
{"timestamp": "2026-06-03T08:51:55.259527", "user": "USER_007", "type": "email", "hour": 3, "external": true}
{"timestamp": "2026-06-03T08:51:55.259527", "user": "USER_007", "type": "email", "hour": 3, "external": true}
{"timestamp": "2026-06-03T08:51:55.259527", "user": "USER_007", "type": "email", "hour": 3, "external": true}
{"timestamp": "2026-06-03T08:51:55.259527", "user": "USER_007", "type": "email", "hour": 3, "external": true}
{"timestamp": "2026-06-03T08:51:55.259527", "user": "USER_007", "type": "email", "hour": 3, "external": true}
{"timestamp": "2026-06-03T08:51:55.259527", "user": "USER_007", "type": "email", "hour": 3, "external": true}
{"timestamp": "2026-06-03T08:51:55.259527", "user": "USER_007", "type": "email", "hour": 3, "external": true}
{"timestamp": "2026-06-03T08:51:55.259527", "user": "USER_007", "type": "email", "hour": 3, "external": true}
{"timestamp": "2026-06-03T08:51:55.259527", "user": "USER_007", "type": "email", "hour": 3, "external": true}
{"timestamp": "2026-06-03T08:51:55.259527", "user": "USER_007", "type": "email", "hour": 3, "external": true}
{"timestamp": "2026-06-03T08:51:55.259527", "user": "USER_007", "type": "email", "hour": 3, "external": true}
{"timestamp": "2026-06-03T08:51:55.259527", "user": "USER_007", "type": "email", "hour": 3, "external": true}
{"timestamp": "2026-06-03T08:51:55.259527", "user": "USER_007", "type": "email", "hour": 3, "external": true}
{"timestamp": "2026-06-03T08:51:55.259527", "user": "USER_007", "type": "email", "hour": 3, "external": true}
{"timestamp": "2026-06-03T08:51:55.762158", "user": "USER_017", "type": "file", "hour": 8, "filename": "doc_599.zip"}
{"timestamp": "2026-06-03T08:51:56.264129", "user": "USER_014", "type": "email", "hour": 8, "external": false}
{"timestamp": "2026-06-03T08:51:56.766913", "user": "USER_014", "type": "email", "hour": 8, "external": false}
{"timestamp": "2026-06-03T08:51:56.767778", "user": "USER_013", "type": "file", "hour": 3, "filename": "sensitive_data_45.zip"}
{"timestamp": "2026-06-03T08:51:56.767778", "user": "USER_013", "type": "file", "hour": 3, "filename": "sensitive_data_9.zip"}
{"timestamp": "2026-06-03T08:51:56.767778", "user": "USER_013", "type": "file", "hour": 3, "filename": "sensitive_data_96.zip"}
{"timestamp": "2026-06-03T08:51:56.767778", "user": "USER_013", "type": "file", "hour": 3, "filename": "sensitive_data_88.zip"}
{"timestamp": "2026-06-03T08:51:56.767778", "user": "USER_013", "type": "file", "hour": 3, "filename": "sensitive_data_97.zip"}
{"timestamp": "2026-06-03T08:51:56.767778", "user": "USER_013", "type": "file", "hour": 3, "filename": "sensitive_data_24.zip"}
{"timestamp": "2026-06-03T08:51:56.767778", "user": "USER_013", "type": "file", "hour": 3, "filename": "sensitive_data_4.zip"}
{"timestamp": "2026-06-03T08:51:56.767778", "user": "USER_013", "type": "file", "hour": 3, "filename": "sensitive_data_87.zip"}
{"timestamp": "2026-06-03T08:51:56.767778", "user": "USER_013", "type": "file", "hour": 3, "filename": "sensitive_data_60.zip"}
{"timestamp": "2026-06-03T08:51:56.767778", "user": "USER_013", "type": "file", "hour": 3, "filename": "sensitive_data_58.zip"}
{"timestamp": "2026-06-03T08:51:56.767778", "user": "USER_013", "type": "file", "hour": 3, "filename": "sensitive_data_20.zip"}
{"timestamp": "2026-06-03T08:51:56.767778", "user": "USER_013", "type": "file", "hour": 3, "filename": "sensitive_data_69.zip"}
{"timestamp": "2026-06-03T08:51:56.767778", "user": "USER_013", "type": "file", "hour": 3, "filename": "sensitive_data_74.zip"}
{"timestamp": "2026-06-03T08:51:56.767778", "user": "USER_013", "type": "file", "hour": 3, "filename": "sensitive_data_100.zip"}
{"timestamp": "2026-06-03T08:51:56.767778", "user": "USER_013", "type": "file", "hour": 3, "filename": "sensitive_data_2.zip"}
{"timestamp": "2026-06-03T08:51:56.767778", "user": "USER_013", "type": "file", "hour": 3, "filename": "sensitive_data_42.zip"}
{"timestamp": "2026-06-03T08:51:56.767778", "user": "USER_013", "type": "file", "hour": 3, "filename": "sensitive_data_63.zip"}
{"timestamp": "2026-06-03T08:51:56.767778", "user": "USER_013", "type": "file", "hour": 3, "filename": "sensitive_data_39.zip"}
{"timestamp": "2026-06-03T08:51:56.767778", "user": "USER_013", "type": "file", "hour": 3, "filename": "sensitive_data_63.zip"}
{"timestamp": "2026-06-03T08:51:56.767778", "user": "USER_013", "type": "file", "hour": 3, "filename": "sensitive_data_42.zip"}
{"timestamp": "2026-06-03T08:51:56.767778", "user": "USER_013", "type": "file", "hour": 3, "filename": "sensitive_data_86.zip"}
{"timestamp": "2026-06-03T08:51:56.767778", "user": "USER_013", "type": "file", "hour": 3, "filename": "sensitive_data_32.zip"}
{"timestamp": "2026-06-03T08:51:56.767778", "user": "USER_013", "type": "file", "hour": 3, "filename": "sensitive_data_94.zip"}
{"timestamp": "2026-06-03T08:51:56.767778", "user": "USER_013", "type": "file", "hour": 3, "filename": "sensitive_data_87.zip"}
{"timestamp": "2026-06-03T08:51:56.767778", "user": "USER_013", "type": "file", "hour": 3, "filename": "sensitive_data_26.zip"}
{"timestamp": "2026-06-03T08:51:56.767778", "user": "USER_013", "type": "file", "hour": 3, "filename": "sensitive_data_84.zip"}
{"timestamp": "2026-06-03T08:51:56.767778", "user": "USER_013", "type": "file", "hour": 3, "filename": "sensitive_data_74.zip"}
{"timestamp": "2026-06-03T08:51:56.767778", "user": "USER_013", "type": "file", "hour": 3, "filename": "sensitive_data_92.zip"}
{"timestamp": "2026-06-03T08:51:56.767778", "user": "USER_013", "type": "file", "hour": 3, "filename": "sensitive_data_24.zip"}
{"timestamp": "2026-06-03T08:51:56.767778", "user": "USER_013", "type": "file", "hour": 3, "filename": "sensitive_data_25.zip"}
{"timestamp": "2026-06-03T08:51:56.767778", "user": "USER_013", "type": "file", "hour": 3, "filename": "sensitive_data_7.zip"}
{"timestamp": "2026-06-03T08:51:56.767778", "user": "USER_013", "type": "file", "hour": 3, "filename": "sensitive_data_50.zip"}
{"timestamp": "2026-06-03T08:51:56.767778", "user": "USER_013", "type": "file", "hour": 3, "filename": "sensitive_data_72.zip"}
{"timestamp": "2026-06-03T08:51:56.767778", "user": "USER_013", "type": "file", "hour": 3, "filename": "sensitive_data_76.zip"}
{"timestamp": "2026-06-03T08:51:56.767778", "user": "USER_013", "type": "file", "hour": 3, "filename": "sensitive_data_25.zip"}
{"timestamp": "2026-06-03T08:51:56.767778", "user": "USER_013", "type": "file", "hour": 3, "filename": "sensitive_data_7.zip"}
{"timestamp": "2026-06-03T08:51:56.767778", "user": "USER_013", "type": "file", "hour": 3, "filename": "sensitive_data_3.zip"}
{"timestamp": "2026-06-03T08:51:56.767778", "user": "USER_013", "type": "file", "hour": 3, "filename": "sensitive_data_63.zip"}
{"timestamp": "2026-06-03T08:51:56.767778", "user": "USER_013", "type": "file", "hour": 3, "filename": "sensitive_data_14.zip"}
{"timestamp": "2026-06-03T08:51:56.767778", "user": "USER_013", "type": "file", "hour": 3, "filename": "sensitive_data_92.zip"}
{"timestamp": "2026-06-03T08:51:56.767778", "user": "USER_013", "type": "file", "hour": 3, "filename": "sensitive_data_77.zip"}
{"timestamp": "2026-06-03T08:51:56.767778", "user": "USER_013", "type": "file", "hour": 3, "filename": "sensitive_data_67.zip"}
{"timestamp": "2026-06-03T08:51:56.767778", "user": "USER_013", "type": "file", "hour": 3, "filename": "sensitive_data_22.zip"}
{"timestamp": "2026-06-03T08:51:56.767778", "user": "USER_013", "type": "file", "hour": 3, "filename": "sensitive_data_96.zip"}
{"timestamp": "2026-06-03T08:51:56.767778", "user": "USER_013", "type": "file", "hour": 3, "filename": "sensitive_data_1.zip"}
{"timestamp": "2026-06-03T08:51:56.767778", "user": "USER_013", "type": "file", "hour": 3, "filename": "sensitive_data_32.zip"}
{"timestamp": "2026-06-03T08:51:56.767778", "user": "USER_013", "type": "file", "hour": 3, "filename": "sensitive_data_6.zip"}
{"timestamp": "2026-06-03T08:51:56.767778", "user": "USER_013", "type": "file", "hour": 3, "filename": "sensitive_data_57.zip"}
{"timestamp": "2026-06-03T08:51:56.767778", "user": "USER_013", "type": "file", "hour": 3, "filename": "sensitive_data_68.zip"}
{"timestamp": "2026-06-03T08:51:56.767778", "user": "USER_013", "type": "email", "hour": 3, "external": true}
{"timestamp": "2026-06-03T08:51:56.767778", "user": "USER_013", "type": "email", "hour": 3, "external": true}
{"timestamp": "2026-06-03T08:51:56.767778", "user": "USER_013", "type": "email", "hour": 3, "external": true}
{"timestamp": "2026-06-03T08:51:56.767778", "user": "USER_013", "type": "email", "hour": 3, "external": true}
{"timestamp": "2026-06-03T08:51:56.767778", "user": "USER_013", "type": "email", "hour": 3, "external": true}
{"timestamp": "2026-06-03T08:51:56.767778", "user": "USER_013", "type": "email", "hour": 3, "external": true}
{"timestamp": "2026-06-03T08:51:56.767778", "user": "USER_013", "type": "email", "hour": 3, "external": true}
{"timestamp": "2026-06-03T08:51:56.767778", "user": "USER_013", "type": "email", "hour": 3, "external": true}
{"timestamp": "2026-06-03T08:51:56.767778", "user": "USER_013", "type": "email", "hour": 3, "external": true}
{"timestamp": "2026-06-03T08:51:56.767778", "user": "USER_013", "type": "email", "hour": 3, "external": true}
{"timestamp": "2026-06-03T08:51:56.767778", "user": "USER_013", "type": "email", "hour": 3, "external": true}
{"timestamp": "2026-06-03T08:51:56.767778", "user": "USER_013", "type": "email", "hour": 3, "external": true}
{"timestamp": "2026-06-03T08:51:56.767778", "user": "USER_013", "type": "email", "hour": 3, "external": true}
{"timestamp": "2026-06-03T08:51:56.767778", "user": "USER_013", "type": "email", "hour": 3, "external": true}
{"timestamp": "2026-06-03T08:51:56.767778", "user": "USER_013", "type": "email", "hour": 3, "external": true}
{"timestamp": "2026-06-03T08:51:56.767778", "user": "USER_013", "type": "email", "hour": 3, "external": true}
{"timestamp": "2026-06-03T08:51:56.767778", "user": "USER_013", "type": "email", "hour": 3, "external": true}
{"timestamp": "2026-06-03T08:51:56.767778", "user": "USER_013", "type": "email", "hour": 3, "external": true}
{"timestamp": "2026-06-03T08:51:57.770934", "user": "USER_005", "type": "logon", "hour": 8}
{"timestamp": "2026-06-03T08:51:58.773277", "user": "USER_002", "type": "file", "hour": 8, "filename": "doc_800.exe"}
{"timestamp": "2026-06-03T08:51:59.274755", "user": "USER_014", "type": "file", "hour": 8, "filename": "doc_335.zip"}
{"timestamp": "2026-06-03T08:51:59.777121", "user": "USER_009", "type": "email", "hour": 8, "external": true}
{"timestamp": "2026-06-03T08:52:00.279160", "user": "USER_017", "type": "file", "hour": 8, "filename": "doc_580.xlsx"}
{"timestamp": "2026-06-03T08:52:00.280070", "user": "USER_007", "type": "file", "hour": 3, "filename": "sensitive_data_80.zip"}
{"timestamp": "2026-06-03T08:52:00.280070", "user": "USER_007", "type": "file", "hour": 3, "filename": "sensitive_data_39.zip"}
{"timestamp": "2026-06-03T08:52:00.280070", "user": "USER_007", "type": "file", "hour": 3, "filename": "sensitive_data_82.zip"}
{"timestamp": "2026-06-03T08:52:00.280070", "user": "USER_007", "type": "file", "hour": 3, "filename": "sensitive_data_77.zip"}
{"timestamp": "2026-06-03T08:52:00.280070", "user": "USER_007", "type": "file", "hour": 3, "filename": "sensitive_data_38.zip"}
{"timestamp": "2026-06-03T08:52:00.280070", "user": "USER_007", "type": "file", "hour": 3, "filename": "sensitive_data_96.zip"}
{"timestamp": "2026-06-03T08:52:00.280070", "user": "USER_007", "type": "file", "hour": 3, "filename": "sensitive_data_56.zip"}
{"timestamp": "2026-06-03T08:52:00.280070", "user": "USER_007", "type": "file", "hour": 3, "filename": "sensitive_data_11.zip"}
{"timestamp": "2026-06-03T08:52:00.280070", "user": "USER_007", "type": "file", "hour": 3, "filename": "sensitive_data_15.zip"}
{"timestamp": "2026-06-03T08:52:00.280070", "user": "USER_007", "type": "file", "hour": 3, "filename": "sensitive_data_73.zip"}
{"timestamp": "2026-06-03T08:52:00.280070", "user": "USER_007", "type": "file", "hour": 3, "filename": "sensitive_data_11.zip"}
{"timestamp": "2026-06-03T08:52:00.280070", "user": "USER_007", "type": "file", "hour": 3, "filename": "sensitive_data_85.zip"}
{"timestamp": "2026-06-03T08:52:00.280070", "user": "USER_007", "type": "file", "hour": 3, "filename": "sensitive_data_54.zip"}
{"timestamp": "2026-06-03T08:52:00.280070", "user": "USER_007", "type": "file", "hour": 3, "filename": "sensitive_data_96.zip"}
{"timestamp": "2026-06-03T08:52:00.280070", "user": "USER_007", "type": "file", "hour": 3, "filename": "sensitive_data_42.zip"}
{"timestamp": "2026-06-03T08:52:00.280070", "user": "USER_007", "type": "file", "hour": 3, "filename": "sensitive_data_41.zip"}
{"timestamp": "2026-06-03T08:52:00.280070", "user": "USER_007", "type": "file", "hour": 3, "filename": "sensitive_data_40.zip"}
{"timestamp": "2026-06-03T08:52:00.280070", "user": "USER_007", "type": "file", "hour": 3, "filename": "sensitive_data_29.zip"}
{"timestamp": "2026-06-03T08:52:00.280070", "user": "USER_007", "type": "file", "hour": 3, "filename": "sensitive_data_99.zip"}
{"timestamp": "2026-06-03T08:52:00.280070", "user": "USER_007", "type": "file", "hour": 3, "filename": "sensitive_data_41.zip"}
{"timestamp": "2026-06-03T08:52:00.280070", "user": "USER_007", "type": "file", "hour": 3, "filename": "sensitive_data_56.zip"}
{"timestamp": "2026-06-03T08:52:00.280070", "user": "USER_007", "type": "file", "hour": 3, "filename": "sensitive_data_66.zip"}
{"timestamp": "2026-06-03T08:52:00.280070", "user": "USER_007", "type": "file", "hour": 3, "filename": "sensitive_data_22.zip"}
{"timestamp": "2026-06-03T08:52:00.280070", "user": "USER_007", "type": "file", "hour": 3, "filename": "sensitive_data_39.zip"}
{"timestamp": "2026-06-03T08:52:00.280070", "user": "USER_007", "type": "file", "hour": 3, "filename": "sensitive_data_43.zip"}
{"timestamp": "2026-06-03T08:52:00.280070", "user": "USER_007", "type": "file", "hour": 3, "filename": "sensitive_data_21.zip"}
{"timestamp": "2026-06-03T08:52:00.280070", "user": "USER_007", "type": "file", "hour": 3, "filename": "sensitive_data_33.zip"}
{"timestamp": "2026-06-03T08:52:00.280070", "user": "USER_007", "type": "file", "hour": 3, "filename": "sensitive_data_14.zip"}
{"timestamp": "2026-06-03T08:52:00.280070", "user": "USER_007", "type": "file", "hour": 3, "filename": "sensitive_data_98.zip"}
{"timestamp": "2026-06-03T08:52:00.280070", "user": "USER_007", "type": "file", "hour": 3, "filename": "sensitive_data_51.zip"}
{"timestamp": "2026-06-03T08:52:00.280070", "user": "USER_007", "type": "file", "hour": 3, "filename": "sensitive_data_54.zip"}
{"timestamp": "2026-06-03T08:52:00.280070", "user": "USER_007", "type": "file", "hour": 3, "filename": "sensitive_data_28.zip"}
{"timestamp": "2026-06-03T08:52:00.280070", "user": "USER_007", "type": "file", "hour": 3, "filename": "sensitive_data_93.zip"}
{"timestamp": "2026-06-03T08:52:00.280070", "user": "USER_007", "type": "file", "hour": 3, "filename": "sensitive_data_70.zip"}
{"timestamp": "2026-06-03T08:52:00.280070", "user": "USER_007", "type": "file", "hour": 3, "filename": "sensitive_data_94.zip"}
{"timestamp": "2026-06-03T08:52:00.280070", "user": "USER_007", "type": "file", "hour": 3, "filename": "sensitive_data_82.zip"}
{"timestamp": "2026-06-03T08:52:00.280070", "user": "USER_007", "type": "file", "hour": 3, "filename": "sensitive_data_86.zip"}
{"timestamp": "2026-06-03T08:52:00.280070", "user": "USER_007", "type": "file", "hour": 3, "filename": "sensitive_data_80.zip"}
{"timestamp": "2026-06-03T08:52:00.280070", "user": "USER_007", "type": "file", "hour": 3, "filename": "sensitive_data_16.zip"}
{"timestamp": "2026-06-03T08:52:00.280070", "user": "USER_007", "type": "file", "hour": 3, "filename": "sensitive_data_14.zip"}
{"timestamp": "2026-06-03T08:52:00.280070", "user": "USER_007", "type": "file", "hour": 3, "filename": "sensitive_data_21.zip"}
{"timestamp": "2026-06-03T08:52:00.280070", "user": "USER_007", "type": "file", "hour": 3, "filename": "sensitive_data_13.zip"}
{"timestamp": "2026-06-03T08:52:00.280070", "user": "USER_007", "type": "file", "hour": 3, "filename": "sensitive_data_69.zip"}
{"timestamp": "2026-06-03T08:52:00.280070", "user": "USER_007", "type": "email", "hour": 3, "external": true}
{"timestamp": "2026-06-03T08:52:00.280070", "user": "USER_007", "type": "email", "hour": 3, "external": true}
{"timestamp": "2026-06-03T08:52:00.280070", "user": "USER_007", "type": "email", "hour": 3, "external": true}
{"timestamp": "2026-06-03T08:52:00.280070", "user": "USER_007", "type": "email", "hour": 3, "external": true}
{"timestamp": "2026-06-03T08:52:00.280070", "user": "USER_007", "type": "email", "hour": 3, "external": true}
{"timestamp": "2026-06-03T08:52:00.280070", "user": "USER_007", "type": "email", "hour": 3, "external": true}
{"timestamp": "2026-06-03T08:52:00.280070", "user": "USER_007", "type": "email", "hour": 3, "external": true}
{"timestamp": "2026-06-03T08:52:00.280070", "user": "USER_007", "type": "email", "hour": 3, "external": true}
{"timestamp": "2026-06-03T08:52:00.280070", "user": "USER_007", "type": "email", "hour": 3, "external": true}
{"timestamp": "2026-06-03T08:52:00.280070", "user": "USER_007", "type": "email", "hour": 3, "external": true}
{"timestamp": "2026-06-03T08:52:00.280070", "user": "USER_007", "type": "email", "hour": 3, "external": true}
{"timestamp": "2026-06-03T08:52:00.280070", "user": "USER_007", "type": "email", "hour": 3, "external": true}
{"timestamp": "2026-06-03T08:52:00.280070", "user": "USER_007", "type": "email", "hour": 3, "external": true}
{"timestamp": "2026-06-03T08:52:01.283785", "user": "USER_008", "type": "email", "hour": 8, "external": false}
{"timestamp": "2026-06-03T08:52:01.784801", "user": "USER_018", "type": "file", "hour": 8, "filename": "doc_826.pdf"}
{"timestamp": "2026-06-03T08:52:02.285713", "user": "USER_006", "type": "file", "hour": 8, "filename": "doc_462.exe"}
{"timestamp": "2026-06-03T08:52:02.787112", "user": "USER_013", "type": "file", "hour": 8, "filename": "doc_524.exe"}
{"timestamp": "2026-06-03T08:52:03.288868", "user": "USER_017", "type": "logon", "hour": 8}
{"timestamp": "2026-06-03T08:52:03.789956", "user": "USER_015", "type": "email", "hour": 8, "external": true}
{"timestamp": "2026-06-03T08:52:04.291144", "user": "USER_018", "type": "file", "hour": 8, "filename": "doc_677.pdf"}
{"timestamp": "2026-06-03T08:52:05.293775", "user": "USER_003", "type": "email", "hour": 8, "external": false}
{"timestamp": "2026-06-03T08:52:05.797034", "user": "USER_019", "type": "email", "hour": 8, "external": false}
{"timestamp": "2026-06-03T08:52:06.298776", "user": "USER_017", "type": "file", "hour": 8, "filename": "doc_457.docx"}
{"timestamp": "2026-06-03T08:52:06.800688", "user": "USER_005", "type": "file", "hour": 8, "filename": "doc_335.docx"}
{"timestamp": "2026-06-03T08:52:07.302218", "user": "USER_016", "type": "logon", "hour": 8}
{"timestamp": "2026-06-03T08:52:09.807636", "user": "USER_002", "type": "email", "hour": 8, "external": false}
{"timestamp": "2026-06-03T08:52:10.309292", "user": "USER_019", "type": "email", "hour": 8, "external": false}
{"timestamp": "2026-06-03T08:52:11.312197", "user": "USER_004", "type": "email", "hour": 8, "external": false}
{"timestamp": "2026-06-03T08:52:11.813949", "user": "USER_011", "type": "email", "hour": 8, "external": false}
{"timestamp": "2026-06-03T08:52:12.315492", "user": "USER_009", "type": "file", "hour": 8, "filename": "doc_609.pdf"}
{"timestamp": "2026-06-03T08:52:12.816908", "user": "USER_002", "type": "email", "hour": 8, "external": false}
{"timestamp": "2026-06-03T08:52:13.318045", "user": "USER_005", "type": "file", "hour": 8, "filename": "doc_135.docx"}
{"timestamp": "2026-06-03T08:52:14.320430", "user": "USER_018", "type": "file", "hour": 8, "filename": "doc_291.zip"}
{"timestamp": "2026-06-03T08:52:14.320948", "user": "USER_005", "type": "file", "hour": 3, "filename": "sensitive_data_87.zip"}
{"timestamp": "2026-06-03T08:52:14.320948", "user": "USER_005", "type": "file", "hour": 3, "filename": "sensitive_data_77.zip"}
{"timestamp": "2026-06-03T08:52:14.320948", "user": "USER_005", "type": "file", "hour": 3, "filename": "sensitive_data_34.zip"}
{"timestamp": "2026-06-03T08:52:14.320948", "user": "USER_005", "type": "file", "hour": 3, "filename": "sensitive_data_15.zip"}
{"timestamp": "2026-06-03T08:52:14.320948", "user": "USER_005", "type": "file", "hour": 3, "filename": "sensitive_data_50.zip"}
{"timestamp": "2026-06-03T08:52:14.320948", "user": "USER_005", "type": "file", "hour": 3, "filename": "sensitive_data_58.zip"}
{"timestamp": "2026-06-03T08:52:14.320948", "user": "USER_005", "type": "file", "hour": 3, "filename": "sensitive_data_17.zip"}
{"timestamp": "2026-06-03T08:52:14.320948", "user": "USER_005", "type": "file", "hour": 3, "filename": "sensitive_data_49.zip"}
{"timestamp": "2026-06-03T08:52:14.320948", "user": "USER_005", "type": "file", "hour": 3, "filename": "sensitive_data_38.zip"}
{"timestamp": "2026-06-03T08:52:14.320948", "user": "USER_005", "type": "file", "hour": 3, "filename": "sensitive_data_85.zip"}
{"timestamp": "2026-06-03T08:52:14.320948", "user": "USER_005", "type": "file", "hour": 3, "filename": "sensitive_data_41.zip"}
{"timestamp": "2026-06-03T08:52:14.320948", "user": "USER_005", "type": "file", "hour": 3, "filename": "sensitive_data_49.zip"}
{"timestamp": "2026-06-03T08:52:14.320948", "user": "USER_005", "type": "file", "hour": 3, "filename": "sensitive_data_42.zip"}
{"timestamp": "2026-06-03T08:52:14.320948", "user": "USER_005", "type": "file", "hour": 3, "filename": "sensitive_data_7.zip"}
{"timestamp": "2026-06-03T08:52:14.320948", "user": "USER_005", "type": "file", "hour": 3, "filename": "sensitive_data_90.zip"}
{"timestamp": "2026-06-03T08:52:14.320948", "user": "USER_005", "type": "file", "hour": 3, "filename": "sensitive_data_94.zip"}
{"timestamp": "2026-06-03T08:52:14.320948", "user": "USER_005", "type": "file", "hour": 3, "filename": "sensitive_data_88.zip"}
{"timestamp": "2026-06-03T08:52:14.320948", "user": "USER_005", "type": "file", "hour": 3, "filename": "sensitive_data_50.zip"}
{"timestamp": "2026-06-03T08:52:14.320948", "user": "USER_005", "type": "file", "hour": 3, "filename": "sensitive_data_1.zip"}
{"timestamp": "2026-06-03T08:52:14.320948", "user": "USER_005", "type": "file", "hour": 3, "filename": "sensitive_data_62.zip"}
{"timestamp": "2026-06-03T08:52:14.320948", "user": "USER_005", "type": "file", "hour": 3, "filename": "sensitive_data_41.zip"}
{"timestamp": "2026-06-03T08:52:14.320948", "user": "USER_005", "type": "file", "hour": 3, "filename": "sensitive_data_86.zip"}
{"timestamp": "2026-06-03T08:52:14.320948", "user": "USER_005", "type": "file", "hour": 3, "filename": "sensitive_data_95.zip"}
{"timestamp": "2026-06-03T08:52:14.320948", "user": "USER_005", "type": "file", "hour": 3, "filename": "sensitive_data_44.zip"}
{"timestamp": "2026-06-03T08:52:14.320948", "user": "USER_005", "type": "file", "hour": 3, "filename": "sensitive_data_62.zip"}
{"timestamp": "2026-06-03T08:52:14.320948", "user": "USER_005", "type": "file", "hour": 3, "filename": "sensitive_data_53.zip"}
{"timestamp": "2026-06-03T08:52:14.320948", "user": "USER_005", "type": "file", "hour": 3, "filename": "sensitive_data_13.zip"}
{"timestamp": "2026-06-03T08:52:14.320948", "user": "USER_005", "type": "file", "hour": 3, "filename": "sensitive_data_61.zip"}
{"timestamp": "2026-06-03T08:52:14.320948", "user": "USER_005", "type": "file", "hour": 3, "filename": "sensitive_data_91.zip"}
{"timestamp": "2026-06-03T08:52:14.320948", "user": "USER_005", "type": "file", "hour": 3, "filename": "sensitive_data_100.zip"}
{"timestamp": "2026-06-03T08:52:14.320948", "user": "USER_005", "type": "file", "hour": 3, "filename": "sensitive_data_24.zip"}
{"timestamp": "2026-06-03T08:52:14.320948", "user": "USER_005", "type": "file", "hour": 3, "filename": "sensitive_data_14.zip"}
{"timestamp": "2026-06-03T08:52:14.320948", "user": "USER_005", "type": "file", "hour": 3, "filename": "sensitive_data_55.zip"}
{"timestamp": "2026-06-03T08:52:14.320948", "user": "USER_005", "type": "file", "hour": 3, "filename": "sensitive_data_44.zip"}
{"timestamp": "2026-06-03T08:52:14.320948", "user": "USER_005", "type": "file", "hour": 3, "filename": "sensitive_data_76.zip"}
{"timestamp": "2026-06-03T08:52:14.320948", "user": "USER_005", "type": "file", "hour": 3, "filename": "sensitive_data_48.zip"}
{"timestamp": "2026-06-03T08:52:14.320948", "user": "USER_005", "type": "file", "hour": 3, "filename": "sensitive_data_56.zip"}
{"timestamp": "2026-06-03T08:52:14.320948", "user": "USER_005", "type": "file", "hour": 3, "filename": "sensitive_data_56.zip"}
{"timestamp": "2026-06-03T08:52:14.320948", "user": "USER_005", "type": "file", "hour": 3, "filename": "sensitive_data_44.zip"}
{"timestamp": "2026-06-03T08:52:14.320948", "user": "USER_005", "type": "file", "hour": 3, "filename": "sensitive_data_92.zip"}
{"timestamp": "2026-06-03T08:52:14.320948", "user": "USER_005", "type": "file", "hour": 3, "filename": "sensitive_data_7.zip"}
{"timestamp": "2026-06-03T08:52:14.320948", "user": "USER_005", "type": "file", "hour": 3, "filename": "sensitive_data_60.zip"}
{"timestamp": "2026-06-03T08:52:14.320948", "user": "USER_005", "type": "email", "hour": 3, "external": true}
{"timestamp": "2026-06-03T08:52:14.320948", "user": "USER_005", "type": "email", "hour": 3, "external": true}
{"timestamp": "2026-06-03T08:52:14.320948", "user": "USER_005", "type": "email", "hour": 3, "external": true}
{"timestamp": "2026-06-03T08:52:14.320948", "user": "USER_005", "type": "email", "hour": 3, "external": true}
{"timestamp": "2026-06-03T08:52:14.320948", "user": "USER_005", "type": "email", "hour": 3, "external": true}
{"timestamp": "2026-06-03T08:52:14.320948", "user": "USER_005", "type": "email", "hour": 3, "external": true}
{"timestamp": "2026-06-03T08:52:14.320948", "user": "USER_005", "type": "email", "hour": 3, "external": true}
{"timestamp": "2026-06-03T08:52:14.320948", "user": "USER_005", "type": "email", "hour": 3, "external": true}
{"timestamp": "2026-06-03T08:52:14.320948", "user": "USER_005", "type": "email", "hour": 3, "external": true}
{"timestamp": "2026-06-03T08:52:14.320948", "user": "USER_005", "type": "email", "hour": 3, "external": true}
{"timestamp": "2026-06-03T08:52:14.320948", "user": "USER_005", "type": "email", "hour": 3, "external": true}
{"timestamp": "2026-06-03T08:52:14.320948", "user": "USER_005", "type": "email", "hour": 3, "external": true}
{"timestamp": "2026-06-03T08:52:14.320948", "user": "USER_005", "type": "email", "hour": 3, "external": true}
{"timestamp": "2026-06-03T08:52:14.320948", "user": "USER_005", "type": "email", "hour": 3, "external": true}
{"timestamp": "2026-06-03T08:52:14.822695", "user": "USER_012", "type": "email", "hour": 8, "external": false}
{"timestamp": "2026-06-03T08:52:15.324030", "user": "USER_007", "type": "file", "hour": 8, "filename": "doc_323.xlsx"}
{"timestamp": "2026-06-03T08:52:15.825421", "user": "USER_020", "type": "email", "hour": 8, "external": false}
{"timestamp": "2026-06-03T08:52:16.327055", "user": "USER_010", "type": "file", "hour": 8, "filename": "doc_322.pdf"}
{"timestamp": "2026-06-03T08:52:16.828740", "user": "USER_014", "type": "email", "hour": 8, "external": false}
{"timestamp": "2026-06-03T08:52:17.330217", "user": "USER_009", "type": "file", "hour": 8, "filename": "doc_132.exe"}
{"timestamp": "2026-06-03T08:52:17.832203", "user": "USER_007", "type": "email", "hour": 8, "external": true}
{"timestamp": "2026-06-03T08:52:19.336074", "user": "USER_005", "type": "email", "hour": 8, "external": false}
{"timestamp": "2026-06-03T08:52:19.837601", "user": "USER_009", "type": "email", "hour": 8, "external": false}
{"timestamp": "2026-06-03T08:52:20.839969", "user": "USER_016", "type": "file", "hour": 8, "filename": "doc_509.zip"}
{"timestamp": "2026-06-03T08:52:21.340935", "user": "USER_005", "type": "file", "hour": 8, "filename": "doc_614.zip"}
{"timestamp": "2026-06-03T08:52:21.842665", "user": "USER_010", "type": "file", "hour": 8, "filename": "doc_613.exe"}
{"timestamp": "2026-06-03T08:52:22.344005", "user": "USER_001", "type": "file", "hour": 8, "filename": "doc_495.xlsx"}
{"timestamp": "2026-06-03T08:52:22.845770", "user": "USER_002", "type": "logon", "hour": 8}
{"timestamp": "2026-06-03T08:52:23.346893", "user": "USER_015", "type": "email", "hour": 8, "external": false}
{"timestamp": "2026-06-03T08:52:23.848255", "user": "USER_006", "type": "file", "hour": 8, "filename": "doc_678.xlsx"}
{"timestamp": "2026-06-03T08:52:24.349285", "user": "USER_010", "type": "file", "hour": 8, "filename": "doc_763.docx"}
{"timestamp": "2026-06-03T08:52:24.850640", "user": "USER_016", "type": "file", "hour": 8, "filename": "doc_757.zip"}
{"timestamp": "2026-06-03T08:52:25.352017", "user": "USER_002", "type": "file", "hour": 8, "filename": "doc_946.pdf"}
{"timestamp": "2026-06-03T08:52:25.853651", "user": "USER_019", "type": "email", "hour": 8, "external": false}
{"timestamp": "2026-06-03T08:52:26.355143", "user": "USER_006", "type": "file", "hour": 8, "filename": "doc_885.pdf"}
{"timestamp": "2026-06-03T08:52:27.357030", "user": "USER_004", "type": "email", "hour": 8, "external": false}
{"timestamp": "2026-06-03T08:52:28.358686", "user": "USER_005", "type": "device", "hour": 8, "action": "connect"}
{"timestamp": "2026-06-03T08:52:28.859261", "user": "USER_014", "type": "logon", "hour": 8}
{"timestamp": "2026-06-03T08:52:29.360305", "user": "USER_017", "type": "email", "hour": 8, "external": true}
{"timestamp": "2026-06-03T08:52:29.861328", "user": "USER_002", "type": "file", "hour": 8, "filename": "doc_999.xlsx"}
{"timestamp": "2026-06-03T08:52:30.361867", "user": "USER_003", "type": "email", "hour": 8, "external": true}
{"timestamp": "2026-06-03T08:52:30.862395", "user": "USER_017", "type": "file", "hour": 8, "filename": "doc_783.pdf"}
{"timestamp": "2026-06-03T08:52:31.364010", "user": "USER_003", "type": "file", "hour": 8, "filename": "doc_644.pdf"}
{"timestamp": "2026-06-03T08:52:31.866546", "user": "USER_018", "type": "email", "hour": 8, "external": false}
{"timestamp": "2026-06-03T08:52:32.369167", "user": "USER_009", "type": "file", "hour": 8, "filename": "doc_606.docx"}
{"timestamp": "2026-06-03T08:52:32.871815", "user": "USER_015", "type": "logon", "hour": 8}
{"timestamp": "2026-06-03T08:52:33.373239", "user": "USER_014", "type": "file", "hour": 8, "filename": "doc_934.docx"}
{"timestamp": "2026-06-03T08:52:33.874758", "user": "USER_018", "type": "email", "hour": 8, "external": false}
{"timestamp": "2026-06-03T08:52:34.876744", "user": "USER_014", "type": "file", "hour": 8, "filename": "doc_819.docx"}
{"timestamp": "2026-06-03T08:52:35.378036", "user": "USER_020", "type": "email", "hour": 8, "external": false}
{"timestamp": "2026-06-03T08:52:35.880273", "user": "USER_009", "type": "email", "hour": 8, "external": false}
{"timestamp": "2026-06-03T08:52:36.383461", "user": "USER_007", "type": "email", "hour": 8, "external": true}
{"timestamp": "2026-06-03T08:52:37.389582", "user": "USER_011", "type": "file", "hour": 8, "filename": "doc_224.exe"}
{"timestamp": "2026-06-03T08:52:37.890886", "user": "USER_008", "type": "file", "hour": 8, "filename": "doc_644.pdf"}
{"timestamp": "2026-06-03T08:52:38.893282", "user": "USER_015", "type": "file", "hour": 8, "filename": "doc_862.exe"}
{"timestamp": "2026-06-03T08:52:39.394695", "user": "USER_003", "type": "file", "hour": 8, "filename": "doc_178.xlsx"}
{"timestamp": "2026-06-03T08:52:40.397077", "user": "USER_020", "type": "logon", "hour": 8}
{"timestamp": "2026-06-03T08:52:40.898600", "user": "USER_019", "type": "file", "hour": 8, "filename": "doc_461.xlsx"}
{"timestamp": "2026-06-03T08:52:41.400059", "user": "USER_016", "type": "logon", "hour": 8}
{"timestamp": "2026-06-03T08:52:41.901470", "user": "USER_013", "type": "file", "hour": 8, "filename": "doc_497.docx"}
{"timestamp": "2026-06-03T08:52:42.404417", "user": "USER_003", "type": "file", "hour": 8, "filename": "doc_561.zip"}
{"timestamp": "2026-06-03T08:52:42.906206", "user": "USER_016", "type": "file", "hour": 8, "filename": "doc_169.zip"}
{"timestamp": "2026-06-03T08:52:43.407543", "user": "USER_002", "type": "file", "hour": 8, "filename": "doc_365.pdf"}
{"timestamp": "2026-06-03T08:52:44.409546", "user": "USER_017", "type": "logon", "hour": 8}
{"timestamp": "2026-06-03T08:52:44.910544", "user": "USER_006", "type": "file", "hour": 8, "filename": "doc_829.zip"}
{"timestamp": "2026-06-03T08:52:45.411450", "user": "USER_013", "type": "email", "hour": 8, "external": false}
{"timestamp": "2026-06-03T08:52:45.912533", "user": "USER_001", "type": "file", "hour": 8, "filename": "doc_145.exe"}
{"timestamp": "2026-06-03T08:52:46.414061", "user": "USER_015", "type": "file", "hour": 8, "filename": "doc_550.pdf"}
{"timestamp": "2026-06-03T08:52:46.916334", "user": "USER_018", "type": "file", "hour": 8, "filename": "doc_961.exe"}
{"timestamp": "2026-06-03T08:52:47.417307", "user": "USER_013", "type": "email", "hour": 8, "external": false}
{"timestamp": "2026-06-03T08:52:47.918360", "user": "USER_006", "type": "file", "hour": 8, "filename": "doc_761.exe"}
{"timestamp": "2026-06-03T08:52:48.419278", "user": "USER_010", "type": "file", "hour": 8, "filename": "doc_491.pdf"}
{"timestamp": "2026-06-03T08:52:48.919801", "user": "USER_003", "type": "device", "hour": 8, "action": "connect"}
{"timestamp": "2026-06-03T08:52:49.421372", "user": "USER_019", "type": "logon", "hour": 8}
{"timestamp": "2026-06-03T08:52:50.423846", "user": "USER_017", "type": "logon", "hour": 8}
{"timestamp": "2026-06-03T08:52:50.925232", "user": "USER_001", "type": "file", "hour": 8, "filename": "doc_639.docx"}
{"timestamp": "2026-06-03T08:52:52.427300", "user": "USER_002", "type": "file", "hour": 8, "filename": "doc_398.docx"}
{"timestamp": "2026-06-03T08:52:53.429783", "user": "USER_003", "type": "file", "hour": 8, "filename": "doc_986.docx"}
{"timestamp": "2026-06-03T08:52:54.431458", "user": "USER_019", "type": "file", "hour": 8, "filename": "doc_792.pdf"}
{"timestamp": "2026-06-03T08:52:55.433864", "user": "USER_016", "type": "email", "hour": 8, "external": false}
{"timestamp": "2026-06-03T08:52:55.934713", "user": "USER_016", "type": "file", "hour": 8, "filename": "doc_817.docx"}
{"timestamp": "2026-06-03T08:52:56.435827", "user": "USER_010", "type": "email", "hour": 8, "external": false}
{"timestamp": "2026-06-03T08:52:56.936595", "user": "USER_009", "type": "email", "hour": 8, "external": true}
{"timestamp": "2026-06-03T08:52:57.437308", "user": "USER_001", "type": "file", "hour": 8, "filename": "doc_720.xlsx"}
{"timestamp": "2026-06-03T08:52:58.438582", "user": "USER_017", "type": "device", "hour": 8, "action": "connect"}
{"timestamp": "2026-06-03T08:52:59.440189", "user": "USER_017", "type": "file", "hour": 8, "filename": "doc_647.pdf"}
{"timestamp": "2026-06-03T08:53:00.441707", "user": "USER_020", "type": "file", "hour": 8, "filename": "doc_539.zip"}
{"timestamp": "2026-06-03T08:53:00.942623", "user": "USER_011", "type": "device", "hour": 8, "action": "connect"}
{"timestamp": "2026-06-03T08:53:00.943088", "user": "USER_017", "type": "file", "hour": 3, "filename": "sensitive_data_19.zip"}
{"timestamp": "2026-06-03T08:53:00.943088", "user": "USER_017", "type": "file", "hour": 3, "filename": "sensitive_data_74.zip"}
{"timestamp": "2026-06-03T08:53:00.943088", "user": "USER_017", "type": "file", "hour": 3, "filename": "sensitive_data_46.zip"}
{"timestamp": "2026-06-03T08:53:00.943088", "user": "USER_017", "type": "file", "hour": 3, "filename": "sensitive_data_54.zip"}
{"timestamp": "2026-06-03T08:53:00.943088", "user": "USER_017", "type": "file", "hour": 3, "filename": "sensitive_data_11.zip"}
{"timestamp": "2026-06-03T08:53:00.943088", "user": "USER_017", "type": "file", "hour": 3, "filename": "sensitive_data_60.zip"}
{"timestamp": "2026-06-03T08:53:00.943088", "user": "USER_017", "type": "file", "hour": 3, "filename": "sensitive_data_99.zip"}
{"timestamp": "2026-06-03T08:53:00.943088", "user": "USER_017", "type": "file", "hour": 3, "filename": "sensitive_data_75.zip"}
{"timestamp": "2026-06-03T08:53:00.943088", "user": "USER_017", "type": "file", "hour": 3, "filename": "sensitive_data_18.zip"}
{"timestamp": "2026-06-03T08:53:00.943088", "user": "USER_017", "type": "file", "hour": 3, "filename": "sensitive_data_82.zip"}
{"timestamp": "2026-06-03T08:53:00.943088", "user": "USER_017", "type": "file", "hour": 3, "filename": "sensitive_data_22.zip"}
{"timestamp": "2026-06-03T08:53:00.943088", "user": "USER_017", "type": "file", "hour": 3, "filename": "sensitive_data_93.zip"}
{"timestamp": "2026-06-03T08:53:00.943088", "user": "USER_017", "type": "file", "hour": 3, "filename": "sensitive_data_42.zip"}
{"timestamp": "2026-06-03T08:53:00.943088", "user": "USER_017", "type": "file", "hour": 3, "filename": "sensitive_data_10.zip"}
{"timestamp": "2026-06-03T08:53:00.943088", "user": "USER_017", "type": "file", "hour": 3, "filename": "sensitive_data_83.zip"}
{"timestamp": "2026-06-03T08:53:00.943088", "user": "USER_017", "type": "file", "hour": 3, "filename": "sensitive_data_17.zip"}
{"timestamp": "2026-06-03T08:53:00.943088", "user": "USER_017", "type": "file", "hour": 3, "filename": "sensitive_data_40.zip"}
{"timestamp": "2026-06-03T08:53:00.943088", "user": "USER_017", "type": "file", "hour": 3, "filename": "sensitive_data_19.zip"}
{"timestamp": "2026-06-03T08:53:00.943088", "user": "USER_017", "type": "file", "hour": 3, "filename": "sensitive_data_59.zip"}
{"timestamp": "2026-06-03T08:53:00.943088", "user": "USER_017", "type": "file", "hour": 3, "filename": "sensitive_data_94.zip"}
{"timestamp": "2026-06-03T08:53:00.943088", "user": "USER_017", "type": "file", "hour": 3, "filename": "sensitive_data_66.zip"}
{"timestamp": "2026-06-03T08:53:00.943088", "user": "USER_017", "type": "file", "hour": 3, "filename": "sensitive_data_7.zip"}
{"timestamp": "2026-06-03T08:53:00.943088", "user": "USER_017", "type": "file", "hour": 3, "filename": "sensitive_data_24.zip"}
{"timestamp": "2026-06-03T08:53:00.943088", "user": "USER_017", "type": "file", "hour": 3, "filename": "sensitive_data_12.zip"}
{"timestamp": "2026-06-03T08:53:00.943088", "user": "USER_017", "type": "file", "hour": 3, "filename": "sensitive_data_30.zip"}
{"timestamp": "2026-06-03T08:53:00.943088", "user": "USER_017", "type": "file", "hour": 3, "filename": "sensitive_data_34.zip"}
{"timestamp": "2026-06-03T08:53:00.943088", "user": "USER_017", "type": "file", "hour": 3, "filename": "sensitive_data_68.zip"}
{"timestamp": "2026-06-03T08:53:00.943088", "user": "USER_017", "type": "file", "hour": 3, "filename": "sensitive_data_59.zip"}
{"timestamp": "2026-06-03T08:53:00.943088", "user": "USER_017", "type": "file", "hour": 3, "filename": "sensitive_data_55.zip"}
{"timestamp": "2026-06-03T08:53:00.943088", "user": "USER_017", "type": "file", "hour": 3, "filename": "sensitive_data_64.zip"}
{"timestamp": "2026-06-03T08:53:00.943088", "user": "USER_017", "type": "file", "hour": 3, "filename": "sensitive_data_77.zip"}
{"timestamp": "2026-06-03T08:53:00.943088", "user": "USER_017", "type": "file", "hour": 3, "filename": "sensitive_data_92.zip"}
{"timestamp": "2026-06-03T08:53:00.943088", "user": "USER_017", "type": "file", "hour": 3, "filename": "sensitive_data_36.zip"}
{"timestamp": "2026-06-03T08:53:00.943088", "user": "USER_017", "type": "file", "hour": 3, "filename": "sensitive_data_80.zip"}
{"timestamp": "2026-06-03T08:53:00.943088", "user": "USER_017", "type": "file", "hour": 3, "filename": "sensitive_data_40.zip"}
{"timestamp": "2026-06-03T08:53:00.943088", "user": "USER_017", "type": "file", "hour": 3, "filename": "sensitive_data_76.zip"}
{"timestamp": "2026-06-03T08:53:00.943088", "user": "USER_017", "type": "file", "hour": 3, "filename": "sensitive_data_40.zip"}
{"timestamp": "2026-06-03T08:53:00.943088", "user": "USER_017", "type": "file", "hour": 3, "filename": "sensitive_data_41.zip"}
{"timestamp": "2026-06-03T08:53:00.943088", "user": "USER_017", "type": "file", "hour": 3, "filename": "sensitive_data_15.zip"}
{"timestamp": "2026-06-03T08:53:00.943088", "user": "USER_017", "type": "file", "hour": 3, "filename": "sensitive_data_99.zip"}
{"timestamp": "2026-06-03T08:53:00.943088", "user": "USER_017", "type": "file", "hour": 3, "filename": "sensitive_data_73.zip"}
{"timestamp": "2026-06-03T08:53:00.943088", "user": "USER_017", "type": "file", "hour": 3, "filename": "sensitive_data_3.zip"}
{"timestamp": "2026-06-03T08:53:00.943088", "user": "USER_017", "type": "file", "hour": 3, "filename": "sensitive_data_47.zip"}
{"timestamp": "2026-06-03T08:53:00.943088", "user": "USER_017", "type": "file", "hour": 3, "filename": "sensitive_data_8.zip"}
{"timestamp": "2026-06-03T08:53:00.943088", "user": "USER_017", "type": "file", "hour": 3, "filename": "sensitive_data_46.zip"}
{"timestamp": "2026-06-03T08:53:00.943088", "user": "USER_017", "type": "file", "hour": 3, "filename": "sensitive_data_93.zip"}
{"timestamp": "2026-06-03T08:53:00.943088", "user": "USER_017", "type": "email", "hour": 3, "external": true}
{"timestamp": "2026-06-03T08:53:00.943088", "user": "USER_017", "type": "email", "hour": 3, "external": true}
{"timestamp": "2026-06-03T08:53:00.943088", "user": "USER_017", "type": "email", "hour": 3, "external": true}
{"timestamp": "2026-06-03T08:53:00.943088", "user": "USER_017", "type": "email", "hour": 3, "external": true}
{"timestamp": "2026-06-03T08:53:00.943088", "user": "USER_017", "type": "email", "hour": 3, "external": true}
{"timestamp": "2026-06-03T08:53:00.943088", "user": "USER_017", "type": "email", "hour": 3, "external": true}
{"timestamp": "2026-06-03T08:53:00.943088", "user": "USER_017", "type": "email", "hour": 3, "external": true}
{"timestamp": "2026-06-03T08:53:00.943088", "user": "USER_017", "type": "email", "hour": 3, "external": true}
{"timestamp": "2026-06-03T08:53:00.943088", "user": "USER_017", "type": "email", "hour": 3, "external": true}
{"timestamp": "2026-06-03T08:53:00.943088", "user": "USER_017", "type": "email", "hour": 3, "external": true}
{"timestamp": "2026-06-03T08:53:00.943088", "user": "USER_017", "type": "email", "hour": 3, "external": true}
{"timestamp": "2026-06-03T08:53:00.943088", "user": "USER_017", "type": "email", "hour": 3, "external": true}
{"timestamp": "2026-06-03T08:53:00.943088", "user": "USER_017", "type": "email", "hour": 3, "external": true}
{"timestamp": "2026-06-03T08:53:00.943088", "user": "USER_017", "type": "email", "hour": 3, "external": true}
{"timestamp": "2026-06-03T08:53:01.444270", "user": "USER_010", "type": "file", "hour": 8, "filename": "doc_675.docx"}
{"timestamp": "2026-06-03T08:53:01.945126", "user": "USER_001", "type": "file", "hour": 8, "filename": "doc_576.zip"}
{"timestamp": "2026-06-03T08:53:02.445711", "user": "USER_007", "type": "file", "hour": 8, "filename": "doc_407.xlsx"}
{"timestamp": "2026-06-03T08:53:02.946859", "user": "USER_001", "type": "email", "hour": 8, "external": false}
{"timestamp": "2026-06-03T08:53:03.448355", "user": "USER_004", "type": "file", "hour": 8, "filename": "doc_903.xlsx"}
{"timestamp": "2026-06-03T08:53:03.949265", "user": "USER_011", "type": "email", "hour": 8, "external": false}
{"timestamp": "2026-06-03T08:53:04.450315", "user": "USER_020", "type": "file", "hour": 8, "filename": "doc_506.exe"}
{"timestamp": "2026-06-03T08:53:04.951223", "user": "USER_003", "type": "file", "hour": 8, "filename": "doc_549.xlsx"}
{"timestamp": "2026-06-03T08:53:05.451825", "user": "USER_019", "type": "email", "hour": 8, "external": false}
{"timestamp": "2026-06-03T08:53:05.952418", "user": "USER_017", "type": "email", "hour": 8, "external": false}
{"timestamp": "2026-06-03T08:53:06.452955", "user": "USER_012", "type": "email", "hour": 8, "external": false}
{"timestamp": "2026-06-03T08:53:06.953715", "user": "USER_014", "type": "file", "hour": 8, "filename": "doc_494.xlsx"}
{"timestamp": "2026-06-03T08:53:07.454314", "user": "USER_012", "type": "file", "hour": 8, "filename": "doc_910.zip"}
{"timestamp": "2026-06-03T08:53:07.955219", "user": "USER_012", "type": "file", "hour": 8, "filename": "doc_233.xlsx"}
{"timestamp": "2026-06-03T08:53:08.455867", "user": "USER_005", "type": "email", "hour": 8, "external": true}
{"timestamp": "2026-06-03T08:53:08.956792", "user": "USER_007", "type": "email", "hour": 8, "external": false}
{"timestamp": "2026-06-03T08:53:10.458554", "user": "USER_016", "type": "email", "hour": 8, "external": true}
{"timestamp": "2026-06-03T08:53:10.959035", "user": "USER_020", "type": "file", "hour": 8, "filename": "doc_196.docx"}
{"timestamp": "2026-06-03T08:53:11.459980", "user": "USER_007", "type": "email", "hour": 8, "external": true}
{"timestamp": "2026-06-03T08:53:12.461213", "user": "USER_016", "type": "email", "hour": 8, "external": false}
{"timestamp": "2026-06-03T08:53:12.961779", "user": "USER_018", "type": "email", "hour": 8, "external": false}
{"timestamp": "2026-06-03T08:53:13.962808", "user": "USER_006", "type": "file", "hour": 8, "filename": "doc_817.pdf"}
{"timestamp": "2026-06-03T08:53:14.463316", "user": "USER_013", "type": "file", "hour": 8, "filename": "doc_391.pdf"}
{"timestamp": "2026-06-03T08:53:14.964099", "user": "USER_004", "type": "email", "hour": 8, "external": false}
{"timestamp": "2026-06-03T08:53:15.464753", "user": "USER_010", "type": "file", "hour": 8, "filename": "doc_977.xlsx"}
{"timestamp": "2026-06-03T08:53:15.965659", "user": "USER_009", "type": "email", "hour": 8, "external": true}
{"timestamp": "2026-06-03T08:53:16.466803", "user": "USER_003", "type": "email", "hour": 8, "external": false}
{"timestamp": "2026-06-03T08:53:16.967850", "user": "USER_017", "type": "email", "hour": 8, "external": false}
{"timestamp": "2026-06-03T08:53:17.468706", "user": "USER_003", "type": "file", "hour": 8, "filename": "doc_561.xlsx"}
{"timestamp": "2026-06-03T08:53:17.969661", "user": "USER_020", "type": "email", "hour": 8, "external": false}
{"timestamp": "2026-06-03T08:53:18.470475", "user": "USER_007", "type": "email", "hour": 8, "external": false}
{"timestamp": "2026-06-03T08:53:19.472158", "user": "USER_017", "type": "logon", "hour": 8}
{"timestamp": "2026-06-03T08:53:19.973070", "user": "USER_017", "type": "email", "hour": 8, "external": false}
{"timestamp": "2026-06-03T08:53:20.473787", "user": "USER_001", "type": "file", "hour": 8, "filename": "doc_267.xlsx"}
{"timestamp": "2026-06-03T08:53:20.974711", "user": "USER_001", "type": "email", "hour": 8, "external": true}
{"timestamp": "2026-06-03T08:53:21.475535", "user": "USER_015", "type": "logon", "hour": 8}
{"timestamp": "2026-06-03T08:53:21.976014", "user": "USER_010", "type": "file", "hour": 8, "filename": "doc_368.zip"}
{"timestamp": "2026-06-03T08:53:22.476600", "user": "USER_005", "type": "device", "hour": 8, "action": "disconnect"}
{"timestamp": "2026-06-03T08:53:23.477874", "user": "USER_014", "type": "email", "hour": 8, "external": false}
{"timestamp": "2026-06-03T08:53:23.978749", "user": "USER_020", "type": "file", "hour": 8, "filename": "doc_933.pdf"}
{"timestamp": "2026-06-03T08:53:24.479503", "user": "USER_002", "type": "email", "hour": 8, "external": false}
{"timestamp": "2026-06-03T08:53:25.980943", "user": "USER_002", "type": "email", "hour": 8, "external": false}
{"timestamp": "2026-06-03T08:53:26.481599", "user": "USER_009", "type": "email", "hour": 8, "external": true}
{"timestamp": "2026-06-03T08:53:26.982298", "user": "USER_005", "type": "file", "hour": 8, "filename": "doc_643.pdf"}
{"timestamp": "2026-06-03T08:53:27.483311", "user": "USER_008", "type": "file", "hour": 8, "filename": "doc_488.zip"}
{"timestamp": "2026-06-03T08:53:27.983812", "user": "USER_004", "type": "email", "hour": 8, "external": true}
{"timestamp": "2026-06-03T08:53:28.484924", "user": "USER_017", "type": "email", "hour": 8, "external": false}
{"timestamp": "2026-06-03T08:53:28.985802", "user": "USER_019", "type": "email", "hour": 8, "external": false}
{"timestamp": "2026-06-03T08:53:29.486689", "user": "USER_012", "type": "file", "hour": 8, "filename": "doc_144.docx"}
{"timestamp": "2026-06-03T08:53:29.987558", "user": "USER_018", "type": "email", "hour": 8, "external": true}
{"timestamp": "2026-06-03T08:53:30.488118", "user": "USER_020", "type": "file", "hour": 8, "filename": "doc_642.xlsx"}
{"timestamp": "2026-06-03T08:53:32.490244", "user": "USER_011", "type": "device", "hour": 8, "action": "connect"}
{"timestamp": "2026-06-03T08:53:32.990841", "user": "USER_007", "type": "device", "hour": 8, "action": "disconnect"}
{"timestamp": "2026-06-03T08:53:33.491579", "user": "USER_007", "type": "file", "hour": 8, "filename": "doc_817.exe"}
{"timestamp": "2026-06-03T08:53:34.492919", "user": "USER_004", "type": "email", "hour": 8, "external": false}
{"timestamp": "2026-06-03T08:53:34.993894", "user": "USER_012", "type": "email", "hour": 8, "external": false}
{"timestamp": "2026-06-03T08:53:35.495025", "user": "USER_014", "type": "logon", "hour": 8}
{"timestamp": "2026-06-03T08:53:36.496425", "user": "USER_014", "type": "email", "hour": 8, "external": false}
{"timestamp": "2026-06-03T08:53:36.997379", "user": "USER_017", "type": "email", "hour": 8, "external": true}
{"timestamp": "2026-06-03T08:53:37.998770", "user": "USER_005", "type": "file", "hour": 8, "filename": "doc_986.xlsx"}
{"timestamp": "2026-06-03T08:53:39.501084", "user": "USER_016", "type": "file", "hour": 8, "filename": "doc_764.zip"}
{"timestamp": "2026-06-03T08:53:40.002134", "user": "USER_017", "type": "file", "hour": 8, "filename": "doc_967.xlsx"}
{"timestamp": "2026-06-03T08:53:40.502802", "user": "USER_002", "type": "file", "hour": 8, "filename": "doc_978.docx"}
{"timestamp": "2026-06-03T08:53:41.003461", "user": "USER_019", "type": "file", "hour": 8, "filename": "doc_351.zip"}
{"timestamp": "2026-06-03T08:53:41.504036", "user": "USER_008", "type": "email", "hour": 8, "external": false}
{"timestamp": "2026-06-03T08:53:42.004967", "user": "USER_006", "type": "file", "hour": 8, "filename": "doc_419.zip"}
{"timestamp": "2026-06-03T08:53:43.506702", "user": "USER_004", "type": "email", "hour": 8, "external": false}
{"timestamp": "2026-06-03T08:53:44.007473", "user": "USER_017", "type": "file", "hour": 8, "filename": "doc_171.docx"}
{"timestamp": "2026-06-03T08:53:44.508179", "user": "USER_001", "type": "device", "hour": 8, "action": "disconnect"}
{"timestamp": "2026-06-03T08:53:45.509710", "user": "USER_016", "type": "logon", "hour": 8}
{"timestamp": "2026-06-03T08:53:46.510791", "user": "USER_010", "type": "device", "hour": 8, "action": "disconnect"}
{"timestamp": "2026-06-03T08:53:47.011351", "user": "USER_017", "type": "email", "hour": 8, "external": false}
{"timestamp": "2026-06-03T08:53:47.512006", "user": "USER_005", "type": "email", "hour": 8, "external": false}
{"timestamp": "2026-06-03T08:53:49.013953", "user": "USER_001", "type": "file", "hour": 8, "filename": "doc_383.xlsx"}
{"timestamp": "2026-06-03T08:53:49.514607", "user": "USER_015", "type": "file", "hour": 8, "filename": "doc_237.xlsx"}
{"timestamp": "2026-06-03T08:53:50.015257", "user": "USER_004", "type": "email", "hour": 8, "external": false}
{"timestamp": "2026-06-03T08:53:50.516002", "user": "USER_006", "type": "email", "hour": 8, "external": false}
{"timestamp": "2026-06-03T08:53:51.016651", "user": "USER_014", "type": "file", "hour": 8, "filename": "doc_742.zip"}
{"timestamp": "2026-06-03T08:53:51.517233", "user": "USER_003", "type": "device", "hour": 8, "action": "disconnect"}
{"timestamp": "2026-06-03T08:53:52.018199", "user": "USER_012", "type": "file", "hour": 8, "filename": "doc_915.xlsx"}
{"timestamp": "2026-06-03T08:53:52.518904", "user": "USER_002", "type": "file", "hour": 8, "filename": "doc_475.zip"}
{"timestamp": "2026-06-03T08:53:53.019857", "user": "USER_012", "type": "file", "hour": 8, "filename": "doc_841.xlsx"}
{"timestamp": "2026-06-03T08:53:53.520564", "user": "USER_006", "type": "file", "hour": 8, "filename": "doc_294.xlsx"}
{"timestamp": "2026-06-03T08:53:54.021183", "user": "USER_002", "type": "file", "hour": 8, "filename": "doc_436.exe"}
{"timestamp": "2026-06-03T08:53:54.521694", "user": "USER_007", "type": "email", "hour": 8, "external": false}
{"timestamp": "2026-06-03T08:53:55.523392", "user": "USER_016", "type": "email", "hour": 8, "external": false}
{"timestamp": "2026-06-03T08:53:56.024263", "user": "USER_014", "type": "file", "hour": 8, "filename": "doc_763.exe"}
{"timestamp": "2026-06-03T08:53:56.525048", "user": "USER_013", "type": "file", "hour": 8, "filename": "doc_738.pdf"}
{"timestamp": "2026-06-03T08:53:57.025874", "user": "USER_007", "type": "file", "hour": 8, "filename": "doc_460.pdf"}
{"timestamp": "2026-06-03T08:53:57.526683", "user": "USER_010", "type": "email", "hour": 8, "external": false}
{"timestamp": "2026-06-03T08:53:58.027540", "user": "USER_013", "type": "logon", "hour": 8}
{"timestamp": "2026-06-03T08:53:58.528342", "user": "USER_011", "type": "file", "hour": 8, "filename": "doc_915.pdf"}
{"timestamp": "2026-06-03T08:53:59.029154", "user": "USER_005", "type": "device", "hour": 8, "action": "connect"}
{"timestamp": "2026-06-03T08:53:59.529577", "user": "USER_015", "type": "email", "hour": 8, "external": false}
{"timestamp": "2026-06-03T08:54:00.030491", "user": "USER_017", "type": "email", "hour": 8, "external": false}
{"timestamp": "2026-06-03T08:54:01.032068", "user": "USER_006", "type": "file", "hour": 8, "filename": "doc_241.xlsx"}
{"timestamp": "2026-06-03T08:54:01.533104", "user": "USER_005", "type": "file", "hour": 8, "filename": "doc_651.xlsx"}
{"timestamp": "2026-06-03T08:54:02.033876", "user": "USER_020", "type": "device", "hour": 8, "action": "connect"}
{"timestamp": "2026-06-03T08:54:03.035319", "user": "USER_017", "type": "file", "hour": 8, "filename": "doc_358.exe"}
{"timestamp": "2026-06-03T08:54:05.037380", "user": "USER_004", "type": "file", "hour": 8, "filename": "doc_843.pdf"}
{"timestamp": "2026-06-03T08:54:05.537962", "user": "USER_007", "type": "device", "hour": 8, "action": "connect"}
{"timestamp": "2026-06-03T08:54:06.038634", "user": "USER_007", "type": "file", "hour": 8, "filename": "doc_904.pdf"}
{"timestamp": "2026-06-03T08:54:06.539477", "user": "USER_004", "type": "email", "hour": 8, "external": false}
{"timestamp": "2026-06-03T08:54:07.040573", "user": "USER_020", "type": "email", "hour": 8, "external": false}
{"timestamp": "2026-06-03T08:54:07.541420", "user": "USER_012", "type": "email", "hour": 8, "external": false}
{"timestamp": "2026-06-03T08:54:08.542607", "user": "USER_014", "type": "email", "hour": 8, "external": false}
{"timestamp": "2026-06-03T08:54:09.043608", "user": "USER_011", "type": "file", "hour": 8, "filename": "doc_400.docx"}
{"timestamp": "2026-06-03T08:54:09.544735", "user": "USER_003", "type": "file", "hour": 8, "filename": "doc_778.xlsx"}
{"timestamp": "2026-06-03T08:54:10.045331", "user": "USER_013", "type": "file", "hour": 8, "filename": "doc_988.docx"}
{"timestamp": "2026-06-03T08:54:10.546191", "user": "USER_009", "type": "file", "hour": 8, "filename": "doc_463.exe"}
{"timestamp": "2026-06-03T08:54:11.046909", "user": "USER_017", "type": "file", "hour": 8, "filename": "doc_659.xlsx"}
{"timestamp": "2026-06-03T08:54:12.049434", "user": "USER_013", "type": "file", "hour": 8, "filename": "doc_445.exe"}
{"timestamp": "2026-06-03T08:54:13.051198", "user": "USER_011", "type": "email", "hour": 8, "external": false}
{"timestamp": "2026-06-03T08:54:13.551886", "user": "USER_001", "type": "email", "hour": 8, "external": true}
{"timestamp": "2026-06-03T08:54:14.052526", "user": "USER_013", "type": "logon", "hour": 8}
{"timestamp": "2026-06-03T08:54:15.053743", "user": "USER_005", "type": "file", "hour": 8, "filename": "doc_713.pdf"}
{"timestamp": "2026-06-03T08:54:15.554241", "user": "USER_017", "type": "email", "hour": 8, "external": false}
{"timestamp": "2026-06-03T08:54:16.055120", "user": "USER_012", "type": "email", "hour": 8, "external": false}
{"timestamp": "2026-06-03T08:54:16.555960", "user": "USER_009", "type": "file", "hour": 8, "filename": "doc_531.pdf"}
{"timestamp": "2026-06-03T08:54:17.056869", "user": "USER_003", "type": "file", "hour": 8, "filename": "doc_255.pdf"}
{"timestamp": "2026-06-03T08:54:17.557707", "user": "USER_018", "type": "file", "hour": 8, "filename": "doc_506.xlsx"}
{"timestamp": "2026-06-03T08:54:18.058526", "user": "USER_007", "type": "email", "hour": 8, "external": false}
{"timestamp": "2026-06-03T08:54:18.559384", "user": "USER_009", "type": "file", "hour": 8, "filename": "doc_294.pdf"}
{"timestamp": "2026-06-03T08:54:19.059853", "user": "USER_020", "type": "file", "hour": 8, "filename": "doc_283.docx"}
{"timestamp": "2026-06-03T08:54:19.560708", "user": "USER_020", "type": "email", "hour": 8, "external": true}
{"timestamp": "2026-06-03T08:54:20.061421", "user": "USER_018", "type": "file", "hour": 8, "filename": "doc_497.docx"}
{"timestamp": "2026-06-03T08:54:20.562166", "user": "USER_011", "type": "file", "hour": 8, "filename": "doc_802.docx"}
{"timestamp": "2026-06-03T08:54:21.062720", "user": "USER_018", "type": "file", "hour": 8, "filename": "doc_703.exe"}
{"timestamp": "2026-06-03T08:54:21.563483", "user": "USER_001", "type": "email", "hour": 8, "external": false}
{"timestamp": "2026-06-03T08:54:22.064230", "user": "USER_004", "type": "email", "hour": 8, "external": true}
{"timestamp": "2026-06-03T08:54:22.565113", "user": "USER_014", "type": "file", "hour": 8, "filename": "doc_928.exe"}
{"timestamp": "2026-06-03T08:54:23.065987", "user": "USER_018", "type": "logon", "hour": 8}
{"timestamp": "2026-06-03T08:54:23.567075", "user": "USER_012", "type": "email", "hour": 8, "external": false}
{"timestamp": "2026-06-03T08:54:24.067931", "user": "USER_012", "type": "email", "hour": 8, "external": false}
{"timestamp": "2026-06-03T08:54:24.568527", "user": "USER_002", "type": "file", "hour": 8, "filename": "doc_490.pdf"}
{"timestamp": "2026-06-03T08:54:25.569875", "user": "USER_001", "type": "file", "hour": 8, "filename": "doc_960.zip"}
{"timestamp": "2026-06-03T08:54:26.571548", "user": "USER_010", "type": "email", "hour": 8, "external": false}
{"timestamp": "2026-06-03T08:54:27.072430", "user": "USER_016", "type": "email", "hour": 8, "external": false}
{"timestamp": "2026-06-03T08:54:27.573272", "user": "USER_016", "type": "file", "hour": 8, "filename": "doc_889.docx"}
{"timestamp": "2026-06-03T08:54:28.074317", "user": "USER_001", "type": "file", "hour": 8, "filename": "doc_203.exe"}
{"timestamp": "2026-06-03T08:54:28.575341", "user": "USER_016", "type": "file", "hour": 8, "filename": "doc_651.exe"}
{"timestamp": "2026-06-03T08:54:29.075926", "user": "USER_020", "type": "email", "hour": 8, "external": false}
{"timestamp": "2026-06-03T08:54:30.577523", "user": "USER_001", "type": "logon", "hour": 8}
{"timestamp": "2026-06-03T08:54:31.078665", "user": "USER_007", "type": "email", "hour": 8, "external": false}
{"timestamp": "2026-06-03T08:54:32.080711", "user": "USER_009", "type": "file", "hour": 8, "filename": "doc_113.xlsx"}
{"timestamp": "2026-06-03T08:54:32.582262", "user": "USER_007", "type": "logon", "hour": 8}
{"timestamp": "2026-06-03T08:54:33.084069", "user": "USER_015", "type": "file", "hour": 8, "filename": "doc_769.xlsx"}
{"timestamp": "2026-06-03T08:54:33.585493", "user": "USER_001", "type": "email", "hour": 8, "external": false}
{"timestamp": "2026-06-03T08:54:35.087816", "user": "USER_003", "type": "device", "hour": 8, "action": "connect"}
{"timestamp": "2026-06-03T08:54:35.588776", "user": "USER_013", "type": "device", "hour": 8, "action": "connect"}
{"timestamp": "2026-06-03T08:54:36.090002", "user": "USER_002", "type": "email", "hour": 8, "external": true}
{"timestamp": "2026-06-03T08:54:36.591190", "user": "USER_019", "type": "logon", "hour": 8}
{"timestamp": "2026-06-03T08:54:37.092350", "user": "USER_007", "type": "logon", "hour": 8}
{"timestamp": "2026-06-03T08:54:37.593786", "user": "USER_006", "type": "file", "hour": 8, "filename": "doc_262.zip"}
{"timestamp": "2026-06-03T08:54:38.597573", "user": "USER_010", "type": "logon", "hour": 8}
{"timestamp": "2026-06-03T08:54:39.098828", "user": "USER_006", "type": "email", "hour": 8, "external": false}
{"timestamp": "2026-06-03T08:54:39.600289", "user": "USER_001", "type": "file", "hour": 8, "filename": "doc_253.exe"}
{"timestamp": "2026-06-03T08:54:40.102347", "user": "USER_008", "type": "device", "hour": 8, "action": "connect"}
{"timestamp": "2026-06-03T08:54:41.105087", "user": "USER_011", "type": "email", "hour": 8, "external": false}
{"timestamp": "2026-06-03T08:54:41.606446", "user": "USER_015", "type": "file", "hour": 8, "filename": "doc_243.pdf"}
{"timestamp": "2026-06-03T08:54:42.107323", "user": "USER_007", "type": "file", "hour": 8, "filename": "doc_772.xlsx"}
{"timestamp": "2026-06-03T08:54:42.608178", "user": "USER_017", "type": "logon", "hour": 8}
{"timestamp": "2026-06-03T08:54:43.109476", "user": "USER_019", "type": "email", "hour": 8, "external": false}
{"timestamp": "2026-06-03T08:54:43.610671", "user": "USER_017", "type": "email", "hour": 8, "external": false}
{"timestamp": "2026-06-03T08:54:44.112046", "user": "USER_003", "type": "email", "hour": 8, "external": false}
{"timestamp": "2026-06-03T08:54:44.612939", "user": "USER_015", "type": "email", "hour": 8, "external": false}
{"timestamp": "2026-06-03T08:54:45.114690", "user": "USER_012", "type": "email", "hour": 8, "external": false}
{"timestamp": "2026-06-03T08:54:45.616888", "user": "USER_008", "type": "file", "hour": 8, "filename": "doc_277.xlsx"}
{"timestamp": "2026-06-03T08:54:46.118492", "user": "USER_015", "type": "logon", "hour": 8}
{"timestamp": "2026-06-03T08:54:48.121243", "user": "USER_014", "type": "email", "hour": 8, "external": true}
{"timestamp": "2026-06-03T08:54:48.622229", "user": "USER_007", "type": "email", "hour": 8, "external": true}
{"timestamp": "2026-06-03T08:54:49.122855", "user": "USER_013", "type": "email", "hour": 8, "external": false}
{"timestamp": "2026-06-03T08:54:50.124704", "user": "USER_001", "type": "email", "hour": 8, "external": false}
{"timestamp": "2026-06-03T08:54:50.626280", "user": "USER_004", "type": "email", "hour": 8, "external": false}
{"timestamp": "2026-06-03T08:54:51.127223", "user": "USER_019", "type": "email", "hour": 8, "external": true}
{"timestamp": "2026-06-03T08:54:51.628086", "user": "USER_016", "type": "email", "hour": 8, "external": false}
{"timestamp": "2026-06-03T08:54:52.629435", "user": "USER_007", "type": "logon", "hour": 8}
{"timestamp": "2026-06-03T08:54:53.630551", "user": "USER_013", "type": "email", "hour": 8, "external": false}
{"timestamp": "2026-06-03T08:54:54.131404", "user": "USER_018", "type": "file", "hour": 8, "filename": "doc_743.xlsx"}
{"timestamp": "2026-06-03T08:54:55.132993", "user": "USER_010", "type": "email", "hour": 8, "external": false}
{"timestamp": "2026-06-03T08:54:55.634030", "user": "USER_010", "type": "file", "hour": 8, "filename": "doc_385.zip"}
{"timestamp": "2026-06-03T08:54:56.135198", "user": "USER_009", "type": "file", "hour": 8, "filename": "doc_487.exe"}
{"timestamp": "2026-06-03T08:54:56.636194", "user": "USER_016", "type": "email", "hour": 8, "external": false}
{"timestamp": "2026-06-03T08:54:57.136999", "user": "USER_013", "type": "email", "hour": 8, "external": true}
{"timestamp": "2026-06-03T08:54:57.637999", "user": "USER_015", "type": "file", "hour": 8, "filename": "doc_220.zip"}
{"timestamp": "2026-06-03T08:54:58.138419", "user": "USER_003", "type": "device", "hour": 8, "action": "connect"}
{"timestamp": "2026-06-03T08:54:58.639587", "user": "USER_004", "type": "file", "hour": 8, "filename": "doc_286.exe"}
{"timestamp": "2026-06-03T08:54:59.140212", "user": "USER_019", "type": "file", "hour": 8, "filename": "doc_666.xlsx"}
{"timestamp": "2026-06-03T08:54:59.640952", "user": "USER_019", "type": "email", "hour": 8, "external": true}
{"timestamp": "2026-06-03T08:55:00.141553", "user": "USER_009", "type": "email", "hour": 8, "external": false}
{"timestamp": "2026-06-03T08:55:01.142977", "user": "USER_017", "type": "file", "hour": 8, "filename": "doc_644.docx"}
{"timestamp": "2026-06-03T08:55:02.144616", "user": "USER_011", "type": "logon", "hour": 8}
{"timestamp": "2026-06-03T08:55:03.646574", "user": "USER_015", "type": "file", "hour": 8, "filename": "doc_366.pdf"}
{"timestamp": "2026-06-03T08:55:04.147458", "user": "USER_002", "type": "file", "hour": 8, "filename": "doc_185.docx"}
{"timestamp": "2026-06-03T08:55:04.648189", "user": "USER_004", "type": "file", "hour": 8, "filename": "doc_446.docx"}
{"timestamp": "2026-06-03T08:55:05.148841", "user": "USER_005", "type": "email", "hour": 8, "external": true}
{"timestamp": "2026-06-03T08:55:05.649556", "user": "USER_012", "type": "email", "hour": 8, "external": false}
{"timestamp": "2026-06-03T08:55:06.150440", "user": "USER_005", "type": "logon", "hour": 8}
{"timestamp": "2026-06-03T08:55:07.151692", "user": "USER_005", "type": "email", "hour": 8, "external": false}
{"timestamp": "2026-06-03T08:55:07.151940", "user": "USER_007", "type": "file", "hour": 3, "filename": "sensitive_data_72.zip"}
{"timestamp": "2026-06-03T08:55:07.151940", "user": "USER_007", "type": "file", "hour": 3, "filename": "sensitive_data_49.zip"}
{"timestamp": "2026-06-03T08:55:07.151940", "user": "USER_007", "type": "file", "hour": 3, "filename": "sensitive_data_28.zip"}
{"timestamp": "2026-06-03T08:55:07.151940", "user": "USER_007", "type": "file", "hour": 3, "filename": "sensitive_data_61.zip"}
{"timestamp": "2026-06-03T08:55:07.151940", "user": "USER_007", "type": "file", "hour": 3, "filename": "sensitive_data_93.zip"}
{"timestamp": "2026-06-03T08:55:07.151940", "user": "USER_007", "type": "file", "hour": 3, "filename": "sensitive_data_21.zip"}
{"timestamp": "2026-06-03T08:55:07.151940", "user": "USER_007", "type": "file", "hour": 3, "filename": "sensitive_data_90.zip"}
{"timestamp": "2026-06-03T08:55:07.151940", "user": "USER_007", "type": "file", "hour": 3, "filename": "sensitive_data_7.zip"}
{"timestamp": "2026-06-03T08:55:07.151940", "user": "USER_007", "type": "file", "hour": 3, "filename": "sensitive_data_36.zip"}
{"timestamp": "2026-06-03T08:55:07.151940", "user": "USER_007", "type": "file", "hour": 3, "filename": "sensitive_data_9.zip"}
{"timestamp": "2026-06-03T08:55:07.151940", "user": "USER_007", "type": "file", "hour": 3, "filename": "sensitive_data_67.zip"}
{"timestamp": "2026-06-03T08:55:07.151940", "user": "USER_007", "type": "file", "hour": 3, "filename": "sensitive_data_63.zip"}
{"timestamp": "2026-06-03T08:55:07.151940", "user": "USER_007", "type": "file", "hour": 3, "filename": "sensitive_data_22.zip"}
{"timestamp": "2026-06-03T08:55:07.151940", "user": "USER_007", "type": "file", "hour": 3, "filename": "sensitive_data_45.zip"}
{"timestamp": "2026-06-03T08:55:07.151940", "user": "USER_007", "type": "file", "hour": 3, "filename": "sensitive_data_37.zip"}
{"timestamp": "2026-06-03T08:55:07.151940", "user": "USER_007", "type": "file", "hour": 3, "filename": "sensitive_data_30.zip"}
{"timestamp": "2026-06-03T08:55:07.151940", "user": "USER_007", "type": "file", "hour": 3, "filename": "sensitive_data_42.zip"}
{"timestamp": "2026-06-03T08:55:07.151940", "user": "USER_007", "type": "file", "hour": 3, "filename": "sensitive_data_43.zip"}
{"timestamp": "2026-06-03T08:55:07.151940", "user": "USER_007", "type": "file", "hour": 3, "filename": "sensitive_data_39.zip"}
{"timestamp": "2026-06-03T08:55:07.151940", "user": "USER_007", "type": "file", "hour": 3, "filename": "sensitive_data_50.zip"}
{"timestamp": "2026-06-03T08:55:07.151940", "user": "USER_007", "type": "file", "hour": 3, "filename": "sensitive_data_35.zip"}
{"timestamp": "2026-06-03T08:55:07.151940", "user": "USER_007", "type": "file", "hour": 3, "filename": "sensitive_data_4.zip"}
{"timestamp": "2026-06-03T08:55:07.151940", "user": "USER_007", "type": "file", "hour": 3, "filename": "sensitive_data_54.zip"}
{"timestamp": "2026-06-03T08:55:07.151940", "user": "USER_007", "type": "file", "hour": 3, "filename": "sensitive_data_84.zip"}
{"timestamp": "2026-06-03T08:55:07.151940", "user": "USER_007", "type": "file", "hour": 3, "filename": "sensitive_data_39.zip"}
{"timestamp": "2026-06-03T08:55:07.151940", "user": "USER_007", "type": "file", "hour": 3, "filename": "sensitive_data_29.zip"}
{"timestamp": "2026-06-03T08:55:07.151940", "user": "USER_007", "type": "file", "hour": 3, "filename": "sensitive_data_44.zip"}
{"timestamp": "2026-06-03T08:55:07.151940", "user": "USER_007", "type": "file", "hour": 3, "filename": "sensitive_data_51.zip"}
{"timestamp": "2026-06-03T08:55:07.151940", "user": "USER_007", "type": "file", "hour": 3, "filename": "sensitive_data_91.zip"}
{"timestamp": "2026-06-03T08:55:07.151940", "user": "USER_007", "type": "file", "hour": 3, "filename": "sensitive_data_50.zip"}
{"timestamp": "2026-06-03T08:55:07.151940", "user": "USER_007", "type": "file", "hour": 3, "filename": "sensitive_data_84.zip"}
{"timestamp": "2026-06-03T08:55:07.151940", "user": "USER_007", "type": "file", "hour": 3, "filename": "sensitive_data_1.zip"}
{"timestamp": "2026-06-03T08:55:07.151940", "user": "USER_007", "type": "file", "hour": 3, "filename": "sensitive_data_11.zip"}
{"timestamp": "2026-06-03T08:55:07.151940", "user": "USER_007", "type": "file", "hour": 3, "filename": "sensitive_data_71.zip"}
{"timestamp": "2026-06-03T08:55:07.151940", "user": "USER_007", "type": "file", "hour": 3, "filename": "sensitive_data_76.zip"}
{"timestamp": "2026-06-03T08:55:07.151940", "user": "USER_007", "type": "file", "hour": 3, "filename": "sensitive_data_59.zip"}
{"timestamp": "2026-06-03T08:55:07.151940", "user": "USER_007", "type": "file", "hour": 3, "filename": "sensitive_data_22.zip"}
{"timestamp": "2026-06-03T08:55:07.151940", "user": "USER_007", "type": "file", "hour": 3, "filename": "sensitive_data_2.zip"}
{"timestamp": "2026-06-03T08:55:07.151940", "user": "USER_007", "type": "file", "hour": 3, "filename": "sensitive_data_94.zip"}
{"timestamp": "2026-06-03T08:55:07.151940", "user": "USER_007", "type": "file", "hour": 3, "filename": "sensitive_data_7.zip"}
{"timestamp": "2026-06-03T08:55:07.151940", "user": "USER_007", "type": "file", "hour": 3, "filename": "sensitive_data_58.zip"}
{"timestamp": "2026-06-03T08:55:07.151940", "user": "USER_007", "type": "file", "hour": 3, "filename": "sensitive_data_36.zip"}
{"timestamp": "2026-06-03T08:55:07.151940", "user": "USER_007", "type": "file", "hour": 3, "filename": "sensitive_data_52.zip"}
{"timestamp": "2026-06-03T08:55:07.151940", "user": "USER_007", "type": "file", "hour": 3, "filename": "sensitive_data_74.zip"}
{"timestamp": "2026-06-03T08:55:07.151940", "user": "USER_007", "type": "file", "hour": 3, "filename": "sensitive_data_19.zip"}
{"timestamp": "2026-06-03T08:55:07.151940", "user": "USER_007", "type": "email", "hour": 3, "external": true}
{"timestamp": "2026-06-03T08:55:07.151940", "user": "USER_007", "type": "email", "hour": 3, "external": true}
{"timestamp": "2026-06-03T08:55:07.151940", "user": "USER_007", "type": "email", "hour": 3, "external": true}
{"timestamp": "2026-06-03T08:55:07.151940", "user": "USER_007", "type": "email", "hour": 3, "external": true}
{"timestamp": "2026-06-03T08:55:07.151940", "user": "USER_007", "type": "email", "hour": 3, "external": true}
{"timestamp": "2026-06-03T08:55:07.151940", "user": "USER_007", "type": "email", "hour": 3, "external": true}
{"timestamp": "2026-06-03T08:55:07.151940", "user": "USER_007", "type": "email", "hour": 3, "external": true}
{"timestamp": "2026-06-03T08:55:07.151940", "user": "USER_007", "type": "email", "hour": 3, "external": true}
{"timestamp": "2026-06-03T08:55:07.151940", "user": "USER_007", "type": "email", "hour": 3, "external": true}
{"timestamp": "2026-06-03T08:55:07.151940", "user": "USER_007", "type": "email", "hour": 3, "external": true}
{"timestamp": "2026-06-03T08:55:07.151940", "user": "USER_007", "type": "email", "hour": 3, "external": true}
{"timestamp": "2026-06-03T08:55:07.653083", "user": "USER_016", "type": "file", "hour": 8, "filename": "doc_711.docx"}
{"timestamp": "2026-06-03T08:55:08.153532", "user": "USER_002", "type": "file", "hour": 8, "filename": "doc_745.docx"}
{"timestamp": "2026-06-03T08:55:08.654351", "user": "USER_008", "type": "email", "hour": 8, "external": false}
{"timestamp": "2026-06-03T08:55:09.154838", "user": "USER_007", "type": "logon", "hour": 8}
{"timestamp": "2026-06-03T08:55:09.655585", "user": "USER_020", "type": "email", "hour": 8, "external": false}
{"timestamp": "2026-06-03T08:55:10.656728", "user": "USER_014", "type": "email", "hour": 8, "external": false}
{"timestamp": "2026-06-03T08:55:12.158728", "user": "USER_009", "type": "file", "hour": 8, "filename": "doc_645.zip"}
{"timestamp": "2026-06-03T08:55:13.159966", "user": "USER_011", "type": "file", "hour": 8, "filename": "doc_223.pdf"}
{"timestamp": "2026-06-03T08:55:13.661018", "user": "USER_016", "type": "file", "hour": 8, "filename": "doc_505.exe"}
{"timestamp": "2026-06-03T08:55:14.161872", "user": "USER_008", "type": "logon", "hour": 8}
{"timestamp": "2026-06-03T08:55:14.662768", "user": "USER_010", "type": "email", "hour": 8, "external": false}
{"timestamp": "2026-06-03T08:55:15.163823", "user": "USER_010", "type": "file", "hour": 8, "filename": "doc_746.docx"}
{"timestamp": "2026-06-03T08:55:15.664900", "user": "USER_012", "type": "file", "hour": 8, "filename": "doc_313.zip"}
{"timestamp": "2026-06-03T08:55:16.666539", "user": "USER_020", "type": "file", "hour": 8, "filename": "doc_837.xlsx"}
{"timestamp": "2026-06-03T08:55:17.167332", "user": "USER_016", "type": "logon", "hour": 8}
{"timestamp": "2026-06-03T08:55:18.168570", "user": "USER_016", "type": "file", "hour": 8, "filename": "doc_543.docx"}
{"timestamp": "2026-06-03T08:55:19.170341", "user": "USER_014", "type": "file", "hour": 8, "filename": "doc_555.pdf"}
{"timestamp": "2026-06-03T08:55:19.671282", "user": "USER_011", "type": "logon", "hour": 8}
{"timestamp": "2026-06-03T08:55:20.172281", "user": "USER_005", "type": "file", "hour": 8, "filename": "doc_489.pdf"}
{"timestamp": "2026-06-03T08:55:20.672884", "user": "USER_014", "type": "file", "hour": 8, "filename": "doc_323.zip"}
{"timestamp": "2026-06-03T08:55:21.673853", "user": "USER_014", "type": "file", "hour": 8, "filename": "doc_618.exe"}
{"timestamp": "2026-06-03T08:55:22.174788", "user": "USER_017", "type": "email", "hour": 8, "external": true}
{"timestamp": "2026-06-03T08:55:22.675850", "user": "USER_003", "type": "email", "hour": 8, "external": false}
{"timestamp": "2026-06-03T08:55:23.176951", "user": "USER_001", "type": "logon", "hour": 8}
{"timestamp": "2026-06-03T08:55:23.677695", "user": "USER_004", "type": "file", "hour": 8, "filename": "doc_680.zip"}
{"timestamp": "2026-06-03T08:55:24.178460", "user": "USER_014", "type": "file", "hour": 8, "filename": "doc_141.zip"}
{"timestamp": "2026-06-03T08:55:25.179604", "user": "USER_020", "type": "logon", "hour": 8}
{"timestamp": "2026-06-03T08:55:26.681533", "user": "USER_017", "type": "logon", "hour": 8}
{"timestamp": "2026-06-03T08:55:28.183577", "user": "USER_020", "type": "file", "hour": 8, "filename": "doc_428.xlsx"}
{"timestamp": "2026-06-03T08:55:28.684637", "user": "USER_011", "type": "logon", "hour": 8}
{"timestamp": "2026-06-03T08:55:29.185505", "user": "USER_007", "type": "file", "hour": 8, "filename": "doc_197.zip"}
{"timestamp": "2026-06-03T08:55:29.686428", "user": "USER_006", "type": "file", "hour": 8, "filename": "doc_717.xlsx"}
{"timestamp": "2026-06-03T08:55:30.187564", "user": "USER_014", "type": "file", "hour": 8, "filename": "doc_600.pdf"}
{"timestamp": "2026-06-03T08:55:30.688300", "user": "USER_012", "type": "email", "hour": 8, "external": false}
{"timestamp": "2026-06-03T08:55:31.189010", "user": "USER_014", "type": "email", "hour": 8, "external": false}
{"timestamp": "2026-06-03T08:55:32.690629", "user": "USER_009", "type": "email", "hour": 8, "external": false}
{"timestamp": "2026-06-03T08:55:33.191287", "user": "USER_010", "type": "file", "hour": 8, "filename": "doc_236.xlsx"}
{"timestamp": "2026-06-03T08:55:33.691823", "user": "USER_004", "type": "email", "hour": 8, "external": false}
{"timestamp": "2026-06-03T08:55:34.192625", "user": "USER_019", "type": "logon", "hour": 8}
{"timestamp": "2026-06-03T08:55:35.194051", "user": "USER_011", "type": "logon", "hour": 8}
{"timestamp": "2026-06-03T08:55:36.195269", "user": "USER_008", "type": "file", "hour": 8, "filename": "doc_309.xlsx"}
{"timestamp": "2026-06-03T08:55:36.695940", "user": "USER_011", "type": "logon", "hour": 8}
{"timestamp": "2026-06-03T08:55:36.696143", "user": "USER_010", "type": "file", "hour": 3, "filename": "sensitive_data_74.zip"}
{"timestamp": "2026-06-03T08:55:36.696143", "user": "USER_010", "type": "file", "hour": 3, "filename": "sensitive_data_27.zip"}
{"timestamp": "2026-06-03T08:55:36.696143", "user": "USER_010", "type": "file", "hour": 3, "filename": "sensitive_data_93.zip"}
{"timestamp": "2026-06-03T08:55:36.696143", "user": "USER_010", "type": "file", "hour": 3, "filename": "sensitive_data_37.zip"}
{"timestamp": "2026-06-03T08:55:36.696143", "user": "USER_010", "type": "file", "hour": 3, "filename": "sensitive_data_19.zip"}
{"timestamp": "2026-06-03T08:55:36.696143", "user": "USER_010", "type": "file", "hour": 3, "filename": "sensitive_data_16.zip"}
{"timestamp": "2026-06-03T08:55:36.696143", "user": "USER_010", "type": "file", "hour": 3, "filename": "sensitive_data_87.zip"}
{"timestamp": "2026-06-03T08:55:36.696143", "user": "USER_010", "type": "file", "hour": 3, "filename": "sensitive_data_21.zip"}
{"timestamp": "2026-06-03T08:55:36.696143", "user": "USER_010", "type": "file", "hour": 3, "filename": "sensitive_data_85.zip"}
{"timestamp": "2026-06-03T08:55:36.696143", "user": "USER_010", "type": "file", "hour": 3, "filename": "sensitive_data_39.zip"}
{"timestamp": "2026-06-03T08:55:36.696143", "user": "USER_010", "type": "file", "hour": 3, "filename": "sensitive_data_71.zip"}
{"timestamp": "2026-06-03T08:55:36.696143", "user": "USER_010", "type": "file", "hour": 3, "filename": "sensitive_data_59.zip"}
{"timestamp": "2026-06-03T08:55:36.696143", "user": "USER_010", "type": "file", "hour": 3, "filename": "sensitive_data_8.zip"}
{"timestamp": "2026-06-03T08:55:36.696143", "user": "USER_010", "type": "file", "hour": 3, "filename": "sensitive_data_64.zip"}
{"timestamp": "2026-06-03T08:55:36.696143", "user": "USER_010", "type": "file", "hour": 3, "filename": "sensitive_data_37.zip"}
{"timestamp": "2026-06-03T08:55:36.696143", "user": "USER_010", "type": "file", "hour": 3, "filename": "sensitive_data_17.zip"}
{"timestamp": "2026-06-03T08:55:36.696143", "user": "USER_010", "type": "file", "hour": 3, "filename": "sensitive_data_56.zip"}
{"timestamp": "2026-06-03T08:55:36.696143", "user": "USER_010", "type": "file", "hour": 3, "filename": "sensitive_data_87.zip"}
{"timestamp": "2026-06-03T08:55:36.696143", "user": "USER_010", "type": "file", "hour": 3, "filename": "sensitive_data_72.zip"}
{"timestamp": "2026-06-03T08:55:36.696143", "user": "USER_010", "type": "file", "hour": 3, "filename": "sensitive_data_61.zip"}
{"timestamp": "2026-06-03T08:55:36.696143", "user": "USER_010", "type": "file", "hour": 3, "filename": "sensitive_data_58.zip"}
{"timestamp": "2026-06-03T08:55:36.696143", "user": "USER_010", "type": "file", "hour": 3, "filename": "sensitive_data_29.zip"}
{"timestamp": "2026-06-03T08:55:36.696143", "user": "USER_010", "type": "file", "hour": 3, "filename": "sensitive_data_20.zip"}
{"timestamp": "2026-06-03T08:55:36.696143", "user": "USER_010", "type": "file", "hour": 3, "filename": "sensitive_data_93.zip"}
{"timestamp": "2026-06-03T08:55:36.696143", "user": "USER_010", "type": "file", "hour": 3, "filename": "sensitive_data_8.zip"}
{"timestamp": "2026-06-03T08:55:36.696143", "user": "USER_010", "type": "file", "hour": 3, "filename": "sensitive_data_20.zip"}
{"timestamp": "2026-06-03T08:55:36.696143", "user": "USER_010", "type": "file", "hour": 3, "filename": "sensitive_data_3.zip"}
{"timestamp": "2026-06-03T08:55:36.696143", "user": "USER_010", "type": "file", "hour": 3, "filename": "sensitive_data_7.zip"}
{"timestamp": "2026-06-03T08:55:36.696143", "user": "USER_010", "type": "file", "hour": 3, "filename": "sensitive_data_10.zip"}
{"timestamp": "2026-06-03T08:55:36.696143", "user": "USER_010", "type": "file", "hour": 3, "filename": "sensitive_data_61.zip"}
{"timestamp": "2026-06-03T08:55:36.696143", "user": "USER_010", "type": "file", "hour": 3, "filename": "sensitive_data_12.zip"}
{"timestamp": "2026-06-03T08:55:36.696143", "user": "USER_010", "type": "file", "hour": 3, "filename": "sensitive_data_75.zip"}
{"timestamp": "2026-06-03T08:55:36.696143", "user": "USER_010", "type": "file", "hour": 3, "filename": "sensitive_data_45.zip"}
{"timestamp": "2026-06-03T08:55:36.696143", "user": "USER_010", "type": "file", "hour": 3, "filename": "sensitive_data_45.zip"}
{"timestamp": "2026-06-03T08:55:36.696143", "user": "USER_010", "type": "file", "hour": 3, "filename": "sensitive_data_30.zip"}
{"timestamp": "2026-06-03T08:55:36.696143", "user": "USER_010", "type": "file", "hour": 3, "filename": "sensitive_data_100.zip"}
{"timestamp": "2026-06-03T08:55:36.696143", "user": "USER_010", "type": "file", "hour": 3, "filename": "sensitive_data_95.zip"}
{"timestamp": "2026-06-03T08:55:36.696143", "user": "USER_010", "type": "file", "hour": 3, "filename": "sensitive_data_97.zip"}
{"timestamp": "2026-06-03T08:55:36.696143", "user": "USER_010", "type": "email", "hour": 3, "external": true}
{"timestamp": "2026-06-03T08:55:36.696143", "user": "USER_010", "type": "email", "hour": 3, "external": true}
{"timestamp": "2026-06-03T08:55:36.696143", "user": "USER_010", "type": "email", "hour": 3, "external": true}
{"timestamp": "2026-06-03T08:55:36.696143", "user": "USER_010", "type": "email", "hour": 3, "external": true}
{"timestamp": "2026-06-03T08:55:36.696143", "user": "USER_010", "type": "email", "hour": 3, "external": true}
{"timestamp": "2026-06-03T08:55:36.696143", "user": "USER_010", "type": "email", "hour": 3, "external": true}
{"timestamp": "2026-06-03T08:55:36.696143", "user": "USER_010", "type": "email", "hour": 3, "external": true}
{"timestamp": "2026-06-03T08:55:36.696143", "user": "USER_010", "type": "email", "hour": 3, "external": true}
{"timestamp": "2026-06-03T08:55:36.696143", "user": "USER_010", "type": "email", "hour": 3, "external": true}
{"timestamp": "2026-06-03T08:55:36.696143", "user": "USER_010", "type": "email", "hour": 3, "external": true}
{"timestamp": "2026-06-03T08:55:37.197047", "user": "USER_008", "type": "email", "hour": 8, "external": false}
{"timestamp": "2026-06-03T08:55:37.697958", "user": "USER_018", "type": "file", "hour": 8, "filename": "doc_204.zip"}
{"timestamp": "2026-06-03T08:55:38.198976", "user": "USER_005", "type": "email", "hour": 8, "external": true}
{"timestamp": "2026-06-03T08:55:38.704091", "user": "USER_019", "type": "logon", "hour": 8}
{"timestamp": "2026-06-03T08:55:39.205614", "user": "USER_013", "type": "file", "hour": 8, "filename": "doc_866.xlsx"}
{"timestamp": "2026-06-03T08:55:39.706575", "user": "USER_009", "type": "email", "hour": 8, "external": true}
{"timestamp": "2026-06-03T08:55:40.207682", "user": "USER_013", "type": "file", "hour": 8, "filename": "doc_896.xlsx"}
{"timestamp": "2026-06-03T08:55:40.708359", "user": "USER_005", "type": "device", "hour": 8, "action": "connect"}
{"timestamp": "2026-06-03T08:55:41.209362", "user": "USER_004", "type": "file", "hour": 8, "filename": "doc_396.docx"}
{"timestamp": "2026-06-03T08:55:41.710232", "user": "USER_012", "type": "file", "hour": 8, "filename": "doc_683.xlsx"}
{"timestamp": "2026-06-03T08:55:42.211198", "user": "USER_008", "type": "email", "hour": 8, "external": false}
{"timestamp": "2026-06-03T08:55:42.712140", "user": "USER_002", "type": "email", "hour": 8, "external": false}
{"timestamp": "2026-06-03T08:55:43.212752", "user": "USER_011", "type": "file", "hour": 8, "filename": "doc_693.exe"}
{"timestamp": "2026-06-03T08:55:43.713609", "user": "USER_003", "type": "email", "hour": 8, "external": false}
{"timestamp": "2026-06-03T08:55:44.214170", "user": "USER_009", "type": "email", "hour": 8, "external": false}
{"timestamp": "2026-06-03T08:55:44.715081", "user": "USER_006", "type": "device", "hour": 8, "action": "disconnect"}
{"timestamp": "2026-06-03T08:55:46.217249", "user": "USER_017", "type": "file", "hour": 3, "filename": "sensitive_data_95.zip"}
{"timestamp": "2026-06-03T08:55:46.217249", "user": "USER_017", "type": "file", "hour": 3, "filename": "sensitive_data_70.zip"}
{"timestamp": "2026-06-03T08:55:46.217249", "user": "USER_017", "type": "file", "hour": 3, "filename": "sensitive_data_12.zip"}
{"timestamp": "2026-06-03T08:55:46.217249", "user": "USER_017", "type": "file", "hour": 3, "filename": "sensitive_data_11.zip"}
{"timestamp": "2026-06-03T08:55:46.217249", "user": "USER_017", "type": "file", "hour": 3, "filename": "sensitive_data_90.zip"}
{"timestamp": "2026-06-03T08:55:46.217249", "user": "USER_017", "type": "file", "hour": 3, "filename": "sensitive_data_52.zip"}
{"timestamp": "2026-06-03T08:55:46.217249", "user": "USER_017", "type": "file", "hour": 3, "filename": "sensitive_data_54.zip"}
{"timestamp": "2026-06-03T08:55:46.217249", "user": "USER_017", "type": "file", "hour": 3, "filename": "sensitive_data_74.zip"}
{"timestamp": "2026-06-03T08:55:46.217249", "user": "USER_017", "type": "file", "hour": 3, "filename": "sensitive_data_61.zip"}
{"timestamp": "2026-06-03T08:55:46.217249", "user": "USER_017", "type": "file", "hour": 3, "filename": "sensitive_data_9.zip"}
{"timestamp": "2026-06-03T08:55:46.217249", "user": "USER_017", "type": "file", "hour": 3, "filename": "sensitive_data_14.zip"}
{"timestamp": "2026-06-03T08:55:46.217249", "user": "USER_017", "type": "file", "hour": 3, "filename": "sensitive_data_36.zip"}
{"timestamp": "2026-06-03T08:55:46.217249", "user": "USER_017", "type": "file", "hour": 3, "filename": "sensitive_data_27.zip"}
{"timestamp": "2026-06-03T08:55:46.217249", "user": "USER_017", "type": "file", "hour": 3, "filename": "sensitive_data_25.zip"}
{"timestamp": "2026-06-03T08:55:46.217249", "user": "USER_017", "type": "file", "hour": 3, "filename": "sensitive_data_9.zip"}
{"timestamp": "2026-06-03T08:55:46.217249", "user": "USER_017", "type": "file", "hour": 3, "filename": "sensitive_data_65.zip"}
{"timestamp": "2026-06-03T08:55:46.217249", "user": "USER_017", "type": "file", "hour": 3, "filename": "sensitive_data_45.zip"}
{"timestamp": "2026-06-03T08:55:46.217249", "user": "USER_017", "type": "file", "hour": 3, "filename": "sensitive_data_93.zip"}
{"timestamp": "2026-06-03T08:55:46.217249", "user": "USER_017", "type": "file", "hour": 3, "filename": "sensitive_data_67.zip"}
{"timestamp": "2026-06-03T08:55:46.217249", "user": "USER_017", "type": "file", "hour": 3, "filename": "sensitive_data_17.zip"}
{"timestamp": "2026-06-03T08:55:46.217249", "user": "USER_017", "type": "file", "hour": 3, "filename": "sensitive_data_50.zip"}
{"timestamp": "2026-06-03T08:55:46.217249", "user": "USER_017", "type": "file", "hour": 3, "filename": "sensitive_data_96.zip"}
{"timestamp": "2026-06-03T08:55:46.217249", "user": "USER_017", "type": "file", "hour": 3, "filename": "sensitive_data_3.zip"}
{"timestamp": "2026-06-03T08:55:46.217249", "user": "USER_017", "type": "file", "hour": 3, "filename": "sensitive_data_92.zip"}
{"timestamp": "2026-06-03T08:55:46.217249", "user": "USER_017", "type": "file", "hour": 3, "filename": "sensitive_data_28.zip"}
{"timestamp": "2026-06-03T08:55:46.217249", "user": "USER_017", "type": "file", "hour": 3, "filename": "sensitive_data_78.zip"}
{"timestamp": "2026-06-03T08:55:46.217249", "user": "USER_017", "type": "file", "hour": 3, "filename": "sensitive_data_7.zip"}
{"timestamp": "2026-06-03T08:55:46.217249", "user": "USER_017", "type": "file", "hour": 3, "filename": "sensitive_data_27.zip"}
{"timestamp": "2026-06-03T08:55:46.217249", "user": "USER_017", "type": "file", "hour": 3, "filename": "sensitive_data_76.zip"}
{"timestamp": "2026-06-03T08:55:46.217249", "user": "USER_017", "type": "file", "hour": 3, "filename": "sensitive_data_35.zip"}
{"timestamp": "2026-06-03T08:55:46.217249", "user": "USER_017", "type": "file", "hour": 3, "filename": "sensitive_data_57.zip"}
{"timestamp": "2026-06-03T08:55:46.217249", "user": "USER_017", "type": "file", "hour": 3, "filename": "sensitive_data_89.zip"}
{"timestamp": "2026-06-03T08:55:46.217249", "user": "USER_017", "type": "file", "hour": 3, "filename": "sensitive_data_83.zip"}
{"timestamp": "2026-06-03T08:55:46.217249", "user": "USER_017", "type": "file", "hour": 3, "filename": "sensitive_data_42.zip"}
{"timestamp": "2026-06-03T08:55:46.217249", "user": "USER_017", "type": "file", "hour": 3, "filename": "sensitive_data_20.zip"}
{"timestamp": "2026-06-03T08:55:46.217249", "user": "USER_017", "type": "file", "hour": 3, "filename": "sensitive_data_62.zip"}
{"timestamp": "2026-06-03T08:55:46.217249", "user": "USER_017", "type": "file", "hour": 3, "filename": "sensitive_data_60.zip"}
{"timestamp": "2026-06-03T08:55:46.217249", "user": "USER_017", "type": "file", "hour": 3, "filename": "sensitive_data_42.zip"}
{"timestamp": "2026-06-03T08:55:46.217249", "user": "USER_017", "type": "file", "hour": 3, "filename": "sensitive_data_65.zip"}
{"timestamp": "2026-06-03T08:55:46.217249", "user": "USER_017", "type": "file", "hour": 3, "filename": "sensitive_data_94.zip"}
{"timestamp": "2026-06-03T08:55:46.217249", "user": "USER_017", "type": "file", "hour": 3, "filename": "sensitive_data_60.zip"}
{"timestamp": "2026-06-03T08:55:46.217249", "user": "USER_017", "type": "file", "hour": 3, "filename": "sensitive_data_98.zip"}
{"timestamp": "2026-06-03T08:55:46.217249", "user": "USER_017", "type": "file", "hour": 3, "filename": "sensitive_data_28.zip"}
{"timestamp": "2026-06-03T08:55:46.217249", "user": "USER_017", "type": "file", "hour": 3, "filename": "sensitive_data_72.zip"}
{"timestamp": "2026-06-03T08:55:46.217249", "user": "USER_017", "type": "file", "hour": 3, "filename": "sensitive_data_51.zip"}
{"timestamp": "2026-06-03T08:55:46.217249", "user": "USER_017", "type": "file", "hour": 3, "filename": "sensitive_data_83.zip"}
{"timestamp": "2026-06-03T08:55:46.217249", "user": "USER_017", "type": "file", "hour": 3, "filename": "sensitive_data_7.zip"}
{"timestamp": "2026-06-03T08:55:46.217249", "user": "USER_017", "type": "file", "hour": 3, "filename": "sensitive_data_33.zip"}
{"timestamp": "2026-06-03T08:55:46.217249", "user": "USER_017", "type": "file", "hour": 3, "filename": "sensitive_data_45.zip"}
{"timestamp": "2026-06-03T08:55:46.217249", "user": "USER_017", "type": "file", "hour": 3, "filename": "sensitive_data_10.zip"}
{"timestamp": "2026-06-03T08:55:46.217249", "user": "USER_017", "type": "email", "hour": 3, "external": true}
{"timestamp": "2026-06-03T08:55:46.217249", "user": "USER_017", "type": "email", "hour": 3, "external": true}
{"timestamp": "2026-06-03T08:55:46.217249", "user": "USER_017", "type": "email", "hour": 3, "external": true}
{"timestamp": "2026-06-03T08:55:46.217249", "user": "USER_017", "type": "email", "hour": 3, "external": true}
{"timestamp": "2026-06-03T08:55:46.217249", "user": "USER_017", "type": "email", "hour": 3, "external": true}
{"timestamp": "2026-06-03T08:55:46.217249", "user": "USER_017", "type": "email", "hour": 3, "external": true}
{"timestamp": "2026-06-03T08:55:46.217249", "user": "USER_017", "type": "email", "hour": 3, "external": true}
{"timestamp": "2026-06-03T08:55:46.217249", "user": "USER_017", "type": "email", "hour": 3, "external": true}
{"timestamp": "2026-06-03T08:55:46.217249", "user": "USER_017", "type": "email", "hour": 3, "external": true}
{"timestamp": "2026-06-03T08:55:46.217249", "user": "USER_017", "type": "email", "hour": 3, "external": true}
{"timestamp": "2026-06-03T08:55:46.217249", "user": "USER_017", "type": "email", "hour": 3, "external": true}
{"timestamp": "2026-06-03T08:55:46.217249", "user": "USER_017", "type": "email", "hour": 3, "external": true}
{"timestamp": "2026-06-03T08:55:46.217249", "user": "USER_017", "type": "email", "hour": 3, "external": true}
{"timestamp": "2026-06-03T08:55:46.217249", "user": "USER_017", "type": "email", "hour": 3, "external": true}
{"timestamp": "2026-06-03T08:55:46.217249", "user": "USER_017", "type": "email", "hour": 3, "external": true}
{"timestamp": "2026-06-03T08:55:46.217249", "user": "USER_017", "type": "email", "hour": 3, "external": true}
{"timestamp": "2026-06-03T08:55:46.718492", "user": "USER_005", "type": "logon", "hour": 8}
{"timestamp": "2026-06-03T08:55:47.719838", "user": "USER_002", "type": "file", "hour": 8, "filename": "doc_194.docx"}
{"timestamp": "2026-06-03T08:55:48.220620", "user": "USER_008", "type": "email", "hour": 8, "external": false}
{"timestamp": "2026-06-03T08:55:48.721465", "user": "USER_008", "type": "email", "hour": 8, "external": false}
{"timestamp": "2026-06-03T08:55:49.222499", "user": "USER_001", "type": "file", "hour": 8, "filename": "doc_555.docx"}
{"timestamp": "2026-06-03T08:55:49.723241", "user": "USER_019", "type": "file", "hour": 8, "filename": "doc_198.pdf"}
{"timestamp": "2026-06-03T08:55:50.224370", "user": "USER_005", "type": "email", "hour": 8, "external": false}
{"timestamp": "2026-06-03T08:55:51.225411", "user": "USER_015", "type": "file", "hour": 8, "filename": "doc_508.exe"}
{"timestamp": "2026-06-03T08:55:51.726101", "user": "USER_019", "type": "email", "hour": 8, "external": false}
{"timestamp": "2026-06-03T08:55:52.226670", "user": "USER_007", "type": "email", "hour": 8, "external": false}
{"timestamp": "2026-06-03T08:55:52.727371", "user": "USER_015", "type": "file", "hour": 8, "filename": "doc_575.docx"}
{"timestamp": "2026-06-03T08:55:53.228037", "user": "USER_009", "type": "email", "hour": 8, "external": false}
{"timestamp": "2026-06-03T08:55:53.728796", "user": "USER_006", "type": "email", "hour": 8, "external": true}
{"timestamp": "2026-06-03T08:55:54.229511", "user": "USER_017", "type": "email", "hour": 8, "external": false}
{"timestamp": "2026-06-03T08:55:54.730173", "user": "USER_019", "type": "file", "hour": 8, "filename": "doc_856.xlsx"}
{"timestamp": "2026-06-03T08:55:55.230961", "user": "USER_010", "type": "email", "hour": 8, "external": false}
{"timestamp": "2026-06-03T08:55:55.731461", "user": "USER_012", "type": "logon", "hour": 8}
{"timestamp": "2026-06-03T08:55:56.732813", "user": "USER_001", "type": "email", "hour": 8, "external": false}
{"timestamp": "2026-06-03T08:55:57.233752", "user": "USER_020", "type": "file", "hour": 8, "filename": "doc_580.pdf"}
{"timestamp": "2026-06-03T08:55:58.234791", "user": "USER_009", "type": "email", "hour": 8, "external": false}
{"timestamp": "2026-06-03T08:55:58.735713", "user": "USER_005", "type": "email", "hour": 8, "external": false}
{"timestamp": "2026-06-03T08:55:59.736966", "user": "USER_018", "type": "file", "hour": 8, "filename": "doc_681.xlsx"}
{"timestamp": "2026-06-03T08:56:00.237665", "user": "USER_016", "type": "logon", "hour": 8}
{"timestamp": "2026-06-03T08:56:00.738562", "user": "USER_020", "type": "file", "hour": 8, "filename": "doc_854.docx"}
{"timestamp": "2026-06-03T08:56:01.239342", "user": "USER_006", "type": "file", "hour": 8, "filename": "doc_381.xlsx"}
{"timestamp": "2026-06-03T08:56:01.740095", "user": "USER_005", "type": "device", "hour": 8, "action": "disconnect"}
{"timestamp": "2026-06-03T08:56:02.240755", "user": "USER_020", "type": "device", "hour": 8, "action": "disconnect"}
{"timestamp": "2026-06-03T08:56:02.741637", "user": "USER_016", "type": "email", "hour": 8, "external": false}
{"timestamp": "2026-06-03T08:56:03.242448", "user": "USER_016", "type": "email", "hour": 8, "external": false}
{"timestamp": "2026-06-03T08:56:03.743344", "user": "USER_007", "type": "email", "hour": 8, "external": true}
{"timestamp": "2026-06-03T08:56:04.744707", "user": "USER_011", "type": "email", "hour": 8, "external": false}
{"timestamp": "2026-06-03T08:56:05.745561", "user": "USER_004", "type": "file", "hour": 8, "filename": "doc_935.docx"}
{"timestamp": "2026-06-03T08:56:06.246396", "user": "USER_017", "type": "email", "hour": 8, "external": false}
{"timestamp": "2026-06-03T08:56:06.747253", "user": "USER_016", "type": "email", "hour": 8, "external": false}
{"timestamp": "2026-06-03T08:56:07.247707", "user": "USER_008", "type": "email", "hour": 8, "external": true}
{"timestamp": "2026-06-03T08:56:08.249065", "user": "USER_017", "type": "file", "hour": 8, "filename": "doc_845.exe"}
{"timestamp": "2026-06-03T08:56:08.750081", "user": "USER_005", "type": "file", "hour": 8, "filename": "doc_442.zip"}
{"timestamp": "2026-06-03T08:56:09.250665", "user": "USER_016", "type": "logon", "hour": 8}
{"timestamp": "2026-06-03T08:56:09.751192", "user": "USER_006", "type": "file", "hour": 8, "filename": "doc_560.docx"}
{"timestamp": "2026-06-03T08:56:10.251998", "user": "USER_019", "type": "file", "hour": 8, "filename": "doc_477.docx"}
{"timestamp": "2026-06-03T08:56:10.752756", "user": "USER_020", "type": "logon", "hour": 8}
{"timestamp": "2026-06-03T08:56:11.253374", "user": "USER_003", "type": "file", "hour": 8, "filename": "doc_928.docx"}
{"timestamp": "2026-06-03T08:56:12.254592", "user": "USER_015", "type": "device", "hour": 8, "action": "disconnect"}
{"timestamp": "2026-06-03T08:56:12.755401", "user": "USER_019", "type": "email", "hour": 8, "external": false}
{"timestamp": "2026-06-03T08:56:13.256094", "user": "USER_002", "type": "email", "hour": 8, "external": true}
{"timestamp": "2026-06-03T08:56:13.757037", "user": "USER_017", "type": "logon", "hour": 8}
{"timestamp": "2026-06-03T08:56:14.257663", "user": "USER_001", "type": "email", "hour": 8, "external": false}
{"timestamp": "2026-06-03T08:56:14.758767", "user": "USER_012", "type": "file", "hour": 8, "filename": "doc_561.docx"}
{"timestamp": "2026-06-03T08:56:15.259356", "user": "USER_001", "type": "file", "hour": 8, "filename": "doc_252.xlsx"}
{"timestamp": "2026-06-03T08:56:15.759956", "user": "USER_005", "type": "file", "hour": 8, "filename": "doc_552.pdf"}
{"timestamp": "2026-06-03T08:56:16.261021", "user": "USER_009", "type": "file", "hour": 8, "filename": "doc_989.pdf"}
{"timestamp": "2026-06-03T08:56:16.761988", "user": "USER_013", "type": "email", "hour": 8, "external": false}
{"timestamp": "2026-06-03T08:56:17.263405", "user": "USER_005", "type": "file", "hour": 8, "filename": "doc_507.zip"}
{"timestamp": "2026-06-03T08:56:17.764824", "user": "USER_019", "type": "email", "hour": 8, "external": false}
{"timestamp": "2026-06-03T08:56:18.265703", "user": "USER_006", "type": "device", "hour": 8, "action": "disconnect"}
{"timestamp": "2026-06-03T08:56:18.766490", "user": "USER_012", "type": "file", "hour": 8, "filename": "doc_593.pdf"}
{"timestamp": "2026-06-03T08:56:20.769375", "user": "USER_020", "type": "file", "hour": 8, "filename": "doc_412.pdf"}
{"timestamp": "2026-06-03T08:56:21.271485", "user": "USER_010", "type": "email", "hour": 8, "external": false}
{"timestamp": "2026-06-03T08:56:21.772458", "user": "USER_015", "type": "file", "hour": 8, "filename": "doc_828.zip"}
{"timestamp": "2026-06-03T08:56:22.273268", "user": "USER_010", "type": "file", "hour": 8, "filename": "doc_261.xlsx"}
{"timestamp": "2026-06-03T08:56:22.774310", "user": "USER_004", "type": "logon", "hour": 8}
{"timestamp": "2026-06-03T08:56:23.275261", "user": "USER_017", "type": "email", "hour": 8, "external": true}
{"timestamp": "2026-06-03T08:56:23.775996", "user": "USER_019", "type": "file", "hour": 8, "filename": "doc_305.xlsx"}
{"timestamp": "2026-06-03T08:56:24.277014", "user": "USER_014", "type": "email", "hour": 8, "external": true}
{"timestamp": "2026-06-03T08:56:24.777853", "user": "USER_016", "type": "email", "hour": 8, "external": false}
{"timestamp": "2026-06-03T08:56:25.278933", "user": "USER_004", "type": "file", "hour": 8, "filename": "doc_266.docx"}
{"timestamp": "2026-06-03T08:56:25.780366", "user": "USER_010", "type": "device", "hour": 8, "action": "connect"}
{"timestamp": "2026-06-03T08:56:26.282504", "user": "USER_017", "type": "file", "hour": 8, "filename": "doc_751.zip"}
{"timestamp": "2026-06-03T08:56:27.285522", "user": "USER_019", "type": "file", "hour": 8, "filename": "doc_549.xlsx"}
{"timestamp": "2026-06-03T08:56:27.786161", "user": "USER_020", "type": "email", "hour": 8, "external": false}
{"timestamp": "2026-06-03T08:56:28.286833", "user": "USER_003", "type": "logon", "hour": 8}
{"timestamp": "2026-06-03T08:56:28.787612", "user": "USER_017", "type": "file", "hour": 8, "filename": "doc_498.pdf"}
{"timestamp": "2026-06-03T08:56:29.288150", "user": "USER_001", "type": "file", "hour": 8, "filename": "doc_455.zip"}
{"timestamp": "2026-06-03T08:56:29.789123", "user": "USER_017", "type": "logon", "hour": 8}
{"timestamp": "2026-06-03T08:56:30.289768", "user": "USER_002", "type": "file", "hour": 8, "filename": "doc_891.exe"}
{"timestamp": "2026-06-03T08:56:30.790708", "user": "USER_011", "type": "email", "hour": 8, "external": false}
{"timestamp": "2026-06-03T08:56:31.291702", "user": "USER_001", "type": "email", "hour": 8, "external": false}
{"timestamp": "2026-06-03T08:56:31.792369", "user": "USER_016", "type": "email", "hour": 8, "external": false}
{"timestamp": "2026-06-03T08:56:31.792644", "user": "USER_020", "type": "file", "hour": 3, "filename": "sensitive_data_90.zip"}
{"timestamp": "2026-06-03T08:56:31.792644", "user": "USER_020", "type": "file", "hour": 3, "filename": "sensitive_data_64.zip"}
{"timestamp": "2026-06-03T08:56:31.792644", "user": "USER_020", "type": "file", "hour": 3, "filename": "sensitive_data_97.zip"}
{"timestamp": "2026-06-03T08:56:31.792644", "user": "USER_020", "type": "file", "hour": 3, "filename": "sensitive_data_9.zip"}
{"timestamp": "2026-06-03T08:56:31.792644", "user": "USER_020", "type": "file", "hour": 3, "filename": "sensitive_data_86.zip"}
{"timestamp": "2026-06-03T08:56:31.792644", "user": "USER_020", "type": "file", "hour": 3, "filename": "sensitive_data_27.zip"}
{"timestamp": "2026-06-03T08:56:31.792644", "user": "USER_020", "type": "file", "hour": 3, "filename": "sensitive_data_67.zip"}
{"timestamp": "2026-06-03T08:56:31.792644", "user": "USER_020", "type": "file", "hour": 3, "filename": "sensitive_data_3.zip"}
{"timestamp": "2026-06-03T08:56:31.792644", "user": "USER_020", "type": "file", "hour": 3, "filename": "sensitive_data_31.zip"}
{"timestamp": "2026-06-03T08:56:31.792644", "user": "USER_020", "type": "file", "hour": 3, "filename": "sensitive_data_75.zip"}
{"timestamp": "2026-06-03T08:56:31.792644", "user": "USER_020", "type": "file", "hour": 3, "filename": "sensitive_data_32.zip"}
{"timestamp": "2026-06-03T08:56:31.792644", "user": "USER_020", "type": "file", "hour": 3, "filename": "sensitive_data_70.zip"}
{"timestamp": "2026-06-03T08:56:31.792644", "user": "USER_020", "type": "file", "hour": 3, "filename": "sensitive_data_35.zip"}
{"timestamp": "2026-06-03T08:56:31.792644", "user": "USER_020", "type": "file", "hour": 3, "filename": "sensitive_data_32.zip"}
{"timestamp": "2026-06-03T08:56:31.792644", "user": "USER_020", "type": "file", "hour": 3, "filename": "sensitive_data_40.zip"}
{"timestamp": "2026-06-03T08:56:31.792644", "user": "USER_020", "type": "file", "hour": 3, "filename": "sensitive_data_49.zip"}
{"timestamp": "2026-06-03T08:56:31.792644", "user": "USER_020", "type": "file", "hour": 3, "filename": "sensitive_data_69.zip"}
{"timestamp": "2026-06-03T08:56:31.792644", "user": "USER_020", "type": "file", "hour": 3, "filename": "sensitive_data_58.zip"}
{"timestamp": "2026-06-03T08:56:31.792644", "user": "USER_020", "type": "file", "hour": 3, "filename": "sensitive_data_97.zip"}
{"timestamp": "2026-06-03T08:56:31.792644", "user": "USER_020", "type": "file", "hour": 3, "filename": "sensitive_data_64.zip"}
{"timestamp": "2026-06-03T08:56:31.792644", "user": "USER_020", "type": "file", "hour": 3, "filename": "sensitive_data_58.zip"}
{"timestamp": "2026-06-03T08:56:31.792644", "user": "USER_020", "type": "file", "hour": 3, "filename": "sensitive_data_68.zip"}
{"timestamp": "2026-06-03T08:56:31.792644", "user": "USER_020", "type": "file", "hour": 3, "filename": "sensitive_data_21.zip"}
{"timestamp": "2026-06-03T08:56:31.792644", "user": "USER_020", "type": "file", "hour": 3, "filename": "sensitive_data_35.zip"}
{"timestamp": "2026-06-03T08:56:31.792644", "user": "USER_020", "type": "file", "hour": 3, "filename": "sensitive_data_10.zip"}
{"timestamp": "2026-06-03T08:56:31.792644", "user": "USER_020", "type": "file", "hour": 3, "filename": "sensitive_data_62.zip"}
{"timestamp": "2026-06-03T08:56:31.792644", "user": "USER_020", "type": "file", "hour": 3, "filename": "sensitive_data_36.zip"}
{"timestamp": "2026-06-03T08:56:31.792644", "user": "USER_020", "type": "file", "hour": 3, "filename": "sensitive_data_69.zip"}
{"timestamp": "2026-06-03T08:56:31.792644", "user": "USER_020", "type": "file", "hour": 3, "filename": "sensitive_data_76.zip"}
{"timestamp": "2026-06-03T08:56:31.792644", "user": "USER_020", "type": "file", "hour": 3, "filename": "sensitive_data_93.zip"}
{"timestamp": "2026-06-03T08:56:31.792644", "user": "USER_020", "type": "file", "hour": 3, "filename": "sensitive_data_33.zip"}
{"timestamp": "2026-06-03T08:56:31.792644", "user": "USER_020", "type": "file", "hour": 3, "filename": "sensitive_data_64.zip"}
{"timestamp": "2026-06-03T08:56:31.792644", "user": "USER_020", "type": "file", "hour": 3, "filename": "sensitive_data_25.zip"}
{"timestamp": "2026-06-03T08:56:31.792644", "user": "USER_020", "type": "file", "hour": 3, "filename": "sensitive_data_28.zip"}
{"timestamp": "2026-06-03T08:56:31.792644", "user": "USER_020", "type": "file", "hour": 3, "filename": "sensitive_data_18.zip"}
{"timestamp": "2026-06-03T08:56:31.792644", "user": "USER_020", "type": "file", "hour": 3, "filename": "sensitive_data_70.zip"}
{"timestamp": "2026-06-03T08:56:31.792644", "user": "USER_020", "type": "file", "hour": 3, "filename": "sensitive_data_48.zip"}
{"timestamp": "2026-06-03T08:56:31.792644", "user": "USER_020", "type": "file", "hour": 3, "filename": "sensitive_data_61.zip"}
{"timestamp": "2026-06-03T08:56:31.792644", "user": "USER_020", "type": "file", "hour": 3, "filename": "sensitive_data_82.zip"}
{"timestamp": "2026-06-03T08:56:31.792644", "user": "USER_020", "type": "email", "hour": 3, "external": true}
{"timestamp": "2026-06-03T08:56:31.792644", "user": "USER_020", "type": "email", "hour": 3, "external": true}
{"timestamp": "2026-06-03T08:56:31.792644", "user": "USER_020", "type": "email", "hour": 3, "external": true}
{"timestamp": "2026-06-03T08:56:31.792644", "user": "USER_020", "type": "email", "hour": 3, "external": true}
{"timestamp": "2026-06-03T08:56:31.792644", "user": "USER_020", "type": "email", "hour": 3, "external": true}
{"timestamp": "2026-06-03T08:56:31.792644", "user": "USER_020", "type": "email", "hour": 3, "external": true}
{"timestamp": "2026-06-03T08:56:31.792644", "user": "USER_020", "type": "email", "hour": 3, "external": true}
{"timestamp": "2026-06-03T08:56:31.792644", "user": "USER_020", "type": "email", "hour": 3, "external": true}
{"timestamp": "2026-06-03T08:56:31.792644", "user": "USER_020", "type": "email", "hour": 3, "external": true}
{"timestamp": "2026-06-03T08:56:31.792644", "user": "USER_020", "type": "email", "hour": 3, "external": true}
{"timestamp": "2026-06-03T08:56:31.792644", "user": "USER_020", "type": "email", "hour": 3, "external": true}
{"timestamp": "2026-06-03T08:56:31.792644", "user": "USER_020", "type": "email", "hour": 3, "external": true}
{"timestamp": "2026-06-03T08:56:31.792644", "user": "USER_020", "type": "email", "hour": 3, "external": true}
{"timestamp": "2026-06-03T08:56:31.792644", "user": "USER_020", "type": "email", "hour": 3, "external": true}
{"timestamp": "2026-06-03T08:56:31.792644", "user": "USER_020", "type": "email", "hour": 3, "external": true}
{"timestamp": "2026-06-03T08:56:31.792644", "user": "USER_020", "type": "email", "hour": 3, "external": true}
{"timestamp": "2026-06-03T08:56:31.792644", "user": "USER_020", "type": "email", "hour": 3, "external": true}
{"timestamp": "2026-06-03T08:56:31.792644", "user": "USER_020", "type": "email", "hour": 3, "external": true}
{"timestamp": "2026-06-03T08:56:31.792644", "user": "USER_020", "type": "email", "hour": 3, "external": true}
{"timestamp": "2026-06-03T08:56:32.794382", "user": "USER_006", "type": "file", "hour": 8, "filename": "doc_938.exe"}
{"timestamp": "2026-06-03T08:56:33.295312", "user": "USER_009", "type": "email", "hour": 8, "external": false}
{"timestamp": "2026-06-03T08:56:34.296356", "user": "USER_005", "type": "file", "hour": 8, "filename": "doc_527.exe"}
{"timestamp": "2026-06-03T08:56:34.797263", "user": "USER_020", "type": "email", "hour": 8, "external": false}
{"timestamp": "2026-06-03T08:56:35.798653", "user": "USER_008", "type": "file", "hour": 8, "filename": "doc_480.xlsx"}
{"timestamp": "2026-06-03T08:56:36.299682", "user": "USER_020", "type": "email", "hour": 8, "external": false}
{"timestamp": "2026-06-03T08:56:36.800705", "user": "USER_013", "type": "email", "hour": 8, "external": false}
{"timestamp": "2026-06-03T08:56:37.301631", "user": "USER_013", "type": "email", "hour": 8, "external": true}
{"timestamp": "2026-06-03T08:56:37.802518", "user": "USER_001", "type": "file", "hour": 8, "filename": "doc_197.xlsx"}
{"timestamp": "2026-06-03T08:56:38.303156", "user": "USER_015", "type": "file", "hour": 8, "filename": "doc_620.xlsx"}
{"timestamp": "2026-06-03T08:56:38.804111", "user": "USER_016", "type": "file", "hour": 8, "filename": "doc_831.xlsx"}
{"timestamp": "2026-06-03T08:56:39.304823", "user": "USER_019", "type": "email", "hour": 8, "external": false}
{"timestamp": "2026-06-03T08:56:41.307201", "user": "USER_006", "type": "email", "hour": 8, "external": false}
{"timestamp": "2026-06-03T08:56:41.807987", "user": "USER_020", "type": "email", "hour": 8, "external": false}
{"timestamp": "2026-06-03T08:56:42.809172", "user": "USER_018", "type": "device", "hour": 8, "action": "disconnect"}
{"timestamp": "2026-06-03T08:56:43.811030", "user": "USER_003", "type": "logon", "hour": 8}
{"timestamp": "2026-06-03T08:56:44.312013", "user": "USER_016", "type": "logon", "hour": 8}
{"timestamp": "2026-06-03T08:56:44.812510", "user": "USER_004", "type": "email", "hour": 8, "external": false}
{"timestamp": "2026-06-03T08:56:45.313425", "user": "USER_007", "type": "email", "hour": 8, "external": false}
{"timestamp": "2026-06-03T08:56:45.814253", "user": "USER_015", "type": "email", "hour": 8, "external": false}
{"timestamp": "2026-06-03T08:56:47.316176", "user": "USER_010", "type": "logon", "hour": 8}
{"timestamp": "2026-06-03T08:56:47.817043", "user": "USER_014", "type": "email", "hour": 8, "external": false}
{"timestamp": "2026-06-03T08:56:48.317554", "user": "USER_006", "type": "email", "hour": 8, "external": false}
{"timestamp": "2026-06-03T08:56:48.818130", "user": "USER_012", "type": "file", "hour": 8, "filename": "doc_240.xlsx"}
{"timestamp": "2026-06-03T08:56:49.819592", "user": "USER_019", "type": "file", "hour": 8, "filename": "doc_646.docx"}
{"timestamp": "2026-06-03T08:56:50.320272", "user": "USER_012", "type": "file", "hour": 8, "filename": "doc_488.xlsx"}
{"timestamp": "2026-06-03T08:56:50.821620", "user": "USER_018", "type": "file", "hour": 8, "filename": "doc_195.xlsx"}
{"timestamp": "2026-06-03T08:56:51.322676", "user": "USER_012", "type": "logon", "hour": 8}
{"timestamp": "2026-06-03T08:56:51.823899", "user": "USER_003", "type": "email", "hour": 8, "external": false}
{"timestamp": "2026-06-03T08:56:52.325183", "user": "USER_005", "type": "file", "hour": 8, "filename": "doc_815.zip"}
{"timestamp": "2026-06-03T08:56:53.326679", "user": "USER_019", "type": "file", "hour": 8, "filename": "doc_943.zip"}
{"timestamp": "2026-06-03T08:56:53.828463", "user": "USER_018", "type": "email", "hour": 8, "external": false}
{"timestamp": "2026-06-03T08:56:54.329734", "user": "USER_002", "type": "file", "hour": 8, "filename": "doc_794.docx"}
{"timestamp": "2026-06-03T08:56:54.830558", "user": "USER_015", "type": "file", "hour": 8, "filename": "doc_861.docx"}
{"timestamp": "2026-06-03T08:56:55.331564", "user": "USER_015", "type": "file", "hour": 8, "filename": "doc_685.exe"}
{"timestamp": "2026-06-03T08:56:55.832799", "user": "USER_006", "type": "email", "hour": 8, "external": true}
{"timestamp": "2026-06-03T08:56:56.834177", "user": "USER_002", "type": "logon", "hour": 8}
{"timestamp": "2026-06-03T08:56:57.335438", "user": "USER_015", "type": "email", "hour": 8, "external": false}
{"timestamp": "2026-06-03T08:56:57.836979", "user": "USER_019", "type": "email", "hour": 8, "external": false}
{"timestamp": "2026-06-03T08:56:58.338394", "user": "USER_019", "type": "file", "hour": 8, "filename": "doc_741.zip"}
{"timestamp": "2026-06-03T08:56:58.839689", "user": "USER_008", "type": "device", "hour": 8, "action": "disconnect"}
{"timestamp": "2026-06-03T08:56:59.341205", "user": "USER_011", "type": "email", "hour": 8, "external": false}
{"timestamp": "2026-06-03T08:56:59.842016", "user": "USER_008", "type": "file", "hour": 8, "filename": "doc_412.pdf"}
{"timestamp": "2026-06-03T08:57:00.343503", "user": "USER_014", "type": "email", "hour": 8, "external": false}
{"timestamp": "2026-06-03T08:57:00.844458", "user": "USER_006", "type": "file", "hour": 8, "filename": "doc_310.zip"}
{"timestamp": "2026-06-03T08:57:01.345322", "user": "USER_001", "type": "email", "hour": 8, "external": true}
{"timestamp": "2026-06-03T08:57:01.846124", "user": "USER_020", "type": "logon", "hour": 8}
{"timestamp": "2026-06-03T08:57:02.346907", "user": "USER_011", "type": "email", "hour": 8, "external": true}
{"timestamp": "2026-06-03T08:57:02.847944", "user": "USER_010", "type": "logon", "hour": 8}
{"timestamp": "2026-06-03T08:57:03.849200", "user": "USER_020", "type": "email", "hour": 8, "external": false}
{"timestamp": "2026-06-03T08:57:04.350432", "user": "USER_011", "type": "email", "hour": 8, "external": true}
{"timestamp": "2026-06-03T08:57:04.851249", "user": "USER_009", "type": "email", "hour": 8, "external": false}
{"timestamp": "2026-06-03T08:57:05.352061", "user": "USER_015", "type": "email", "hour": 8, "external": false}
{"timestamp": "2026-06-03T08:57:05.852658", "user": "USER_012", "type": "email", "hour": 8, "external": true}
{"timestamp": "2026-06-03T08:57:06.353492", "user": "USER_011", "type": "file", "hour": 8, "filename": "doc_499.xlsx"}
{"timestamp": "2026-06-03T08:57:06.854280", "user": "USER_012", "type": "email", "hour": 8, "external": false}
{"timestamp": "2026-06-03T08:57:07.355344", "user": "USER_008", "type": "email", "hour": 8, "external": false}
{"timestamp": "2026-06-03T08:57:08.858495", "user": "USER_005", "type": "file", "hour": 8, "filename": "doc_697.docx"}
{"timestamp": "2026-06-03T08:57:09.360095", "user": "USER_010", "type": "email", "hour": 8, "external": false}
{"timestamp": "2026-06-03T08:57:10.362420", "user": "USER_015", "type": "file", "hour": 8, "filename": "doc_817.exe"}
{"timestamp": "2026-06-03T08:57:10.864030", "user": "USER_018", "type": "email", "hour": 8, "external": true}
{"timestamp": "2026-06-03T08:57:11.367008", "user": "USER_003", "type": "device", "hour": 8, "action": "disconnect"}
{"timestamp": "2026-06-03T08:57:12.370158", "user": "USER_014", "type": "file", "hour": 8, "filename": "doc_306.docx"}
{"timestamp": "2026-06-03T08:57:12.871307", "user": "USER_014", "type": "file", "hour": 8, "filename": "doc_491.zip"}
{"timestamp": "2026-06-03T08:57:13.371833", "user": "USER_007", "type": "email", "hour": 8, "external": false}
{"timestamp": "2026-06-03T08:57:13.872834", "user": "USER_006", "type": "file", "hour": 8, "filename": "doc_418.exe"}
{"timestamp": "2026-06-03T08:57:14.373725", "user": "USER_002", "type": "email", "hour": 8, "external": false}
{"timestamp": "2026-06-03T08:57:15.375163", "user": "USER_015", "type": "logon", "hour": 8}
{"timestamp": "2026-06-03T08:57:15.875829", "user": "USER_007", "type": "file", "hour": 8, "filename": "doc_211.docx"}
{"timestamp": "2026-06-03T08:57:16.376879", "user": "USER_003", "type": "file", "hour": 8, "filename": "doc_903.zip"}
{"timestamp": "2026-06-03T08:57:16.877796", "user": "USER_018", "type": "file", "hour": 8, "filename": "doc_356.docx"}
{"timestamp": "2026-06-03T08:57:17.379316", "user": "USER_009", "type": "logon", "hour": 8}
{"timestamp": "2026-06-03T08:57:18.883304", "user": "USER_020", "type": "email", "hour": 8, "external": false}
{"timestamp": "2026-06-03T08:57:19.385317", "user": "USER_020", "type": "email", "hour": 8, "external": true}
{"timestamp": "2026-06-03T08:57:19.888220", "user": "USER_019", "type": "file", "hour": 8, "filename": "doc_430.xlsx"}
{"timestamp": "2026-06-03T08:57:20.890853", "user": "USER_003", "type": "email", "hour": 8, "external": false}
{"timestamp": "2026-06-03T08:57:21.392073", "user": "USER_006", "type": "file", "hour": 8, "filename": "doc_930.zip"}
{"timestamp": "2026-06-03T08:57:21.893591", "user": "USER_003", "type": "file", "hour": 8, "filename": "doc_812.zip"}
{"timestamp": "2026-06-03T08:57:22.395384", "user": "USER_013", "type": "file", "hour": 8, "filename": "doc_315.zip"}
{"timestamp": "2026-06-03T08:57:23.898639", "user": "USER_002", "type": "email", "hour": 8, "external": false}
{"timestamp": "2026-06-03T08:57:24.401594", "user": "USER_013", "type": "email", "hour": 8, "external": false}
{"timestamp": "2026-06-03T08:57:24.903636", "user": "USER_019", "type": "file", "hour": 8, "filename": "doc_895.pdf"}
{"timestamp": "2026-06-03T08:57:25.405236", "user": "USER_017", "type": "file", "hour": 8, "filename": "doc_272.pdf"}
{"timestamp": "2026-06-03T08:57:25.905967", "user": "USER_010", "type": "file", "hour": 8, "filename": "doc_534.zip"}
{"timestamp": "2026-06-03T08:57:26.406446", "user": "USER_010", "type": "file", "hour": 8, "filename": "doc_931.pdf"}
{"timestamp": "2026-06-03T08:57:26.907370", "user": "USER_002", "type": "file", "hour": 8, "filename": "doc_215.exe"}
{"timestamp": "2026-06-03T08:57:27.408695", "user": "USER_012", "type": "file", "hour": 8, "filename": "doc_363.docx"}
{"timestamp": "2026-06-03T08:57:28.411006", "user": "USER_016", "type": "file", "hour": 8, "filename": "doc_765.xlsx"}
{"timestamp": "2026-06-03T08:57:28.913399", "user": "USER_003", "type": "email", "hour": 8, "external": false}
{"timestamp": "2026-06-03T08:57:29.415595", "user": "USER_011", "type": "file", "hour": 8, "filename": "doc_662.zip"}
{"timestamp": "2026-06-03T08:57:29.918190", "user": "USER_018", "type": "logon", "hour": 8}
{"timestamp": "2026-06-03T08:57:30.420435", "user": "USER_003", "type": "email", "hour": 8, "external": false}
{"timestamp": "2026-06-03T08:57:30.921692", "user": "USER_001", "type": "email", "hour": 8, "external": true}
{"timestamp": "2026-06-03T08:57:31.423394", "user": "USER_018", "type": "file", "hour": 8, "filename": "doc_467.zip"}
{"timestamp": "2026-06-03T08:57:31.924969", "user": "USER_008", "type": "email", "hour": 8, "external": false}
{"timestamp": "2026-06-03T08:57:32.427184", "user": "USER_018", "type": "file", "hour": 8, "filename": "doc_894.zip"}
{"timestamp": "2026-06-03T08:57:32.928989", "user": "USER_011", "type": "file", "hour": 8, "filename": "doc_154.zip"}
{"timestamp": "2026-06-03T08:57:33.931947", "user": "USER_008", "type": "file", "hour": 8, "filename": "doc_549.docx"}
{"timestamp": "2026-06-03T08:57:34.434593", "user": "USER_014", "type": "email", "hour": 8, "external": false}
{"timestamp": "2026-06-03T08:57:35.438305", "user": "USER_012", "type": "device", "hour": 8, "action": "connect"}
{"timestamp": "2026-06-03T08:57:35.939241", "user": "USER_013", "type": "logon", "hour": 8}
{"timestamp": "2026-06-03T08:57:36.440483", "user": "USER_010", "type": "email", "hour": 8, "external": false}
{"timestamp": "2026-06-03T08:57:36.942057", "user": "USER_013", "type": "file", "hour": 8, "filename": "doc_564.xlsx"}
{"timestamp": "2026-06-03T08:57:36.942850", "user": "USER_017", "type": "file", "hour": 3, "filename": "sensitive_data_7.zip"}
{"timestamp": "2026-06-03T08:57:36.942850", "user": "USER_017", "type": "file", "hour": 3, "filename": "sensitive_data_49.zip"}
{"timestamp": "2026-06-03T08:57:36.942850", "user": "USER_017", "type": "file", "hour": 3, "filename": "sensitive_data_42.zip"}
{"timestamp": "2026-06-03T08:57:36.942850", "user": "USER_017", "type": "file", "hour": 3, "filename": "sensitive_data_7.zip"}
{"timestamp": "2026-06-03T08:57:36.942850", "user": "USER_017", "type": "file", "hour": 3, "filename": "sensitive_data_49.zip"}
{"timestamp": "2026-06-03T08:57:36.942850", "user": "USER_017", "type": "file", "hour": 3, "filename": "sensitive_data_87.zip"}
{"timestamp": "2026-06-03T08:57:36.942850", "user": "USER_017", "type": "file", "hour": 3, "filename": "sensitive_data_32.zip"}
{"timestamp": "2026-06-03T08:57:36.942850", "user": "USER_017", "type": "file", "hour": 3, "filename": "sensitive_data_61.zip"}
{"timestamp": "2026-06-03T08:57:36.942850", "user": "USER_017", "type": "file", "hour": 3, "filename": "sensitive_data_78.zip"}
{"timestamp": "2026-06-03T08:57:36.942850", "user": "USER_017", "type": "file", "hour": 3, "filename": "sensitive_data_14.zip"}
{"timestamp": "2026-06-03T08:57:36.942850", "user": "USER_017", "type": "file", "hour": 3, "filename": "sensitive_data_29.zip"}
{"timestamp": "2026-06-03T08:57:36.942850", "user": "USER_017", "type": "file", "hour": 3, "filename": "sensitive_data_25.zip"}
{"timestamp": "2026-06-03T08:57:36.942850", "user": "USER_017", "type": "file", "hour": 3, "filename": "sensitive_data_4.zip"}
{"timestamp": "2026-06-03T08:57:36.942850", "user": "USER_017", "type": "file", "hour": 3, "filename": "sensitive_data_86.zip"}
{"timestamp": "2026-06-03T08:57:36.942850", "user": "USER_017", "type": "file", "hour": 3, "filename": "sensitive_data_60.zip"}
{"timestamp": "2026-06-03T08:57:36.942850", "user": "USER_017", "type": "file", "hour": 3, "filename": "sensitive_data_81.zip"}
{"timestamp": "2026-06-03T08:57:36.942850", "user": "USER_017", "type": "file", "hour": 3, "filename": "sensitive_data_68.zip"}
{"timestamp": "2026-06-03T08:57:36.942850", "user": "USER_017", "type": "file", "hour": 3, "filename": "sensitive_data_6.zip"}
{"timestamp": "2026-06-03T08:57:36.942850", "user": "USER_017", "type": "file", "hour": 3, "filename": "sensitive_data_88.zip"}
{"timestamp": "2026-06-03T08:57:36.942850", "user": "USER_017", "type": "file", "hour": 3, "filename": "sensitive_data_14.zip"}
{"timestamp": "2026-06-03T08:57:36.942850", "user": "USER_017", "type": "file", "hour": 3, "filename": "sensitive_data_56.zip"}
{"timestamp": "2026-06-03T08:57:36.942850", "user": "USER_017", "type": "file", "hour": 3, "filename": "sensitive_data_92.zip"}
{"timestamp": "2026-06-03T08:57:36.942850", "user": "USER_017", "type": "file", "hour": 3, "filename": "sensitive_data_57.zip"}
{"timestamp": "2026-06-03T08:57:36.942850", "user": "USER_017", "type": "file", "hour": 3, "filename": "sensitive_data_6.zip"}
{"timestamp": "2026-06-03T08:57:36.942850", "user": "USER_017", "type": "file", "hour": 3, "filename": "sensitive_data_80.zip"}
{"timestamp": "2026-06-03T08:57:36.942850", "user": "USER_017", "type": "file", "hour": 3, "filename": "sensitive_data_67.zip"}
{"timestamp": "2026-06-03T08:57:36.942850", "user": "USER_017", "type": "file", "hour": 3, "filename": "sensitive_data_40.zip"}
{"timestamp": "2026-06-03T08:57:36.942850", "user": "USER_017", "type": "file", "hour": 3, "filename": "sensitive_data_37.zip"}
{"timestamp": "2026-06-03T08:57:36.942850", "user": "USER_017", "type": "file", "hour": 3, "filename": "sensitive_data_65.zip"}
{"timestamp": "2026-06-03T08:57:36.942850", "user": "USER_017", "type": "file", "hour": 3, "filename": "sensitive_data_95.zip"}
{"timestamp": "2026-06-03T08:57:36.942850", "user": "USER_017", "type": "file", "hour": 3, "filename": "sensitive_data_47.zip"}
{"timestamp": "2026-06-03T08:57:36.942850", "user": "USER_017", "type": "file", "hour": 3, "filename": "sensitive_data_88.zip"}
{"timestamp": "2026-06-03T08:57:36.942850", "user": "USER_017", "type": "file", "hour": 3, "filename": "sensitive_data_16.zip"}
{"timestamp": "2026-06-03T08:57:36.942850", "user": "USER_017", "type": "file", "hour": 3, "filename": "sensitive_data_53.zip"}
{"timestamp": "2026-06-03T08:57:36.942850", "user": "USER_017", "type": "file", "hour": 3, "filename": "sensitive_data_63.zip"}
{"timestamp": "2026-06-03T08:57:36.942850", "user": "USER_017", "type": "file", "hour": 3, "filename": "sensitive_data_58.zip"}
{"timestamp": "2026-06-03T08:57:36.942850", "user": "USER_017", "type": "file", "hour": 3, "filename": "sensitive_data_73.zip"}
{"timestamp": "2026-06-03T08:57:36.942850", "user": "USER_017", "type": "file", "hour": 3, "filename": "sensitive_data_29.zip"}
{"timestamp": "2026-06-03T08:57:36.942850", "user": "USER_017", "type": "file", "hour": 3, "filename": "sensitive_data_29.zip"}
{"timestamp": "2026-06-03T08:57:36.942850", "user": "USER_017", "type": "file", "hour": 3, "filename": "sensitive_data_77.zip"}
{"timestamp": "2026-06-03T08:57:36.942850", "user": "USER_017", "type": "file", "hour": 3, "filename": "sensitive_data_51.zip"}
{"timestamp": "2026-06-03T08:57:36.942850", "user": "USER_017", "type": "file", "hour": 3, "filename": "sensitive_data_42.zip"}
{"timestamp": "2026-06-03T08:57:36.942850", "user": "USER_017", "type": "file", "hour": 3, "filename": "sensitive_data_24.zip"}
{"timestamp": "2026-06-03T08:57:36.942850", "user": "USER_017", "type": "file", "hour": 3, "filename": "sensitive_data_80.zip"}
{"timestamp": "2026-06-03T08:57:36.942850", "user": "USER_017", "type": "file", "hour": 3, "filename": "sensitive_data_13.zip"}
{"timestamp": "2026-06-03T08:57:36.942850", "user": "USER_017", "type": "file", "hour": 3, "filename": "sensitive_data_64.zip"}
{"timestamp": "2026-06-03T08:57:36.942850", "user": "USER_017", "type": "email", "hour": 3, "external": true}
{"timestamp": "2026-06-03T08:57:36.942850", "user": "USER_017", "type": "email", "hour": 3, "external": true}
{"timestamp": "2026-06-03T08:57:36.942850", "user": "USER_017", "type": "email", "hour": 3, "external": true}
{"timestamp": "2026-06-03T08:57:36.942850", "user": "USER_017", "type": "email", "hour": 3, "external": true}
{"timestamp": "2026-06-03T08:57:36.942850", "user": "USER_017", "type": "email", "hour": 3, "external": true}
{"timestamp": "2026-06-03T08:57:36.942850", "user": "USER_017", "type": "email", "hour": 3, "external": true}
{"timestamp": "2026-06-03T08:57:36.942850", "user": "USER_017", "type": "email", "hour": 3, "external": true}
{"timestamp": "2026-06-03T08:57:36.942850", "user": "USER_017", "type": "email", "hour": 3, "external": true}
{"timestamp": "2026-06-03T08:57:36.942850", "user": "USER_017", "type": "email", "hour": 3, "external": true}
{"timestamp": "2026-06-03T08:57:36.942850", "user": "USER_017", "type": "email", "hour": 3, "external": true}
{"timestamp": "2026-06-03T08:57:36.942850", "user": "USER_017", "type": "email", "hour": 3, "external": true}
{"timestamp": "2026-06-03T08:57:36.942850", "user": "USER_017", "type": "email", "hour": 3, "external": true}
{"timestamp": "2026-06-03T08:57:36.942850", "user": "USER_017", "type": "email", "hour": 3, "external": true}
{"timestamp": "2026-06-03T08:57:36.942850", "user": "USER_017", "type": "email", "hour": 3, "external": true}
{"timestamp": "2026-06-03T08:57:36.942850", "user": "USER_017", "type": "email", "hour": 3, "external": true}
{"timestamp": "2026-06-03T08:57:36.942850", "user": "USER_017", "type": "email", "hour": 3, "external": true}
{"timestamp": "2026-06-03T08:57:36.942850", "user": "USER_017", "type": "email", "hour": 3, "external": true}
{"timestamp": "2026-06-03T08:57:36.942850", "user": "USER_017", "type": "email", "hour": 3, "external": true}
{"timestamp": "2026-06-03T08:57:37.445449", "user": "USER_010", "type": "logon", "hour": 8}
{"timestamp": "2026-06-03T08:57:37.947294", "user": "USER_009", "type": "file", "hour": 8, "filename": "doc_290.exe"}
{"timestamp": "2026-06-03T08:57:38.449303", "user": "USER_014", "type": "file", "hour": 8, "filename": "doc_774.xlsx"}
{"timestamp": "2026-06-03T08:57:38.950520", "user": "USER_016", "type": "file", "hour": 8, "filename": "doc_396.xlsx"}
{"timestamp": "2026-06-03T08:57:39.451602", "user": "USER_002", "type": "file", "hour": 8, "filename": "doc_410.docx"}
{"timestamp": "2026-06-03T08:57:39.953601", "user": "USER_007", "type": "file", "hour": 8, "filename": "doc_859.docx"}
{"timestamp": "2026-06-03T08:57:40.455653", "user": "USER_001", "type": "file", "hour": 8, "filename": "doc_766.zip"}
{"timestamp": "2026-06-03T08:57:41.958672", "user": "USER_011", "type": "email", "hour": 8, "external": false}
{"timestamp": "2026-06-03T08:57:42.459794", "user": "USER_005", "type": "email", "hour": 8, "external": false}
{"timestamp": "2026-06-03T08:57:42.960701", "user": "USER_012", "type": "email", "hour": 8, "external": true}
{"timestamp": "2026-06-03T08:57:43.462137", "user": "USER_020", "type": "email", "hour": 8, "external": false}
{"timestamp": "2026-06-03T08:57:43.963362", "user": "USER_007", "type": "file", "hour": 8, "filename": "doc_107.pdf"}
{"timestamp": "2026-06-03T08:57:44.464849", "user": "USER_017", "type": "file", "hour": 8, "filename": "doc_137.exe"}
{"timestamp": "2026-06-03T08:57:44.966858", "user": "USER_005", "type": "email", "hour": 8, "external": false}
{"timestamp": "2026-06-03T08:57:45.468803", "user": "USER_001", "type": "file", "hour": 8, "filename": "doc_852.zip"}
{"timestamp": "2026-06-03T08:57:45.970588", "user": "USER_010", "type": "file", "hour": 8, "filename": "doc_658.xlsx"}
{"timestamp": "2026-06-03T08:57:46.473326", "user": "USER_014", "type": "file", "hour": 8, "filename": "doc_328.docx"}
{"timestamp": "2026-06-03T08:57:46.974505", "user": "USER_010", "type": "file", "hour": 8, "filename": "doc_787.xlsx"}
{"timestamp": "2026-06-03T08:57:47.475752", "user": "USER_007", "type": "file", "hour": 8, "filename": "doc_399.docx"}
{"timestamp": "2026-06-03T08:57:47.977643", "user": "USER_017", "type": "file", "hour": 8, "filename": "doc_508.exe"}
{"timestamp": "2026-06-03T08:57:48.479283", "user": "USER_017", "type": "email", "hour": 8, "external": false}
{"timestamp": "2026-06-03T08:57:48.981028", "user": "USER_007", "type": "file", "hour": 8, "filename": "doc_656.zip"}
{"timestamp": "2026-06-03T08:57:50.486611", "user": "USER_007", "type": "email", "hour": 8, "external": true}
{"timestamp": "2026-06-03T08:57:50.988140", "user": "USER_013", "type": "email", "hour": 8, "external": true}
{"timestamp": "2026-06-03T08:57:51.489756", "user": "USER_014", "type": "device", "hour": 8, "action": "disconnect"}
{"timestamp": "2026-06-03T08:57:51.991155", "user": "USER_020", "type": "email", "hour": 8, "external": true}
{"timestamp": "2026-06-03T08:57:52.492246", "user": "USER_005", "type": "file", "hour": 8, "filename": "doc_794.zip"}
{"timestamp": "2026-06-03T08:57:52.993848", "user": "USER_008", "type": "file", "hour": 8, "filename": "doc_189.exe"}
{"timestamp": "2026-06-03T08:57:53.495900", "user": "USER_001", "type": "file", "hour": 8, "filename": "doc_822.docx"}
{"timestamp": "2026-06-03T08:57:53.998166", "user": "USER_020", "type": "file", "hour": 8, "filename": "doc_133.docx"}
{"timestamp": "2026-06-03T08:57:54.500931", "user": "USER_010", "type": "logon", "hour": 8}
{"timestamp": "2026-06-03T08:57:55.002344", "user": "USER_006", "type": "file", "hour": 8, "filename": "doc_827.docx"}
{"timestamp": "2026-06-03T08:57:55.504418", "user": "USER_006", "type": "email", "hour": 8, "external": true}
{"timestamp": "2026-06-03T08:57:56.005854", "user": "USER_019", "type": "email", "hour": 8, "external": false}
{"timestamp": "2026-06-03T08:57:56.507228", "user": "USER_011", "type": "file", "hour": 8, "filename": "doc_732.exe"}
{"timestamp": "2026-06-03T08:57:57.508832", "user": "USER_002", "type": "email", "hour": 8, "external": false}
{"timestamp": "2026-06-03T08:57:58.511036", "user": "USER_013", "type": "file", "hour": 8, "filename": "doc_505.xlsx"}
{"timestamp": "2026-06-03T08:57:59.011944", "user": "USER_008", "type": "email", "hour": 8, "external": true}
{"timestamp": "2026-06-03T08:57:59.513012", "user": "USER_020", "type": "file", "hour": 8, "filename": "doc_198.zip"}
{"timestamp": "2026-06-03T08:58:00.013782", "user": "USER_012", "type": "email", "hour": 8, "external": false}
{"timestamp": "2026-06-03T08:58:00.515510", "user": "USER_001", "type": "file", "hour": 8, "filename": "doc_472.zip"}
{"timestamp": "2026-06-03T08:58:01.018248", "user": "USER_018", "type": "file", "hour": 8, "filename": "doc_944.docx"}
{"timestamp": "2026-06-03T08:58:01.521433", "user": "USER_012", "type": "file", "hour": 8, "filename": "doc_517.docx"}
{"timestamp": "2026-06-03T08:58:02.023161", "user": "USER_004", "type": "email", "hour": 8, "external": false}
{"timestamp": "2026-06-03T08:58:02.524659", "user": "USER_005", "type": "email", "hour": 8, "external": false}
{"timestamp": "2026-06-03T08:58:03.025933", "user": "USER_012", "type": "file", "hour": 8, "filename": "doc_250.docx"}
{"timestamp": "2026-06-03T08:58:03.527677", "user": "USER_008", "type": "file", "hour": 8, "filename": "doc_991.zip"}
{"timestamp": "2026-06-03T08:58:04.029319", "user": "USER_006", "type": "email", "hour": 8, "external": false}
{"timestamp": "2026-06-03T08:58:06.535721", "user": "USER_012", "type": "email", "hour": 8, "external": false}
{"timestamp": "2026-06-03T08:58:07.037949", "user": "USER_016", "type": "file", "hour": 8, "filename": "doc_967.zip"}
{"timestamp": "2026-06-03T08:58:07.539367", "user": "USER_001", "type": "logon", "hour": 8}
{"timestamp": "2026-06-03T08:58:08.041468", "user": "USER_013", "type": "file", "hour": 8, "filename": "doc_613.zip"}
{"timestamp": "2026-06-03T08:58:08.543768", "user": "USER_003", "type": "file", "hour": 8, "filename": "doc_484.zip"}
{"timestamp": "2026-06-03T08:58:09.045635", "user": "USER_018", "type": "file", "hour": 8, "filename": "doc_153.docx"}
{"timestamp": "2026-06-03T08:58:09.547277", "user": "USER_002", "type": "device", "hour": 8, "action": "connect"}
{"timestamp": "2026-06-03T08:58:10.049108", "user": "USER_001", "type": "file", "hour": 8, "filename": "doc_716.docx"}
{"timestamp": "2026-06-03T08:58:10.050376", "user": "USER_008", "type": "file", "hour": 3, "filename": "sensitive_data_14.zip"}
{"timestamp": "2026-06-03T08:58:10.050376", "user": "USER_008", "type": "file", "hour": 3, "filename": "sensitive_data_4.zip"}
{"timestamp": "2026-06-03T08:58:10.050376", "user": "USER_008", "type": "file", "hour": 3, "filename": "sensitive_data_22.zip"}
{"timestamp": "2026-06-03T08:58:10.050376", "user": "USER_008", "type": "file", "hour": 3, "filename": "sensitive_data_100.zip"}
{"timestamp": "2026-06-03T08:58:10.050376", "user": "USER_008", "type": "file", "hour": 3, "filename": "sensitive_data_44.zip"}
{"timestamp": "2026-06-03T08:58:10.050376", "user": "USER_008", "type": "file", "hour": 3, "filename": "sensitive_data_25.zip"}
{"timestamp": "2026-06-03T08:58:10.050376", "user": "USER_008", "type": "file", "hour": 3, "filename": "sensitive_data_70.zip"}
{"timestamp": "2026-06-03T08:58:10.050376", "user": "USER_008", "type": "file", "hour": 3, "filename": "sensitive_data_54.zip"}
{"timestamp": "2026-06-03T08:58:10.050376", "user": "USER_008", "type": "file", "hour": 3, "filename": "sensitive_data_80.zip"}
{"timestamp": "2026-06-03T08:58:10.050376", "user": "USER_008", "type": "file", "hour": 3, "filename": "sensitive_data_21.zip"}
{"timestamp": "2026-06-03T08:58:10.050376", "user": "USER_008", "type": "file", "hour": 3, "filename": "sensitive_data_36.zip"}
{"timestamp": "2026-06-03T08:58:10.050376", "user": "USER_008", "type": "file", "hour": 3, "filename": "sensitive_data_30.zip"}
{"timestamp": "2026-06-03T08:58:10.050376", "user": "USER_008", "type": "file", "hour": 3, "filename": "sensitive_data_6.zip"}
{"timestamp": "2026-06-03T08:58:10.050376", "user": "USER_008", "type": "file", "hour": 3, "filename": "sensitive_data_84.zip"}
{"timestamp": "2026-06-03T08:58:10.050376", "user": "USER_008", "type": "file", "hour": 3, "filename": "sensitive_data_48.zip"}
{"timestamp": "2026-06-03T08:58:10.050376", "user": "USER_008", "type": "file", "hour": 3, "filename": "sensitive_data_48.zip"}
{"timestamp": "2026-06-03T08:58:10.050376", "user": "USER_008", "type": "file", "hour": 3, "filename": "sensitive_data_80.zip"}
{"timestamp": "2026-06-03T08:58:10.050376", "user": "USER_008", "type": "file", "hour": 3, "filename": "sensitive_data_21.zip"}
{"timestamp": "2026-06-03T08:58:10.050376", "user": "USER_008", "type": "file", "hour": 3, "filename": "sensitive_data_55.zip"}
{"timestamp": "2026-06-03T08:58:10.050376", "user": "USER_008", "type": "file", "hour": 3, "filename": "sensitive_data_54.zip"}
{"timestamp": "2026-06-03T08:58:10.050376", "user": "USER_008", "type": "file", "hour": 3, "filename": "sensitive_data_12.zip"}
{"timestamp": "2026-06-03T08:58:10.050376", "user": "USER_008", "type": "file", "hour": 3, "filename": "sensitive_data_97.zip"}
{"timestamp": "2026-06-03T08:58:10.050376", "user": "USER_008", "type": "file", "hour": 3, "filename": "sensitive_data_74.zip"}
{"timestamp": "2026-06-03T08:58:10.050376", "user": "USER_008", "type": "file", "hour": 3, "filename": "sensitive_data_27.zip"}
{"timestamp": "2026-06-03T08:58:10.050376", "user": "USER_008", "type": "file", "hour": 3, "filename": "sensitive_data_70.zip"}
{"timestamp": "2026-06-03T08:58:10.050376", "user": "USER_008", "type": "file", "hour": 3, "filename": "sensitive_data_74.zip"}
{"timestamp": "2026-06-03T08:58:10.050376", "user": "USER_008", "type": "file", "hour": 3, "filename": "sensitive_data_70.zip"}
{"timestamp": "2026-06-03T08:58:10.050376", "user": "USER_008", "type": "file", "hour": 3, "filename": "sensitive_data_22.zip"}
{"timestamp": "2026-06-03T08:58:10.050376", "user": "USER_008", "type": "file", "hour": 3, "filename": "sensitive_data_46.zip"}
{"timestamp": "2026-06-03T08:58:10.050376", "user": "USER_008", "type": "file", "hour": 3, "filename": "sensitive_data_86.zip"}
{"timestamp": "2026-06-03T08:58:10.050376", "user": "USER_008", "type": "file", "hour": 3, "filename": "sensitive_data_81.zip"}
{"timestamp": "2026-06-03T08:58:10.050376", "user": "USER_008", "type": "file", "hour": 3, "filename": "sensitive_data_55.zip"}
{"timestamp": "2026-06-03T08:58:10.050376", "user": "USER_008", "type": "file", "hour": 3, "filename": "sensitive_data_70.zip"}
{"timestamp": "2026-06-03T08:58:10.050376", "user": "USER_008", "type": "file", "hour": 3, "filename": "sensitive_data_83.zip"}
{"timestamp": "2026-06-03T08:58:10.050376", "user": "USER_008", "type": "file", "hour": 3, "filename": "sensitive_data_20.zip"}
{"timestamp": "2026-06-03T08:58:10.050376", "user": "USER_008", "type": "email", "hour": 3, "external": true}
{"timestamp": "2026-06-03T08:58:10.050376", "user": "USER_008", "type": "email", "hour": 3, "external": true}
{"timestamp": "2026-06-03T08:58:10.050376", "user": "USER_008", "type": "email", "hour": 3, "external": true}
{"timestamp": "2026-06-03T08:58:10.050376", "user": "USER_008", "type": "email", "hour": 3, "external": true}
{"timestamp": "2026-06-03T08:58:10.050376", "user": "USER_008", "type": "email", "hour": 3, "external": true}
{"timestamp": "2026-06-03T08:58:10.050376", "user": "USER_008", "type": "email", "hour": 3, "external": true}
{"timestamp": "2026-06-03T08:58:10.050376", "user": "USER_008", "type": "email", "hour": 3, "external": true}
{"timestamp": "2026-06-03T08:58:10.050376", "user": "USER_008", "type": "email", "hour": 3, "external": true}
{"timestamp": "2026-06-03T08:58:10.050376", "user": "USER_008", "type": "email", "hour": 3, "external": true}
{"timestamp": "2026-06-03T08:58:10.050376", "user": "USER_008", "type": "email", "hour": 3, "external": true}
{"timestamp": "2026-06-03T08:58:10.050376", "user": "USER_008", "type": "email", "hour": 3, "external": true}
{"timestamp": "2026-06-03T08:58:10.050376", "user": "USER_008", "type": "email", "hour": 3, "external": true}
{"timestamp": "2026-06-03T08:58:10.050376", "user": "USER_008", "type": "email", "hour": 3, "external": true}
{"timestamp": "2026-06-03T08:58:10.050376", "user": "USER_008", "type": "email", "hour": 3, "external": true}
{"timestamp": "2026-06-03T08:58:10.050376", "user": "USER_008", "type": "email", "hour": 3, "external": true}
{"timestamp": "2026-06-03T08:58:10.050376", "user": "USER_008", "type": "email", "hour": 3, "external": true}
{"timestamp": "2026-06-03T08:58:10.050376", "user": "USER_008", "type": "email", "hour": 3, "external": true}
{"timestamp": "2026-06-03T08:58:10.050376", "user": "USER_008", "type": "email", "hour": 3, "external": true}
{"timestamp": "2026-06-03T08:58:10.554377", "user": "USER_002", "type": "file", "hour": 8, "filename": "doc_489.pdf"}
{"timestamp": "2026-06-03T08:58:11.056429", "user": "USER_017", "type": "email", "hour": 8, "external": true}
{"timestamp": "2026-06-03T08:58:11.558200", "user": "USER_005", "type": "email", "hour": 8, "external": false}
{"timestamp": "2026-06-03T08:58:12.060114", "user": "USER_003", "type": "file", "hour": 8, "filename": "doc_776.zip"}
{"timestamp": "2026-06-03T08:58:12.562416", "user": "USER_010", "type": "email", "hour": 8, "external": false}
{"timestamp": "2026-06-03T08:58:13.565293", "user": "USER_009", "type": "email", "hour": 8, "external": false}
{"timestamp": "2026-06-03T08:58:14.567621", "user": "USER_005", "type": "email", "hour": 8, "external": true}
{"timestamp": "2026-06-03T08:58:15.069451", "user": "USER_012", "type": "email", "hour": 8, "external": false}
{"timestamp": "2026-06-03T08:58:15.570727", "user": "USER_004", "type": "email", "hour": 8, "external": true}
{"timestamp": "2026-06-03T08:58:17.074438", "user": "USER_006", "type": "file", "hour": 8, "filename": "doc_768.exe"}
{"timestamp": "2026-06-03T08:58:17.575789", "user": "USER_009", "type": "file", "hour": 8, "filename": "doc_469.xlsx"}
{"timestamp": "2026-06-03T08:58:18.077858", "user": "USER_010", "type": "file", "hour": 8, "filename": "doc_722.docx"}
{"timestamp": "2026-06-03T08:58:18.579255", "user": "USER_017", "type": "file", "hour": 8, "filename": "doc_339.exe"}
{"timestamp": "2026-06-03T08:58:19.080556", "user": "USER_003", "type": "email", "hour": 8, "external": false}
{"timestamp": "2026-06-03T08:58:19.581665", "user": "USER_004", "type": "file", "hour": 8, "filename": "doc_126.pdf"}
{"timestamp": "2026-06-03T08:58:20.083596", "user": "USER_011", "type": "file", "hour": 8, "filename": "doc_230.xlsx"}
{"timestamp": "2026-06-03T08:58:21.086615", "user": "USER_007", "type": "email", "hour": 8, "external": false}
{"timestamp": "2026-06-03T08:58:21.588005", "user": "USER_003", "type": "email", "hour": 8, "external": false}
{"timestamp": "2026-06-03T08:58:22.089351", "user": "USER_020", "type": "file", "hour": 8, "filename": "doc_439.pdf"}
{"timestamp": "2026-06-03T08:58:22.590709", "user": "USER_009", "type": "email", "hour": 8, "external": false}
{"timestamp": "2026-06-03T08:58:23.092901", "user": "USER_003", "type": "email", "hour": 8, "external": false}
{"timestamp": "2026-06-03T08:58:23.594927", "user": "USER_005", "type": "email", "hour": 8, "external": false}
{"timestamp": "2026-06-03T08:58:24.096744", "user": "USER_003", "type": "email", "hour": 8, "external": false}
{"timestamp": "2026-06-03T08:58:24.597320", "user": "USER_013", "type": "device", "hour": 8, "action": "connect"}
{"timestamp": "2026-06-03T08:58:25.098319", "user": "USER_001", "type": "email", "hour": 8, "external": false}
{"timestamp": "2026-06-03T08:58:26.099763", "user": "USER_004", "type": "file", "hour": 8, "filename": "doc_411.xlsx"}
{"timestamp": "2026-06-03T08:58:26.600740", "user": "USER_011", "type": "file", "hour": 8, "filename": "doc_970.xlsx"}
{"timestamp": "2026-06-03T08:58:27.101895", "user": "USER_005", "type": "email", "hour": 8, "external": false}
{"timestamp": "2026-06-03T08:58:27.603163", "user": "USER_010", "type": "file", "hour": 8, "filename": "doc_600.xlsx"}
{"timestamp": "2026-06-03T08:58:28.104331", "user": "USER_011", "type": "file", "hour": 8, "filename": "doc_231.zip"}
{"timestamp": "2026-06-03T08:58:28.606044", "user": "USER_004", "type": "file", "hour": 8, "filename": "doc_690.docx"}
{"timestamp": "2026-06-03T08:58:29.106836", "user": "USER_007", "type": "email", "hour": 8, "external": false}
{"timestamp": "2026-06-03T08:58:29.607692", "user": "USER_008", "type": "email", "hour": 8, "external": false}
{"timestamp": "2026-06-03T08:58:30.109600", "user": "USER_018", "type": "file", "hour": 8, "filename": "doc_676.zip"}
{"timestamp": "2026-06-03T08:58:30.612046", "user": "USER_018", "type": "email", "hour": 8, "external": false}
{"timestamp": "2026-06-03T08:58:31.614169", "user": "USER_005", "type": "email", "hour": 8, "external": false}
{"timestamp": "2026-06-03T08:58:32.115661", "user": "USER_011", "type": "email", "hour": 8, "external": false}
{"timestamp": "2026-06-03T08:58:32.617570", "user": "USER_018", "type": "email", "hour": 8, "external": false}
{"timestamp": "2026-06-03T08:58:33.119145", "user": "USER_014", "type": "email", "hour": 8, "external": true}
{"timestamp": "2026-06-03T08:58:33.620924", "user": "USER_016", "type": "email", "hour": 8, "external": false}
{"timestamp": "2026-06-03T08:58:34.122613", "user": "USER_004", "type": "file", "hour": 8, "filename": "doc_924.zip"}
{"timestamp": "2026-06-03T08:58:34.623803", "user": "USER_002", "type": "email", "hour": 8, "external": false}
{"timestamp": "2026-06-03T08:58:36.126837", "user": "USER_001", "type": "file", "hour": 8, "filename": "doc_306.zip"}
{"timestamp": "2026-06-03T08:58:36.628301", "user": "USER_002", "type": "file", "hour": 8, "filename": "doc_653.pdf"}
{"timestamp": "2026-06-03T08:58:37.129828", "user": "USER_007", "type": "email", "hour": 8, "external": false}
{"timestamp": "2026-06-03T08:58:37.631377", "user": "USER_007", "type": "email", "hour": 8, "external": false}
{"timestamp": "2026-06-03T08:58:38.132994", "user": "USER_019", "type": "logon", "hour": 8}
{"timestamp": "2026-06-03T08:58:39.136764", "user": "USER_007", "type": "email", "hour": 8, "external": false}
{"timestamp": "2026-06-03T08:58:39.639288", "user": "USER_009", "type": "email", "hour": 8, "external": false}
{"timestamp": "2026-06-03T08:58:40.141164", "user": "USER_007", "type": "file", "hour": 8, "filename": "doc_125.docx"}
{"timestamp": "2026-06-03T08:58:40.642326", "user": "USER_014", "type": "file", "hour": 8, "filename": "doc_254.xlsx"}
{"timestamp": "2026-06-03T08:58:41.645103", "user": "USER_007", "type": "file", "hour": 8, "filename": "doc_421.zip"}
{"timestamp": "2026-06-03T08:58:42.146582", "user": "USER_007", "type": "logon", "hour": 8}
{"timestamp": "2026-06-03T08:58:43.150146", "user": "USER_013", "type": "file", "hour": 8, "filename": "doc_242.exe"}
{"timestamp": "2026-06-03T08:58:43.654301", "user": "USER_017", "type": "email", "hour": 8, "external": false}
{"timestamp": "2026-06-03T08:58:44.155506", "user": "USER_019", "type": "email", "hour": 8, "external": false}
{"timestamp": "2026-06-03T08:58:45.158354", "user": "USER_012", "type": "file", "hour": 8, "filename": "doc_884.pdf"}
{"timestamp": "2026-06-03T08:58:45.660080", "user": "USER_020", "type": "file", "hour": 8, "filename": "doc_347.pdf"}
{"timestamp": "2026-06-03T08:58:47.163436", "user": "USER_009", "type": "email", "hour": 8, "external": false}
{"timestamp": "2026-06-03T08:58:47.664696", "user": "USER_009", "type": "email", "hour": 8, "external": true}
{"timestamp": "2026-06-03T08:58:48.167072", "user": "USER_008", "type": "file", "hour": 8, "filename": "doc_267.pdf"}
{"timestamp": "2026-06-03T08:58:48.668898", "user": "USER_006", "type": "logon", "hour": 8}
{"timestamp": "2026-06-03T08:58:49.170792", "user": "USER_004", "type": "email", "hour": 8, "external": false}
{"timestamp": "2026-06-03T08:58:49.671995", "user": "USER_015", "type": "file", "hour": 8, "filename": "doc_168.pdf"}
{"timestamp": "2026-06-03T08:58:50.173226", "user": "USER_014", "type": "logon", "hour": 8}
{"timestamp": "2026-06-03T08:58:50.675530", "user": "USER_002", "type": "file", "hour": 8, "filename": "doc_808.exe"}
{"timestamp": "2026-06-03T08:58:51.177114", "user": "USER_020", "type": "file", "hour": 8, "filename": "doc_909.exe"}
{"timestamp": "2026-06-03T08:58:52.180660", "user": "USER_016", "type": "file", "hour": 8, "filename": "doc_495.exe"}
{"timestamp": "2026-06-03T08:58:53.689417", "user": "USER_016", "type": "file", "hour": 8, "filename": "doc_392.exe"}
{"timestamp": "2026-06-03T08:58:54.190358", "user": "USER_008", "type": "email", "hour": 8, "external": false}
{"timestamp": "2026-06-03T08:58:55.193821", "user": "USER_020", "type": "file", "hour": 8, "filename": "doc_838.zip"}
{"timestamp": "2026-06-03T08:58:56.196414", "user": "USER_002", "type": "email", "hour": 8, "external": false}
{"timestamp": "2026-06-03T08:58:56.698061", "user": "USER_011", "type": "device", "hour": 8, "action": "disconnect"}
{"timestamp": "2026-06-03T08:58:57.705954", "user": "USER_017", "type": "email", "hour": 8, "external": true}
{"timestamp": "2026-06-03T08:58:58.207832", "user": "USER_002", "type": "device", "hour": 8, "action": "disconnect"}
{"timestamp": "2026-06-03T08:58:58.709625", "user": "USER_013", "type": "logon", "hour": 8}
{"timestamp": "2026-06-03T08:58:59.211264", "user": "USER_010", "type": "file", "hour": 8, "filename": "doc_751.pdf"}
{"timestamp": "2026-06-03T08:58:59.712335", "user": "USER_001", "type": "logon", "hour": 8}
{"timestamp": "2026-06-03T08:59:00.213469", "user": "USER_012", "type": "file", "hour": 8, "filename": "doc_457.xlsx"}
{"timestamp": "2026-06-03T08:59:00.715303", "user": "USER_015", "type": "file", "hour": 8, "filename": "doc_963.docx"}
{"timestamp": "2026-06-03T08:59:01.217768", "user": "USER_001", "type": "device", "hour": 8, "action": "disconnect"}
{"timestamp": "2026-06-03T08:59:01.719762", "user": "USER_005", "type": "file", "hour": 8, "filename": "doc_215.docx"}
{"timestamp": "2026-06-03T08:59:02.722900", "user": "USER_010", "type": "logon", "hour": 8}
{"timestamp": "2026-06-03T08:59:03.724464", "user": "USER_008", "type": "email", "hour": 8, "external": false}
{"timestamp": "2026-06-03T08:59:04.227132", "user": "USER_004", "type": "email", "hour": 8, "external": false}
{"timestamp": "2026-06-03T08:59:04.727730", "user": "USER_001", "type": "email", "hour": 8, "external": false}
{"timestamp": "2026-06-03T08:59:05.229162", "user": "USER_010", "type": "email", "hour": 8, "external": true}
{"timestamp": "2026-06-03T08:59:05.732190", "user": "USER_007", "type": "email", "hour": 8, "external": false}
{"timestamp": "2026-06-03T08:59:06.234743", "user": "USER_018", "type": "email", "hour": 8, "external": false}
{"timestamp": "2026-06-03T08:59:06.736151", "user": "USER_011", "type": "file", "hour": 8, "filename": "doc_642.pdf"}
{"timestamp": "2026-06-03T08:59:07.236976", "user": "USER_003", "type": "logon", "hour": 8}
{"timestamp": "2026-06-03T08:59:08.237951", "user": "USER_006", "type": "email", "hour": 8, "external": false}
{"timestamp": "2026-06-03T08:59:08.739198", "user": "USER_014", "type": "logon", "hour": 8}
{"timestamp": "2026-06-03T08:59:09.240110", "user": "USER_017", "type": "email", "hour": 8, "external": false}
{"timestamp": "2026-06-03T08:59:09.740757", "user": "USER_004", "type": "file", "hour": 8, "filename": "doc_119.zip"}
{"timestamp": "2026-06-03T08:59:10.241576", "user": "USER_004", "type": "file", "hour": 8, "filename": "doc_908.zip"}
{"timestamp": "2026-06-03T08:59:10.742396", "user": "USER_010", "type": "file", "hour": 8, "filename": "doc_203.docx"}
{"timestamp": "2026-06-03T08:59:11.243068", "user": "USER_001", "type": "file", "hour": 8, "filename": "doc_144.exe"}
{"timestamp": "2026-06-03T08:59:11.744116", "user": "USER_006", "type": "email", "hour": 8, "external": true}
{"timestamp": "2026-06-03T08:59:12.245177", "user": "USER_007", "type": "email", "hour": 8, "external": true}
{"timestamp": "2026-06-03T08:59:12.746045", "user": "USER_002", "type": "file", "hour": 8, "filename": "doc_759.zip"}
{"timestamp": "2026-06-03T08:59:13.246805", "user": "USER_010", "type": "email", "hour": 8, "external": false}
{"timestamp": "2026-06-03T08:59:13.747877", "user": "USER_019", "type": "file", "hour": 8, "filename": "doc_550.xlsx"}
{"timestamp": "2026-06-03T08:59:14.248607", "user": "USER_014", "type": "logon", "hour": 8}
{"timestamp": "2026-06-03T08:59:14.749884", "user": "USER_009", "type": "file", "hour": 8, "filename": "doc_669.xlsx"}
{"timestamp": "2026-06-03T08:59:15.250721", "user": "USER_020", "type": "file", "hour": 8, "filename": "doc_507.docx"}
{"timestamp": "2026-06-03T08:59:15.751414", "user": "USER_006", "type": "email", "hour": 8, "external": false}
{"timestamp": "2026-06-03T08:59:16.252169", "user": "USER_009", "type": "file", "hour": 8, "filename": "doc_311.pdf"}
{"timestamp": "2026-06-03T08:59:17.254379", "user": "USER_007", "type": "email", "hour": 8, "external": true}
{"timestamp": "2026-06-03T08:59:17.755405", "user": "USER_007", "type": "email", "hour": 8, "external": true}
{"timestamp": "2026-06-03T08:59:18.256376", "user": "USER_009", "type": "file", "hour": 8, "filename": "doc_446.xlsx"}
{"timestamp": "2026-06-03T08:59:18.757813", "user": "USER_011", "type": "logon", "hour": 8}
{"timestamp": "2026-06-03T08:59:19.258718", "user": "USER_002", "type": "file", "hour": 8, "filename": "doc_616.docx"}
{"timestamp": "2026-06-03T08:59:19.760056", "user": "USER_013", "type": "email", "hour": 8, "external": false}
{"timestamp": "2026-06-03T08:59:20.762411", "user": "USER_011", "type": "file", "hour": 8, "filename": "doc_193.exe"}
{"timestamp": "2026-06-03T08:59:20.762899", "user": "USER_002", "type": "file", "hour": 3, "filename": "sensitive_data_92.zip"}
{"timestamp": "2026-06-03T08:59:20.762899", "user": "USER_002", "type": "file", "hour": 3, "filename": "sensitive_data_73.zip"}
{"timestamp": "2026-06-03T08:59:20.762899", "user": "USER_002", "type": "file", "hour": 3, "filename": "sensitive_data_89.zip"}
{"timestamp": "2026-06-03T08:59:20.762899", "user": "USER_002", "type": "file", "hour": 3, "filename": "sensitive_data_44.zip"}
{"timestamp": "2026-06-03T08:59:20.762899", "user": "USER_002", "type": "file", "hour": 3, "filename": "sensitive_data_58.zip"}
{"timestamp": "2026-06-03T08:59:20.762899", "user": "USER_002", "type": "file", "hour": 3, "filename": "sensitive_data_18.zip"}
{"timestamp": "2026-06-03T08:59:20.762899", "user": "USER_002", "type": "file", "hour": 3, "filename": "sensitive_data_70.zip"}
{"timestamp": "2026-06-03T08:59:20.762899", "user": "USER_002", "type": "file", "hour": 3, "filename": "sensitive_data_56.zip"}
{"timestamp": "2026-06-03T08:59:20.762899", "user": "USER_002", "type": "file", "hour": 3, "filename": "sensitive_data_17.zip"}
{"timestamp": "2026-06-03T08:59:20.762899", "user": "USER_002", "type": "file", "hour": 3, "filename": "sensitive_data_8.zip"}
{"timestamp": "2026-06-03T08:59:20.762899", "user": "USER_002", "type": "file", "hour": 3, "filename": "sensitive_data_56.zip"}
{"timestamp": "2026-06-03T08:59:20.762899", "user": "USER_002", "type": "file", "hour": 3, "filename": "sensitive_data_32.zip"}
{"timestamp": "2026-06-03T08:59:20.762899", "user": "USER_002", "type": "file", "hour": 3, "filename": "sensitive_data_11.zip"}
{"timestamp": "2026-06-03T08:59:20.762899", "user": "USER_002", "type": "file", "hour": 3, "filename": "sensitive_data_12.zip"}
{"timestamp": "2026-06-03T08:59:20.762899", "user": "USER_002", "type": "file", "hour": 3, "filename": "sensitive_data_79.zip"}
{"timestamp": "2026-06-03T08:59:20.762899", "user": "USER_002", "type": "file", "hour": 3, "filename": "sensitive_data_19.zip"}
{"timestamp": "2026-06-03T08:59:20.762899", "user": "USER_002", "type": "file", "hour": 3, "filename": "sensitive_data_3.zip"}
{"timestamp": "2026-06-03T08:59:20.762899", "user": "USER_002", "type": "file", "hour": 3, "filename": "sensitive_data_11.zip"}
{"timestamp": "2026-06-03T08:59:20.762899", "user": "USER_002", "type": "file", "hour": 3, "filename": "sensitive_data_12.zip"}
{"timestamp": "2026-06-03T08:59:20.762899", "user": "USER_002", "type": "file", "hour": 3, "filename": "sensitive_data_97.zip"}
{"timestamp": "2026-06-03T08:59:20.762899", "user": "USER_002", "type": "file", "hour": 3, "filename": "sensitive_data_29.zip"}
{"timestamp": "2026-06-03T08:59:20.762899", "user": "USER_002", "type": "file", "hour": 3, "filename": "sensitive_data_84.zip"}
{"timestamp": "2026-06-03T08:59:20.762899", "user": "USER_002", "type": "file", "hour": 3, "filename": "sensitive_data_21.zip"}
{"timestamp": "2026-06-03T08:59:20.762899", "user": "USER_002", "type": "file", "hour": 3, "filename": "sensitive_data_4.zip"}
{"timestamp": "2026-06-03T08:59:20.762899", "user": "USER_002", "type": "file", "hour": 3, "filename": "sensitive_data_1.zip"}
{"timestamp": "2026-06-03T08:59:20.762899", "user": "USER_002", "type": "file", "hour": 3, "filename": "sensitive_data_99.zip"}
{"timestamp": "2026-06-03T08:59:20.762899", "user": "USER_002", "type": "file", "hour": 3, "filename": "sensitive_data_90.zip"}
{"timestamp": "2026-06-03T08:59:20.762899", "user": "USER_002", "type": "file", "hour": 3, "filename": "sensitive_data_2.zip"}
{"timestamp": "2026-06-03T08:59:20.762899", "user": "USER_002", "type": "file", "hour": 3, "filename": "sensitive_data_46.zip"}
{"timestamp": "2026-06-03T08:59:20.762899", "user": "USER_002", "type": "file", "hour": 3, "filename": "sensitive_data_25.zip"}
{"timestamp": "2026-06-03T08:59:20.762899", "user": "USER_002", "type": "file", "hour": 3, "filename": "sensitive_data_99.zip"}
{"timestamp": "2026-06-03T08:59:20.762899", "user": "USER_002", "type": "file", "hour": 3, "filename": "sensitive_data_55.zip"}
{"timestamp": "2026-06-03T08:59:20.762899", "user": "USER_002", "type": "file", "hour": 3, "filename": "sensitive_data_66.zip"}
{"timestamp": "2026-06-03T08:59:20.762899", "user": "USER_002", "type": "file", "hour": 3, "filename": "sensitive_data_70.zip"}
{"timestamp": "2026-06-03T08:59:20.762899", "user": "USER_002", "type": "file", "hour": 3, "filename": "sensitive_data_12.zip"}
{"timestamp": "2026-06-03T08:59:20.762899", "user": "USER_002", "type": "file", "hour": 3, "filename": "sensitive_data_77.zip"}
{"timestamp": "2026-06-03T08:59:20.762899", "user": "USER_002", "type": "file", "hour": 3, "filename": "sensitive_data_73.zip"}
{"timestamp": "2026-06-03T08:59:20.762899", "user": "USER_002", "type": "email", "hour": 3, "external": true}
{"timestamp": "2026-06-03T08:59:20.762899", "user": "USER_002", "type": "email", "hour": 3, "external": true}
{"timestamp": "2026-06-03T08:59:20.762899", "user": "USER_002", "type": "email", "hour": 3, "external": true}
{"timestamp": "2026-06-03T08:59:20.762899", "user": "USER_002", "type": "email", "hour": 3, "external": true}
{"timestamp": "2026-06-03T08:59:20.762899", "user": "USER_002", "type": "email", "hour": 3, "external": true}
{"timestamp": "2026-06-03T08:59:20.762899", "user": "USER_002", "type": "email", "hour": 3, "external": true}
{"timestamp": "2026-06-03T08:59:20.762899", "user": "USER_002", "type": "email", "hour": 3, "external": true}
{"timestamp": "2026-06-03T08:59:20.762899", "user": "USER_002", "type": "email", "hour": 3, "external": true}
{"timestamp": "2026-06-03T08:59:20.762899", "user": "USER_002", "type": "email", "hour": 3, "external": true}
{"timestamp": "2026-06-03T08:59:20.762899", "user": "USER_002", "type": "email", "hour": 3, "external": true}
{"timestamp": "2026-06-03T08:59:21.765399", "user": "USER_016", "type": "email", "hour": 8, "external": false}
{"timestamp": "2026-06-03T08:59:22.266452", "user": "USER_009", "type": "file", "hour": 8, "filename": "doc_855.docx"}
{"timestamp": "2026-06-03T08:59:22.768621", "user": "USER_008", "type": "file", "hour": 8, "filename": "doc_101.exe"}
{"timestamp": "2026-06-03T08:59:23.270179", "user": "USER_003", "type": "email", "hour": 8, "external": false}
{"timestamp": "2026-06-03T08:59:23.770898", "user": "USER_016", "type": "email", "hour": 8, "external": true}
{"timestamp": "2026-06-03T08:59:24.271606", "user": "USER_018", "type": "logon", "hour": 8}
{"timestamp": "2026-06-03T08:59:25.273258", "user": "USER_004", "type": "file", "hour": 8, "filename": "doc_766.exe"}
{"timestamp": "2026-06-03T08:59:25.774002", "user": "USER_002", "type": "logon", "hour": 8}
{"timestamp": "2026-06-03T08:59:26.775837", "user": "USER_011", "type": "device", "hour": 8, "action": "connect"}
{"timestamp": "2026-06-03T08:59:27.277319", "user": "USER_012", "type": "file", "hour": 8, "filename": "doc_968.pdf"}
{"timestamp": "2026-06-03T08:59:29.280254", "user": "USER_013", "type": "email", "hour": 8, "external": false}
{"timestamp": "2026-06-03T08:59:29.781492", "user": "USER_005", "type": "file", "hour": 8, "filename": "doc_524.exe"}
{"timestamp": "2026-06-03T08:59:30.282275", "user": "USER_014", "type": "file", "hour": 8, "filename": "doc_865.pdf"}
{"timestamp": "2026-06-03T08:59:31.284685", "user": "USER_008", "type": "email", "hour": 8, "external": true}
{"timestamp": "2026-06-03T08:59:31.785841", "user": "USER_009", "type": "email", "hour": 8, "external": true}
{"timestamp": "2026-06-03T08:59:32.287355", "user": "USER_008", "type": "email", "hour": 8, "external": false}
{"timestamp": "2026-06-03T08:59:32.788287", "user": "USER_016", "type": "email", "hour": 8, "external": false}
{"timestamp": "2026-06-03T08:59:33.289050", "user": "USER_001", "type": "file", "hour": 8, "filename": "doc_871.exe"}
{"timestamp": "2026-06-03T08:59:33.790351", "user": "USER_013", "type": "file", "hour": 8, "filename": "doc_958.xlsx"}
{"timestamp": "2026-06-03T08:59:34.292240", "user": "USER_003", "type": "email", "hour": 8, "external": false}
{"timestamp": "2026-06-03T08:59:34.793515", "user": "USER_015", "type": "logon", "hour": 8}
{"timestamp": "2026-06-03T08:59:35.294527", "user": "USER_010", "type": "email", "hour": 8, "external": false}
{"timestamp": "2026-06-03T08:59:35.796026", "user": "USER_008", "type": "email", "hour": 8, "external": false}
{"timestamp": "2026-06-03T08:59:35.796751", "user": "USER_018", "type": "file", "hour": 3, "filename": "sensitive_data_48.zip"}
{"timestamp": "2026-06-03T08:59:35.796751", "user": "USER_018", "type": "file", "hour": 3, "filename": "sensitive_data_16.zip"}
{"timestamp": "2026-06-03T08:59:35.796751", "user": "USER_018", "type": "file", "hour": 3, "filename": "sensitive_data_83.zip"}
{"timestamp": "2026-06-03T08:59:35.796751", "user": "USER_018", "type": "file", "hour": 3, "filename": "sensitive_data_79.zip"}
{"timestamp": "2026-06-03T08:59:35.796751", "user": "USER_018", "type": "file", "hour": 3, "filename": "sensitive_data_80.zip"}
{"timestamp": "2026-06-03T08:59:35.796751", "user": "USER_018", "type": "file", "hour": 3, "filename": "sensitive_data_37.zip"}
{"timestamp": "2026-06-03T08:59:35.796751", "user": "USER_018", "type": "file", "hour": 3, "filename": "sensitive_data_67.zip"}
{"timestamp": "2026-06-03T08:59:35.796751", "user": "USER_018", "type": "file", "hour": 3, "filename": "sensitive_data_24.zip"}
{"timestamp": "2026-06-03T08:59:35.796751", "user": "USER_018", "type": "file", "hour": 3, "filename": "sensitive_data_28.zip"}
{"timestamp": "2026-06-03T08:59:35.796751", "user": "USER_018", "type": "file", "hour": 3, "filename": "sensitive_data_1.zip"}
{"timestamp": "2026-06-03T08:59:35.796751", "user": "USER_018", "type": "file", "hour": 3, "filename": "sensitive_data_39.zip"}
{"timestamp": "2026-06-03T08:59:35.796751", "user": "USER_018", "type": "file", "hour": 3, "filename": "sensitive_data_22.zip"}
{"timestamp": "2026-06-03T08:59:35.796751", "user": "USER_018", "type": "file", "hour": 3, "filename": "sensitive_data_81.zip"}
{"timestamp": "2026-06-03T08:59:35.796751", "user": "USER_018", "type": "file", "hour": 3, "filename": "sensitive_data_79.zip"}
{"timestamp": "2026-06-03T08:59:35.796751", "user": "USER_018", "type": "file", "hour": 3, "filename": "sensitive_data_32.zip"}
{"timestamp": "2026-06-03T08:59:35.796751", "user": "USER_018", "type": "file", "hour": 3, "filename": "sensitive_data_54.zip"}
{"timestamp": "2026-06-03T08:59:35.796751", "user": "USER_018", "type": "file", "hour": 3, "filename": "sensitive_data_39.zip"}
{"timestamp": "2026-06-03T08:59:35.796751", "user": "USER_018", "type": "file", "hour": 3, "filename": "sensitive_data_90.zip"}
{"timestamp": "2026-06-03T08:59:35.796751", "user": "USER_018", "type": "file", "hour": 3, "filename": "sensitive_data_100.zip"}
{"timestamp": "2026-06-03T08:59:35.796751", "user": "USER_018", "type": "file", "hour": 3, "filename": "sensitive_data_66.zip"}
{"timestamp": "2026-06-03T08:59:35.796751", "user": "USER_018", "type": "file", "hour": 3, "filename": "sensitive_data_5.zip"}
{"timestamp": "2026-06-03T08:59:35.796751", "user": "USER_018", "type": "file", "hour": 3, "filename": "sensitive_data_5.zip"}
{"timestamp": "2026-06-03T08:59:35.796751", "user": "USER_018", "type": "file", "hour": 3, "filename": "sensitive_data_47.zip"}
{"timestamp": "2026-06-03T08:59:35.796751", "user": "USER_018", "type": "file", "hour": 3, "filename": "sensitive_data_68.zip"}
{"timestamp": "2026-06-03T08:59:35.796751", "user": "USER_018", "type": "file", "hour": 3, "filename": "sensitive_data_56.zip"}
{"timestamp": "2026-06-03T08:59:35.796751", "user": "USER_018", "type": "file", "hour": 3, "filename": "sensitive_data_71.zip"}
{"timestamp": "2026-06-03T08:59:35.796751", "user": "USER_018", "type": "file", "hour": 3, "filename": "sensitive_data_88.zip"}
{"timestamp": "2026-06-03T08:59:35.796751", "user": "USER_018", "type": "file", "hour": 3, "filename": "sensitive_data_8.zip"}
{"timestamp": "2026-06-03T08:59:35.796751", "user": "USER_018", "type": "file", "hour": 3, "filename": "sensitive_data_61.zip"}
{"timestamp": "2026-06-03T08:59:35.796751", "user": "USER_018", "type": "file", "hour": 3, "filename": "sensitive_data_27.zip"}
{"timestamp": "2026-06-03T08:59:35.796751", "user": "USER_018", "type": "file", "hour": 3, "filename": "sensitive_data_98.zip"}
{"timestamp": "2026-06-03T08:59:35.796751", "user": "USER_018", "type": "file", "hour": 3, "filename": "sensitive_data_19.zip"}
{"timestamp": "2026-06-03T08:59:35.796751", "user": "USER_018", "type": "file", "hour": 3, "filename": "sensitive_data_49.zip"}
{"timestamp": "2026-06-03T08:59:35.796751", "user": "USER_018", "type": "file", "hour": 3, "filename": "sensitive_data_60.zip"}
{"timestamp": "2026-06-03T08:59:35.796751", "user": "USER_018", "type": "file", "hour": 3, "filename": "sensitive_data_30.zip"}
{"timestamp": "2026-06-03T08:59:35.796751", "user": "USER_018", "type": "file", "hour": 3, "filename": "sensitive_data_58.zip"}
{"timestamp": "2026-06-03T08:59:35.796751", "user": "USER_018", "type": "file", "hour": 3, "filename": "sensitive_data_83.zip"}
{"timestamp": "2026-06-03T08:59:35.796751", "user": "USER_018", "type": "file", "hour": 3, "filename": "sensitive_data_26.zip"}
{"timestamp": "2026-06-03T08:59:35.796751", "user": "USER_018", "type": "file", "hour": 3, "filename": "sensitive_data_29.zip"}
{"timestamp": "2026-06-03T08:59:35.796751", "user": "USER_018", "type": "file", "hour": 3, "filename": "sensitive_data_63.zip"}
{"timestamp": "2026-06-03T08:59:35.796751", "user": "USER_018", "type": "file", "hour": 3, "filename": "sensitive_data_83.zip"}
{"timestamp": "2026-06-03T08:59:35.796751", "user": "USER_018", "type": "file", "hour": 3, "filename": "sensitive_data_74.zip"}
{"timestamp": "2026-06-03T08:59:35.796751", "user": "USER_018", "type": "file", "hour": 3, "filename": "sensitive_data_67.zip"}
{"timestamp": "2026-06-03T08:59:35.796751", "user": "USER_018", "type": "file", "hour": 3, "filename": "sensitive_data_46.zip"}
{"timestamp": "2026-06-03T08:59:35.796751", "user": "USER_018", "type": "file", "hour": 3, "filename": "sensitive_data_83.zip"}
{"timestamp": "2026-06-03T08:59:35.796751", "user": "USER_018", "type": "file", "hour": 3, "filename": "sensitive_data_48.zip"}
{"timestamp": "2026-06-03T08:59:35.796751", "user": "USER_018", "type": "file", "hour": 3, "filename": "sensitive_data_95.zip"}
{"timestamp": "2026-06-03T08:59:35.796751", "user": "USER_018", "type": "email", "hour": 3, "external": true}
{"timestamp": "2026-06-03T08:59:35.796751", "user": "USER_018", "type": "email", "hour": 3, "external": true}
{"timestamp": "2026-06-03T08:59:35.796751", "user": "USER_018", "type": "email", "hour": 3, "external": true}
{"timestamp": "2026-06-03T08:59:35.796751", "user": "USER_018", "type": "email", "hour": 3, "external": true}
{"timestamp": "2026-06-03T08:59:35.796751", "user": "USER_018", "type": "email", "hour": 3, "external": true}
{"timestamp": "2026-06-03T08:59:35.796751", "user": "USER_018", "type": "email", "hour": 3, "external": true}
{"timestamp": "2026-06-03T08:59:35.796751", "user": "USER_018", "type": "email", "hour": 3, "external": true}
{"timestamp": "2026-06-03T08:59:35.796751", "user": "USER_018", "type": "email", "hour": 3, "external": true}
{"timestamp": "2026-06-03T08:59:35.796751", "user": "USER_018", "type": "email", "hour": 3, "external": true}
{"timestamp": "2026-06-03T08:59:35.796751", "user": "USER_018", "type": "email", "hour": 3, "external": true}
{"timestamp": "2026-06-03T08:59:35.796751", "user": "USER_018", "type": "email", "hour": 3, "external": true}
{"timestamp": "2026-06-03T08:59:35.796751", "user": "USER_018", "type": "email", "hour": 3, "external": true}
{"timestamp": "2026-06-03T08:59:35.796751", "user": "USER_018", "type": "email", "hour": 3, "external": true}
{"timestamp": "2026-06-03T08:59:35.796751", "user": "USER_018", "type": "email", "hour": 3, "external": true}
{"timestamp": "2026-06-03T08:59:36.298770", "user": "USER_002", "type": "email", "hour": 8, "external": true}
{"timestamp": "2026-06-03T08:59:36.800192", "user": "USER_003", "type": "email", "hour": 8, "external": false}
{"timestamp": "2026-06-03T08:59:37.301449", "user": "USER_004", "type": "logon", "hour": 8}
{"timestamp": "2026-06-03T08:59:37.802852", "user": "USER_006", "type": "email", "hour": 8, "external": false}
{"timestamp": "2026-06-03T08:59:38.304102", "user": "USER_015", "type": "file", "hour": 8, "filename": "doc_938.xlsx"}
{"timestamp": "2026-06-03T08:59:38.805592", "user": "USER_018", "type": "email", "hour": 8, "external": true}
{"timestamp": "2026-06-03T08:59:39.307161", "user": "USER_004", "type": "device", "hour": 8, "action": "disconnect"}
{"timestamp": "2026-06-03T08:59:40.309633", "user": "USER_013", "type": "file", "hour": 8, "filename": "doc_213.zip"}
{"timestamp": "2026-06-03T08:59:40.811118", "user": "USER_012", "type": "email", "hour": 8, "external": false}
{"timestamp": "2026-06-03T08:59:41.312480", "user": "USER_003", "type": "email", "hour": 8, "external": false}
{"timestamp": "2026-06-03T08:59:41.814589", "user": "USER_010", "type": "file", "hour": 8, "filename": "doc_234.zip"}
{"timestamp": "2026-06-03T08:59:42.315927", "user": "USER_012", "type": "email", "hour": 8, "external": false}
{"timestamp": "2026-06-03T08:59:42.817507", "user": "USER_019", "type": "file", "hour": 8, "filename": "doc_761.exe"}
{"timestamp": "2026-06-03T08:59:43.318985", "user": "USER_011", "type": "email", "hour": 8, "external": false}
{"timestamp": "2026-06-03T08:59:43.820819", "user": "USER_019", "type": "email", "hour": 8, "external": false}
{"timestamp": "2026-06-03T08:59:44.322223", "user": "USER_018", "type": "email", "hour": 8, "external": false}
{"timestamp": "2026-06-03T08:59:44.823512", "user": "USER_014", "type": "file", "hour": 8, "filename": "doc_719.zip"}
{"timestamp": "2026-06-03T08:59:45.324952", "user": "USER_007", "type": "file", "hour": 8, "filename": "doc_881.pdf"}
{"timestamp": "2026-06-03T08:59:45.826930", "user": "USER_003", "type": "email", "hour": 8, "external": false}
{"timestamp": "2026-06-03T08:59:46.328595", "user": "USER_015", "type": "file", "hour": 8, "filename": "doc_714.pdf"}
{"timestamp": "2026-06-03T08:59:47.331772", "user": "USER_019", "type": "logon", "hour": 8}
{"timestamp": "2026-06-03T08:59:47.833848", "user": "USER_004", "type": "email", "hour": 8, "external": true}
{"timestamp": "2026-06-03T08:59:48.336196", "user": "USER_016", "type": "file", "hour": 8, "filename": "doc_243.xlsx"}
{"timestamp": "2026-06-03T08:59:48.838221", "user": "USER_006", "type": "file", "hour": 8, "filename": "doc_384.pdf"}
{"timestamp": "2026-06-03T08:59:49.339723", "user": "USER_009", "type": "device", "hour": 8, "action": "disconnect"}
{"timestamp": "2026-06-03T08:59:49.842918", "user": "USER_007", "type": "email", "hour": 8, "external": false}
{"timestamp": "2026-06-03T08:59:50.344113", "user": "USER_005", "type": "file", "hour": 8, "filename": "doc_473.zip"}
{"timestamp": "2026-06-03T08:59:50.845358", "user": "USER_007", "type": "logon", "hour": 8}
{"timestamp": "2026-06-03T08:59:51.346511", "user": "USER_001", "type": "email", "hour": 8, "external": false}
{"timestamp": "2026-06-03T08:59:51.347504", "user": "USER_019", "type": "file", "hour": 3, "filename": "sensitive_data_16.zip"}
{"timestamp": "2026-06-03T08:59:51.347504", "user": "USER_019", "type": "file", "hour": 3, "filename": "sensitive_data_99.zip"}
{"timestamp": "2026-06-03T08:59:51.347504", "user": "USER_019", "type": "file", "hour": 3, "filename": "sensitive_data_34.zip"}
{"timestamp": "2026-06-03T08:59:51.347504", "user": "USER_019", "type": "file", "hour": 3, "filename": "sensitive_data_38.zip"}
{"timestamp": "2026-06-03T08:59:51.347504", "user": "USER_019", "type": "file", "hour": 3, "filename": "sensitive_data_47.zip"}
{"timestamp": "2026-06-03T08:59:51.347504", "user": "USER_019", "type": "file", "hour": 3, "filename": "sensitive_data_80.zip"}
{"timestamp": "2026-06-03T08:59:51.347504", "user": "USER_019", "type": "file", "hour": 3, "filename": "sensitive_data_50.zip"}
{"timestamp": "2026-06-03T08:59:51.347504", "user": "USER_019", "type": "file", "hour": 3, "filename": "sensitive_data_19.zip"}
{"timestamp": "2026-06-03T08:59:51.347504", "user": "USER_019", "type": "file", "hour": 3, "filename": "sensitive_data_62.zip"}
{"timestamp": "2026-06-03T08:59:51.347504", "user": "USER_019", "type": "file", "hour": 3, "filename": "sensitive_data_69.zip"}
{"timestamp": "2026-06-03T08:59:51.347504", "user": "USER_019", "type": "file", "hour": 3, "filename": "sensitive_data_39.zip"}
{"timestamp": "2026-06-03T08:59:51.347504", "user": "USER_019", "type": "file", "hour": 3, "filename": "sensitive_data_37.zip"}
{"timestamp": "2026-06-03T08:59:51.347504", "user": "USER_019", "type": "file", "hour": 3, "filename": "sensitive_data_75.zip"}
{"timestamp": "2026-06-03T08:59:51.347504", "user": "USER_019", "type": "file", "hour": 3, "filename": "sensitive_data_92.zip"}
{"timestamp": "2026-06-03T08:59:51.347504", "user": "USER_019", "type": "file", "hour": 3, "filename": "sensitive_data_13.zip"}
{"timestamp": "2026-06-03T08:59:51.347504", "user": "USER_019", "type": "file", "hour": 3, "filename": "sensitive_data_99.zip"}
{"timestamp": "2026-06-03T08:59:51.347504", "user": "USER_019", "type": "file", "hour": 3, "filename": "sensitive_data_2.zip"}
{"timestamp": "2026-06-03T08:59:51.347504", "user": "USER_019", "type": "file", "hour": 3, "filename": "sensitive_data_77.zip"}
{"timestamp": "2026-06-03T08:59:51.347504", "user": "USER_019", "type": "file", "hour": 3, "filename": "sensitive_data_69.zip"}
{"timestamp": "2026-06-03T08:59:51.347504", "user": "USER_019", "type": "file", "hour": 3, "filename": "sensitive_data_46.zip"}
{"timestamp": "2026-06-03T08:59:51.347504", "user": "USER_019", "type": "file", "hour": 3, "filename": "sensitive_data_59.zip"}
{"timestamp": "2026-06-03T08:59:51.347504", "user": "USER_019", "type": "file", "hour": 3, "filename": "sensitive_data_97.zip"}
{"timestamp": "2026-06-03T08:59:51.347504", "user": "USER_019", "type": "file", "hour": 3, "filename": "sensitive_data_10.zip"}
{"timestamp": "2026-06-03T08:59:51.347504", "user": "USER_019", "type": "file", "hour": 3, "filename": "sensitive_data_84.zip"}
{"timestamp": "2026-06-03T08:59:51.347504", "user": "USER_019", "type": "file", "hour": 3, "filename": "sensitive_data_1.zip"}
{"timestamp": "2026-06-03T08:59:51.347504", "user": "USER_019", "type": "file", "hour": 3, "filename": "sensitive_data_92.zip"}
{"timestamp": "2026-06-03T08:59:51.347504", "user": "USER_019", "type": "file", "hour": 3, "filename": "sensitive_data_13.zip"}
{"timestamp": "2026-06-03T08:59:51.347504", "user": "USER_019", "type": "file", "hour": 3, "filename": "sensitive_data_97.zip"}
{"timestamp": "2026-06-03T08:59:51.347504", "user": "USER_019", "type": "file", "hour": 3, "filename": "sensitive_data_40.zip"}
{"timestamp": "2026-06-03T08:59:51.347504", "user": "USER_019", "type": "file", "hour": 3, "filename": "sensitive_data_62.zip"}
{"timestamp": "2026-06-03T08:59:51.347504", "user": "USER_019", "type": "file", "hour": 3, "filename": "sensitive_data_49.zip"}
{"timestamp": "2026-06-03T08:59:51.347504", "user": "USER_019", "type": "file", "hour": 3, "filename": "sensitive_data_85.zip"}
{"timestamp": "2026-06-03T08:59:51.347504", "user": "USER_019", "type": "file", "hour": 3, "filename": "sensitive_data_31.zip"}
{"timestamp": "2026-06-03T08:59:51.347504", "user": "USER_019", "type": "file", "hour": 3, "filename": "sensitive_data_66.zip"}
{"timestamp": "2026-06-03T08:59:51.347504", "user": "USER_019", "type": "file", "hour": 3, "filename": "sensitive_data_35.zip"}
{"timestamp": "2026-06-03T08:59:51.347504", "user": "USER_019", "type": "file", "hour": 3, "filename": "sensitive_data_18.zip"}
{"timestamp": "2026-06-03T08:59:51.347504", "user": "USER_019", "type": "file", "hour": 3, "filename": "sensitive_data_21.zip"}
{"timestamp": "2026-06-03T08:59:51.347504", "user": "USER_019", "type": "file", "hour": 3, "filename": "sensitive_data_82.zip"}
{"timestamp": "2026-06-03T08:59:51.347504", "user": "USER_019", "type": "file", "hour": 3, "filename": "sensitive_data_21.zip"}
{"timestamp": "2026-06-03T08:59:51.347504", "user": "USER_019", "type": "file", "hour": 3, "filename": "sensitive_data_94.zip"}
{"timestamp": "2026-06-03T08:59:51.347504", "user": "USER_019", "type": "file", "hour": 3, "filename": "sensitive_data_71.zip"}
{"timestamp": "2026-06-03T08:59:51.347504", "user": "USER_019", "type": "email", "hour": 3, "external": true}
{"timestamp": "2026-06-03T08:59:51.347504", "user": "USER_019", "type": "email", "hour": 3, "external": true}
{"timestamp": "2026-06-03T08:59:51.347504", "user": "USER_019", "type": "email", "hour": 3, "external": true}
{"timestamp": "2026-06-03T08:59:51.347504", "user": "USER_019", "type": "email", "hour": 3, "external": true}
{"timestamp": "2026-06-03T08:59:51.347504", "user": "USER_019", "type": "email", "hour": 3, "external": true}
{"timestamp": "2026-06-03T08:59:51.347504", "user": "USER_019", "type": "email", "hour": 3, "external": true}
{"timestamp": "2026-06-03T08:59:51.347504", "user": "USER_019", "type": "email", "hour": 3, "external": true}
{"timestamp": "2026-06-03T08:59:51.347504", "user": "USER_019", "type": "email", "hour": 3, "external": true}
{"timestamp": "2026-06-03T08:59:51.347504", "user": "USER_019", "type": "email", "hour": 3, "external": true}
{"timestamp": "2026-06-03T08:59:51.347504", "user": "USER_019", "type": "email", "hour": 3, "external": true}
{"timestamp": "2026-06-03T08:59:52.351704", "user": "USER_005", "type": "file", "hour": 8, "filename": "doc_773.exe"}
{"timestamp": "2026-06-03T08:59:52.853133", "user": "USER_011", "type": "logon", "hour": 8}
{"timestamp": "2026-06-03T08:59:53.354977", "user": "USER_007", "type": "email", "hour": 8, "external": false}
{"timestamp": "2026-06-03T08:59:54.357423", "user": "USER_020", "type": "file", "hour": 8, "filename": "doc_196.pdf"}
{"timestamp": "2026-06-03T08:59:54.858629", "user": "USER_013", "type": "email", "hour": 8, "external": false}
{"timestamp": "2026-06-03T08:59:55.359466", "user": "USER_008", "type": "email", "hour": 8, "external": false}
{"timestamp": "2026-06-03T08:59:55.860345", "user": "USER_010", "type": "file", "hour": 8, "filename": "doc_760.zip"}
{"timestamp": "2026-06-03T08:59:55.860729", "user": "USER_005", "type": "file", "hour": 3, "filename": "sensitive_data_76.zip"}
{"timestamp": "2026-06-03T08:59:55.860729", "user": "USER_005", "type": "file", "hour": 3, "filename": "sensitive_data_19.zip"}
{"timestamp": "2026-06-03T08:59:55.860729", "user": "USER_005", "type": "file", "hour": 3, "filename": "sensitive_data_45.zip"}
{"timestamp": "2026-06-03T08:59:55.860729", "user": "USER_005", "type": "file", "hour": 3, "filename": "sensitive_data_100.zip"}
{"timestamp": "2026-06-03T08:59:55.860729", "user": "USER_005", "type": "file", "hour": 3, "filename": "sensitive_data_73.zip"}
{"timestamp": "2026-06-03T08:59:55.860729", "user": "USER_005", "type": "file", "hour": 3, "filename": "sensitive_data_14.zip"}
{"timestamp": "2026-06-03T08:59:55.860729", "user": "USER_005", "type": "file", "hour": 3, "filename": "sensitive_data_23.zip"}
{"timestamp": "2026-06-03T08:59:55.860729", "user": "USER_005", "type": "file", "hour": 3, "filename": "sensitive_data_54.zip"}
{"timestamp": "2026-06-03T08:59:55.860729", "user": "USER_005", "type": "file", "hour": 3, "filename": "sensitive_data_15.zip"}
{"timestamp": "2026-06-03T08:59:55.860729", "user": "USER_005", "type": "file", "hour": 3, "filename": "sensitive_data_52.zip"}
{"timestamp": "2026-06-03T08:59:55.860729", "user": "USER_005", "type": "file", "hour": 3, "filename": "sensitive_data_2.zip"}
{"timestamp": "2026-06-03T08:59:55.860729", "user": "USER_005", "type": "file", "hour": 3, "filename": "sensitive_data_81.zip"}
{"timestamp": "2026-06-03T08:59:55.860729", "user": "USER_005", "type": "file", "hour": 3, "filename": "sensitive_data_41.zip"}
{"timestamp": "2026-06-03T08:59:55.860729", "user": "USER_005", "type": "file", "hour": 3, "filename": "sensitive_data_30.zip"}
{"timestamp": "2026-06-03T08:59:55.860729", "user": "USER_005", "type": "file", "hour": 3, "filename": "sensitive_data_23.zip"}
{"timestamp": "2026-06-03T08:59:55.860729", "user": "USER_005", "type": "file", "hour": 3, "filename": "sensitive_data_51.zip"}
{"timestamp": "2026-06-03T08:59:55.860729", "user": "USER_005", "type": "file", "hour": 3, "filename": "sensitive_data_40.zip"}
{"timestamp": "2026-06-03T08:59:55.860729", "user": "USER_005", "type": "file", "hour": 3, "filename": "sensitive_data_20.zip"}
{"timestamp": "2026-06-03T08:59:55.860729", "user": "USER_005", "type": "file", "hour": 3, "filename": "sensitive_data_45.zip"}
{"timestamp": "2026-06-03T08:59:55.860729", "user": "USER_005", "type": "file", "hour": 3, "filename": "sensitive_data_23.zip"}
{"timestamp": "2026-06-03T08:59:55.860729", "user": "USER_005", "type": "file", "hour": 3, "filename": "sensitive_data_6.zip"}
{"timestamp": "2026-06-03T08:59:55.860729", "user": "USER_005", "type": "file", "hour": 3, "filename": "sensitive_data_96.zip"}
{"timestamp": "2026-06-03T08:59:55.860729", "user": "USER_005", "type": "file", "hour": 3, "filename": "sensitive_data_27.zip"}
{"timestamp": "2026-06-03T08:59:55.860729", "user": "USER_005", "type": "file", "hour": 3, "filename": "sensitive_data_67.zip"}
{"timestamp": "2026-06-03T08:59:55.860729", "user": "USER_005", "type": "file", "hour": 3, "filename": "sensitive_data_10.zip"}
{"timestamp": "2026-06-03T08:59:55.860729", "user": "USER_005", "type": "file", "hour": 3, "filename": "sensitive_data_33.zip"}
{"timestamp": "2026-06-03T08:59:55.860729", "user": "USER_005", "type": "file", "hour": 3, "filename": "sensitive_data_51.zip"}
{"timestamp": "2026-06-03T08:59:55.860729", "user": "USER_005", "type": "file", "hour": 3, "filename": "sensitive_data_51.zip"}
{"timestamp": "2026-06-03T08:59:55.860729", "user": "USER_005", "type": "file", "hour": 3, "filename": "sensitive_data_4.zip"}
{"timestamp": "2026-06-03T08:59:55.860729", "user": "USER_005", "type": "file", "hour": 3, "filename": "sensitive_data_56.zip"}
{"timestamp": "2026-06-03T08:59:55.860729", "user": "USER_005", "type": "file", "hour": 3, "filename": "sensitive_data_12.zip"}
{"timestamp": "2026-06-03T08:59:55.860729", "user": "USER_005", "type": "file", "hour": 3, "filename": "sensitive_data_99.zip"}
{"timestamp": "2026-06-03T08:59:55.860729", "user": "USER_005", "type": "file", "hour": 3, "filename": "sensitive_data_89.zip"}
{"timestamp": "2026-06-03T08:59:55.860729", "user": "USER_005", "type": "file", "hour": 3, "filename": "sensitive_data_61.zip"}
{"timestamp": "2026-06-03T08:59:55.860729", "user": "USER_005", "type": "file", "hour": 3, "filename": "sensitive_data_14.zip"}
{"timestamp": "2026-06-03T08:59:55.860729", "user": "USER_005", "type": "file", "hour": 3, "filename": "sensitive_data_42.zip"}
{"timestamp": "2026-06-03T08:59:55.860729", "user": "USER_005", "type": "file", "hour": 3, "filename": "sensitive_data_15.zip"}
{"timestamp": "2026-06-03T08:59:55.860729", "user": "USER_005", "type": "file", "hour": 3, "filename": "sensitive_data_7.zip"}
{"timestamp": "2026-06-03T08:59:55.860729", "user": "USER_005", "type": "file", "hour": 3, "filename": "sensitive_data_30.zip"}
{"timestamp": "2026-06-03T08:59:55.860729", "user": "USER_005", "type": "file", "hour": 3, "filename": "sensitive_data_74.zip"}
{"timestamp": "2026-06-03T08:59:55.860729", "user": "USER_005", "type": "file", "hour": 3, "filename": "sensitive_data_2.zip"}
{"timestamp": "2026-06-03T08:59:55.860729", "user": "USER_005", "type": "file", "hour": 3, "filename": "sensitive_data_61.zip"}
{"timestamp": "2026-06-03T08:59:55.860729", "user": "USER_005", "type": "file", "hour": 3, "filename": "sensitive_data_92.zip"}
{"timestamp": "2026-06-03T08:59:55.860729", "user": "USER_005", "type": "file", "hour": 3, "filename": "sensitive_data_77.zip"}
{"timestamp": "2026-06-03T08:59:55.860729", "user": "USER_005", "type": "file", "hour": 3, "filename": "sensitive_data_16.zip"}
{"timestamp": "2026-06-03T08:59:55.860729", "user": "USER_005", "type": "file", "hour": 3, "filename": "sensitive_data_59.zip"}
{"timestamp": "2026-06-03T08:59:55.860729", "user": "USER_005", "type": "file", "hour": 3, "filename": "sensitive_data_34.zip"}
{"timestamp": "2026-06-03T08:59:55.860729", "user": "USER_005", "type": "file", "hour": 3, "filename": "sensitive_data_99.zip"}
{"timestamp": "2026-06-03T08:59:55.860729", "user": "USER_005", "type": "email", "hour": 3, "external": true}
{"timestamp": "2026-06-03T08:59:55.860729", "user": "USER_005", "type": "email", "hour": 3, "external": true}
{"timestamp": "2026-06-03T08:59:55.860729", "user": "USER_005", "type": "email", "hour": 3, "external": true}
{"timestamp": "2026-06-03T08:59:55.860729", "user": "USER_005", "type": "email", "hour": 3, "external": true}
{"timestamp": "2026-06-03T08:59:55.860729", "user": "USER_005", "type": "email", "hour": 3, "external": true}
{"timestamp": "2026-06-03T08:59:55.860729", "user": "USER_005", "type": "email", "hour": 3, "external": true}
{"timestamp": "2026-06-03T08:59:55.860729", "user": "USER_005", "type": "email", "hour": 3, "external": true}
{"timestamp": "2026-06-03T08:59:55.860729", "user": "USER_005", "type": "email", "hour": 3, "external": true}
{"timestamp": "2026-06-03T08:59:55.860729", "user": "USER_005", "type": "email", "hour": 3, "external": true}
{"timestamp": "2026-06-03T08:59:55.860729", "user": "USER_005", "type": "email", "hour": 3, "external": true}
{"timestamp": "2026-06-03T08:59:55.860729", "user": "USER_005", "type": "email", "hour": 3, "external": true}
{"timestamp": "2026-06-03T08:59:55.860729", "user": "USER_005", "type": "email", "hour": 3, "external": true}
{"timestamp": "2026-06-03T08:59:55.860729", "user": "USER_005", "type": "email", "hour": 3, "external": true}
{"timestamp": "2026-06-03T08:59:56.362407", "user": "USER_014", "type": "file", "hour": 8, "filename": "doc_608.pdf"}
{"timestamp": "2026-06-03T08:59:56.863789", "user": "USER_001", "type": "email", "hour": 8, "external": true}
{"timestamp": "2026-06-03T08:59:57.366021", "user": "USER_014", "type": "email", "hour": 8, "external": false}
{"timestamp": "2026-06-03T08:59:57.867307", "user": "USER_002", "type": "email", "hour": 8, "external": false}
{"timestamp": "2026-06-03T08:59:58.370236", "user": "USER_009", "type": "file", "hour": 8, "filename": "doc_592.pdf"}
{"timestamp": "2026-06-03T08:59:58.370995", "user": "USER_002", "type": "file", "hour": 3, "filename": "sensitive_data_85.zip"}
{"timestamp": "2026-06-03T08:59:58.370995", "user": "USER_002", "type": "file", "hour": 3, "filename": "sensitive_data_91.zip"}
{"timestamp": "2026-06-03T08:59:58.370995", "user": "USER_002", "type": "file", "hour": 3, "filename": "sensitive_data_93.zip"}
{"timestamp": "2026-06-03T08:59:58.370995", "user": "USER_002", "type": "file", "hour": 3, "filename": "sensitive_data_51.zip"}
{"timestamp": "2026-06-03T08:59:58.370995", "user": "USER_002", "type": "file", "hour": 3, "filename": "sensitive_data_94.zip"}
{"timestamp": "2026-06-03T08:59:58.370995", "user": "USER_002", "type": "file", "hour": 3, "filename": "sensitive_data_72.zip"}
{"timestamp": "2026-06-03T08:59:58.370995", "user": "USER_002", "type": "file", "hour": 3, "filename": "sensitive_data_64.zip"}
{"timestamp": "2026-06-03T08:59:58.370995", "user": "USER_002", "type": "file", "hour": 3, "filename": "sensitive_data_30.zip"}
{"timestamp": "2026-06-03T08:59:58.370995", "user": "USER_002", "type": "file", "hour": 3, "filename": "sensitive_data_9.zip"}
{"timestamp": "2026-06-03T08:59:58.370995", "user": "USER_002", "type": "file", "hour": 3, "filename": "sensitive_data_75.zip"}
{"timestamp": "2026-06-03T08:59:58.370995", "user": "USER_002", "type": "file", "hour": 3, "filename": "sensitive_data_88.zip"}
{"timestamp": "2026-06-03T08:59:58.370995", "user": "USER_002", "type": "file", "hour": 3, "filename": "sensitive_data_28.zip"}
{"timestamp": "2026-06-03T08:59:58.370995", "user": "USER_002", "type": "file", "hour": 3, "filename": "sensitive_data_82.zip"}
{"timestamp": "2026-06-03T08:59:58.370995", "user": "USER_002", "type": "file", "hour": 3, "filename": "sensitive_data_65.zip"}
{"timestamp": "2026-06-03T08:59:58.370995", "user": "USER_002", "type": "file", "hour": 3, "filename": "sensitive_data_5.zip"}
{"timestamp": "2026-06-03T08:59:58.370995", "user": "USER_002", "type": "file", "hour": 3, "filename": "sensitive_data_99.zip"}
{"timestamp": "2026-06-03T08:59:58.370995", "user": "USER_002", "type": "file", "hour": 3, "filename": "sensitive_data_43.zip"}
{"timestamp": "2026-06-03T08:59:58.370995", "user": "USER_002", "type": "file", "hour": 3, "filename": "sensitive_data_5.zip"}
{"timestamp": "2026-06-03T08:59:58.370995", "user": "USER_002", "type": "file", "hour": 3, "filename": "sensitive_data_37.zip"}
{"timestamp": "2026-06-03T08:59:58.370995", "user": "USER_002", "type": "file", "hour": 3, "filename": "sensitive_data_24.zip"}
{"timestamp": "2026-06-03T08:59:58.370995", "user": "USER_002", "type": "file", "hour": 3, "filename": "sensitive_data_72.zip"}
{"timestamp": "2026-06-03T08:59:58.370995", "user": "USER_002", "type": "file", "hour": 3, "filename": "sensitive_data_79.zip"}
{"timestamp": "2026-06-03T08:59:58.370995", "user": "USER_002", "type": "file", "hour": 3, "filename": "sensitive_data_100.zip"}
{"timestamp": "2026-06-03T08:59:58.370995", "user": "USER_002", "type": "file", "hour": 3, "filename": "sensitive_data_88.zip"}
{"timestamp": "2026-06-03T08:59:58.370995", "user": "USER_002", "type": "file", "hour": 3, "filename": "sensitive_data_49.zip"}
{"timestamp": "2026-06-03T08:59:58.370995", "user": "USER_002", "type": "file", "hour": 3, "filename": "sensitive_data_1.zip"}
{"timestamp": "2026-06-03T08:59:58.370995", "user": "USER_002", "type": "file", "hour": 3, "filename": "sensitive_data_32.zip"}
{"timestamp": "2026-06-03T08:59:58.370995", "user": "USER_002", "type": "file", "hour": 3, "filename": "sensitive_data_30.zip"}
{"timestamp": "2026-06-03T08:59:58.370995", "user": "USER_002", "type": "file", "hour": 3, "filename": "sensitive_data_10.zip"}
{"timestamp": "2026-06-03T08:59:58.370995", "user": "USER_002", "type": "file", "hour": 3, "filename": "sensitive_data_84.zip"}
{"timestamp": "2026-06-03T08:59:58.370995", "user": "USER_002", "type": "file", "hour": 3, "filename": "sensitive_data_55.zip"}
{"timestamp": "2026-06-03T08:59:58.370995", "user": "USER_002", "type": "file", "hour": 3, "filename": "sensitive_data_33.zip"}
{"timestamp": "2026-06-03T08:59:58.370995", "user": "USER_002", "type": "file", "hour": 3, "filename": "sensitive_data_4.zip"}
{"timestamp": "2026-06-03T08:59:58.370995", "user": "USER_002", "type": "file", "hour": 3, "filename": "sensitive_data_13.zip"}
{"timestamp": "2026-06-03T08:59:58.370995", "user": "USER_002", "type": "file", "hour": 3, "filename": "sensitive_data_33.zip"}
{"timestamp": "2026-06-03T08:59:58.370995", "user": "USER_002", "type": "file", "hour": 3, "filename": "sensitive_data_78.zip"}
{"timestamp": "2026-06-03T08:59:58.370995", "user": "USER_002", "type": "file", "hour": 3, "filename": "sensitive_data_71.zip"}
{"timestamp": "2026-06-03T08:59:58.370995", "user": "USER_002", "type": "file", "hour": 3, "filename": "sensitive_data_37.zip"}
{"timestamp": "2026-06-03T08:59:58.370995", "user": "USER_002", "type": "file", "hour": 3, "filename": "sensitive_data_20.zip"}
{"timestamp": "2026-06-03T08:59:58.370995", "user": "USER_002", "type": "file", "hour": 3, "filename": "sensitive_data_46.zip"}
{"timestamp": "2026-06-03T08:59:58.370995", "user": "USER_002", "type": "email", "hour": 3, "external": true}
{"timestamp": "2026-06-03T08:59:58.370995", "user": "USER_002", "type": "email", "hour": 3, "external": true}
{"timestamp": "2026-06-03T08:59:58.370995", "user": "USER_002", "type": "email", "hour": 3, "external": true}
{"timestamp": "2026-06-03T08:59:58.370995", "user": "USER_002", "type": "email", "hour": 3, "external": true}
{"timestamp": "2026-06-03T08:59:58.370995", "user": "USER_002", "type": "email", "hour": 3, "external": true}
{"timestamp": "2026-06-03T08:59:58.370995", "user": "USER_002", "type": "email", "hour": 3, "external": true}
{"timestamp": "2026-06-03T08:59:58.370995", "user": "USER_002", "type": "email", "hour": 3, "external": true}
{"timestamp": "2026-06-03T08:59:58.370995", "user": "USER_002", "type": "email", "hour": 3, "external": true}
{"timestamp": "2026-06-03T08:59:58.370995", "user": "USER_002", "type": "email", "hour": 3, "external": true}
{"timestamp": "2026-06-03T08:59:58.370995", "user": "USER_002", "type": "email", "hour": 3, "external": true}
{"timestamp": "2026-06-03T08:59:58.370995", "user": "USER_002", "type": "email", "hour": 3, "external": true}
{"timestamp": "2026-06-03T08:59:58.370995", "user": "USER_002", "type": "email", "hour": 3, "external": true}
{"timestamp": "2026-06-03T08:59:58.370995", "user": "USER_002", "type": "email", "hour": 3, "external": true}
{"timestamp": "2026-06-03T08:59:58.370995", "user": "USER_002", "type": "email", "hour": 3, "external": true}
{"timestamp": "2026-06-03T08:59:58.370995", "user": "USER_002", "type": "email", "hour": 3, "external": true}
{"timestamp": "2026-06-03T08:59:58.370995", "user": "USER_002", "type": "email", "hour": 3, "external": true}
{"timestamp": "2026-06-03T08:59:58.370995", "user": "USER_002", "type": "email", "hour": 3, "external": true}
{"timestamp": "2026-06-03T08:59:58.370995", "user": "USER_002", "type": "email", "hour": 3, "external": true}
{"timestamp": "2026-06-03T08:59:58.370995", "user": "USER_002", "type": "email", "hour": 3, "external": true}
{"timestamp": "2026-06-03T08:59:58.370995", "user": "USER_002", "type": "email", "hour": 3, "external": true}
{"timestamp": "2026-06-03T08:59:58.872456", "user": "USER_019", "type": "file", "hour": 8, "filename": "doc_666.exe"}
{"timestamp": "2026-06-03T08:59:59.373534", "user": "USER_008", "type": "file", "hour": 8, "filename": "doc_352.exe"}
{"timestamp": "2026-06-03T08:59:59.874891", "user": "USER_012", "type": "file", "hour": 8, "filename": "doc_562.xlsx"}
{"timestamp": "2026-06-03T09:00:00.375984", "user": "USER_004", "type": "file", "hour": 9, "filename": "doc_724.pdf"}
{"timestamp": "2026-06-03T09:00:00.877589", "user": "USER_017", "type": "logon", "hour": 9}
{"timestamp": "2026-06-03T09:00:01.879466", "user": "USER_005", "type": "email", "hour": 9, "external": false}
{"timestamp": "2026-06-03T09:00:02.380970", "user": "USER_013", "type": "email", "hour": 9, "external": false}
{"timestamp": "2026-06-03T09:00:03.383316", "user": "USER_020", "type": "file", "hour": 9, "filename": "doc_367.zip"}
{"timestamp": "2026-06-03T09:00:03.884563", "user": "USER_006", "type": "email", "hour": 9, "external": false}
{"timestamp": "2026-06-03T09:00:04.385876", "user": "USER_019", "type": "file", "hour": 9, "filename": "doc_837.xlsx"}
{"timestamp": "2026-06-03T09:00:04.386562", "user": "USER_018", "type": "file", "hour": 3, "filename": "sensitive_data_49.zip"}
{"timestamp": "2026-06-03T09:00:04.386562", "user": "USER_018", "type": "file", "hour": 3, "filename": "sensitive_data_22.zip"}
{"timestamp": "2026-06-03T09:00:04.386562", "user": "USER_018", "type": "file", "hour": 3, "filename": "sensitive_data_32.zip"}
{"timestamp": "2026-06-03T09:00:04.386562", "user": "USER_018", "type": "file", "hour": 3, "filename": "sensitive_data_17.zip"}
{"timestamp": "2026-06-03T09:00:04.386562", "user": "USER_018", "type": "file", "hour": 3, "filename": "sensitive_data_24.zip"}
{"timestamp": "2026-06-03T09:00:04.386562", "user": "USER_018", "type": "file", "hour": 3, "filename": "sensitive_data_100.zip"}
{"timestamp": "2026-06-03T09:00:04.386562", "user": "USER_018", "type": "file", "hour": 3, "filename": "sensitive_data_8.zip"}
{"timestamp": "2026-06-03T09:00:04.386562", "user": "USER_018", "type": "file", "hour": 3, "filename": "sensitive_data_54.zip"}
{"timestamp": "2026-06-03T09:00:04.386562", "user": "USER_018", "type": "file", "hour": 3, "filename": "sensitive_data_8.zip"}
{"timestamp": "2026-06-03T09:00:04.386562", "user": "USER_018", "type": "file", "hour": 3, "filename": "sensitive_data_14.zip"}
{"timestamp": "2026-06-03T09:00:04.386562", "user": "USER_018", "type": "file", "hour": 3, "filename": "sensitive_data_93.zip"}
{"timestamp": "2026-06-03T09:00:04.386562", "user": "USER_018", "type": "file", "hour": 3, "filename": "sensitive_data_7.zip"}
{"timestamp": "2026-06-03T09:00:04.386562", "user": "USER_018", "type": "file", "hour": 3, "filename": "sensitive_data_9.zip"}
{"timestamp": "2026-06-03T09:00:04.386562", "user": "USER_018", "type": "file", "hour": 3, "filename": "sensitive_data_72.zip"}
{"timestamp": "2026-06-03T09:00:04.386562", "user": "USER_018", "type": "file", "hour": 3, "filename": "sensitive_data_78.zip"}
{"timestamp": "2026-06-03T09:00:04.386562", "user": "USER_018", "type": "file", "hour": 3, "filename": "sensitive_data_2.zip"}
{"timestamp": "2026-06-03T09:00:04.386562", "user": "USER_018", "type": "file", "hour": 3, "filename": "sensitive_data_18.zip"}
{"timestamp": "2026-06-03T09:00:04.386562", "user": "USER_018", "type": "file", "hour": 3, "filename": "sensitive_data_27.zip"}
{"timestamp": "2026-06-03T09:00:04.386562", "user": "USER_018", "type": "file", "hour": 3, "filename": "sensitive_data_8.zip"}
{"timestamp": "2026-06-03T09:00:04.386562", "user": "USER_018", "type": "file", "hour": 3, "filename": "sensitive_data_30.zip"}
{"timestamp": "2026-06-03T09:00:04.386562", "user": "USER_018", "type": "file", "hour": 3, "filename": "sensitive_data_44.zip"}
{"timestamp": "2026-06-03T09:00:04.386562", "user": "USER_018", "type": "file", "hour": 3, "filename": "sensitive_data_99.zip"}
{"timestamp": "2026-06-03T09:00:04.386562", "user": "USER_018", "type": "file", "hour": 3, "filename": "sensitive_data_80.zip"}
{"timestamp": "2026-06-03T09:00:04.386562", "user": "USER_018", "type": "file", "hour": 3, "filename": "sensitive_data_11.zip"}
{"timestamp": "2026-06-03T09:00:04.386562", "user": "USER_018", "type": "file", "hour": 3, "filename": "sensitive_data_37.zip"}
{"timestamp": "2026-06-03T09:00:04.386562", "user": "USER_018", "type": "file", "hour": 3, "filename": "sensitive_data_2.zip"}
{"timestamp": "2026-06-03T09:00:04.386562", "user": "USER_018", "type": "file", "hour": 3, "filename": "sensitive_data_57.zip"}
{"timestamp": "2026-06-03T09:00:04.386562", "user": "USER_018", "type": "file", "hour": 3, "filename": "sensitive_data_60.zip"}
{"timestamp": "2026-06-03T09:00:04.386562", "user": "USER_018", "type": "file", "hour": 3, "filename": "sensitive_data_20.zip"}
{"timestamp": "2026-06-03T09:00:04.386562", "user": "USER_018", "type": "file", "hour": 3, "filename": "sensitive_data_70.zip"}
{"timestamp": "2026-06-03T09:00:04.386562", "user": "USER_018", "type": "file", "hour": 3, "filename": "sensitive_data_30.zip"}
{"timestamp": "2026-06-03T09:00:04.386562", "user": "USER_018", "type": "file", "hour": 3, "filename": "sensitive_data_35.zip"}
{"timestamp": "2026-06-03T09:00:04.386562", "user": "USER_018", "type": "file", "hour": 3, "filename": "sensitive_data_70.zip"}
{"timestamp": "2026-06-03T09:00:04.386562", "user": "USER_018", "type": "file", "hour": 3, "filename": "sensitive_data_24.zip"}
{"timestamp": "2026-06-03T09:00:04.386562", "user": "USER_018", "type": "file", "hour": 3, "filename": "sensitive_data_60.zip"}
{"timestamp": "2026-06-03T09:00:04.386562", "user": "USER_018", "type": "file", "hour": 3, "filename": "sensitive_data_65.zip"}
{"timestamp": "2026-06-03T09:00:04.386562", "user": "USER_018", "type": "file", "hour": 3, "filename": "sensitive_data_30.zip"}
{"timestamp": "2026-06-03T09:00:04.386562", "user": "USER_018", "type": "file", "hour": 3, "filename": "sensitive_data_36.zip"}
{"timestamp": "2026-06-03T09:00:04.386562", "user": "USER_018", "type": "file", "hour": 3, "filename": "sensitive_data_32.zip"}
{"timestamp": "2026-06-03T09:00:04.386562", "user": "USER_018", "type": "file", "hour": 3, "filename": "sensitive_data_34.zip"}
{"timestamp": "2026-06-03T09:00:04.386562", "user": "USER_018", "type": "file", "hour": 3, "filename": "sensitive_data_59.zip"}
{"timestamp": "2026-06-03T09:00:04.386562", "user": "USER_018", "type": "email", "hour": 3, "external": true}
{"timestamp": "2026-06-03T09:00:04.386562", "user": "USER_018", "type": "email", "hour": 3, "external": true}
{"timestamp": "2026-06-03T09:00:04.386562", "user": "USER_018", "type": "email", "hour": 3, "external": true}
{"timestamp": "2026-06-03T09:00:04.386562", "user": "USER_018", "type": "email", "hour": 3, "external": true}
{"timestamp": "2026-06-03T09:00:04.386562", "user": "USER_018", "type": "email", "hour": 3, "external": true}
{"timestamp": "2026-06-03T09:00:04.386562", "user": "USER_018", "type": "email", "hour": 3, "external": true}
{"timestamp": "2026-06-03T09:00:04.386562", "user": "USER_018", "type": "email", "hour": 3, "external": true}
{"timestamp": "2026-06-03T09:00:04.386562", "user": "USER_018", "type": "email", "hour": 3, "external": true}
{"timestamp": "2026-06-03T09:00:04.386562", "user": "USER_018", "type": "email", "hour": 3, "external": true}
{"timestamp": "2026-06-03T09:00:04.386562", "user": "USER_018", "type": "email", "hour": 3, "external": true}
{"timestamp": "2026-06-03T09:00:04.386562", "user": "USER_018", "type": "email", "hour": 3, "external": true}
{"timestamp": "2026-06-03T09:00:04.386562", "user": "USER_018", "type": "email", "hour": 3, "external": true}
{"timestamp": "2026-06-03T09:00:04.386562", "user": "USER_018", "type": "email", "hour": 3, "external": true}
{"timestamp": "2026-06-03T09:00:04.888471", "user": "USER_007", "type": "file", "hour": 9, "filename": "doc_969.zip"}
{"timestamp": "2026-06-03T09:00:05.390296", "user": "USER_004", "type": "device", "hour": 9, "action": "connect"}
{"timestamp": "2026-06-03T09:00:05.891164", "user": "USER_003", "type": "email", "hour": 9, "external": false}
{"timestamp": "2026-06-03T09:00:06.392538", "user": "USER_017", "type": "file", "hour": 9, "filename": "doc_375.docx"}
{"timestamp": "2026-06-03T09:00:06.893768", "user": "USER_015", "type": "file", "hour": 9, "filename": "doc_404.zip"}
{"timestamp": "2026-06-03T09:00:07.395029", "user": "USER_011", "type": "email", "hour": 9, "external": false}
{"timestamp": "2026-06-03T09:00:07.896351", "user": "USER_011", "type": "email", "hour": 9, "external": true}
{"timestamp": "2026-06-03T09:00:08.398062", "user": "USER_017", "type": "logon", "hour": 9}
{"timestamp": "2026-06-03T09:00:08.901173", "user": "USER_016", "type": "email", "hour": 9, "external": false}
{"timestamp": "2026-06-03T09:00:09.404825", "user": "USER_010", "type": "device", "hour": 9, "action": "connect"}
{"timestamp": "2026-06-03T09:00:09.906180", "user": "USER_001", "type": "email", "hour": 9, "external": true}
{"timestamp": "2026-06-03T09:00:10.407280", "user": "USER_008", "type": "email", "hour": 9, "external": false}
{"timestamp": "2026-06-03T09:00:10.908288", "user": "USER_004", "type": "file", "hour": 9, "filename": "doc_396.docx"}
{"timestamp": "2026-06-03T09:00:10.909031", "user": "USER_018", "type": "file", "hour": 3, "filename": "sensitive_data_65.zip"}
{"timestamp": "2026-06-03T09:00:10.909031", "user": "USER_018", "type": "file", "hour": 3, "filename": "sensitive_data_83.zip"}
{"timestamp": "2026-06-03T09:00:10.909031", "user": "USER_018", "type": "file", "hour": 3, "filename": "sensitive_data_20.zip"}
{"timestamp": "2026-06-03T09:00:10.909031", "user": "USER_018", "type": "file", "hour": 3, "filename": "sensitive_data_61.zip"}
{"timestamp": "2026-06-03T09:00:10.909031", "user": "USER_018", "type": "file", "hour": 3, "filename": "sensitive_data_34.zip"}
{"timestamp": "2026-06-03T09:00:10.909031", "user": "USER_018", "type": "file", "hour": 3, "filename": "sensitive_data_84.zip"}
{"timestamp": "2026-06-03T09:00:10.909031", "user": "USER_018", "type": "file", "hour": 3, "filename": "sensitive_data_64.zip"}
{"timestamp": "2026-06-03T09:00:10.909031", "user": "USER_018", "type": "file", "hour": 3, "filename": "sensitive_data_2.zip"}
{"timestamp": "2026-06-03T09:00:10.909031", "user": "USER_018", "type": "file", "hour": 3, "filename": "sensitive_data_29.zip"}
{"timestamp": "2026-06-03T09:00:10.909031", "user": "USER_018", "type": "file", "hour": 3, "filename": "sensitive_data_79.zip"}
{"timestamp": "2026-06-03T09:00:10.909031", "user": "USER_018", "type": "file", "hour": 3, "filename": "sensitive_data_71.zip"}
{"timestamp": "2026-06-03T09:00:10.909031", "user": "USER_018", "type": "file", "hour": 3, "filename": "sensitive_data_89.zip"}
{"timestamp": "2026-06-03T09:00:10.909031", "user": "USER_018", "type": "file", "hour": 3, "filename": "sensitive_data_32.zip"}
{"timestamp": "2026-06-03T09:00:10.909031", "user": "USER_018", "type": "file", "hour": 3, "filename": "sensitive_data_35.zip"}
{"timestamp": "2026-06-03T09:00:10.909031", "user": "USER_018", "type": "file", "hour": 3, "filename": "sensitive_data_20.zip"}
{"timestamp": "2026-06-03T09:00:10.909031", "user": "USER_018", "type": "file", "hour": 3, "filename": "sensitive_data_3.zip"}
{"timestamp": "2026-06-03T09:00:10.909031", "user": "USER_018", "type": "file", "hour": 3, "filename": "sensitive_data_41.zip"}
{"timestamp": "2026-06-03T09:00:10.909031", "user": "USER_018", "type": "file", "hour": 3, "filename": "sensitive_data_96.zip"}
{"timestamp": "2026-06-03T09:00:10.909031", "user": "USER_018", "type": "file", "hour": 3, "filename": "sensitive_data_6.zip"}
{"timestamp": "2026-06-03T09:00:10.909031", "user": "USER_018", "type": "file", "hour": 3, "filename": "sensitive_data_98.zip"}
{"timestamp": "2026-06-03T09:00:10.909031", "user": "USER_018", "type": "file", "hour": 3, "filename": "sensitive_data_23.zip"}
{"timestamp": "2026-06-03T09:00:10.909031", "user": "USER_018", "type": "file", "hour": 3, "filename": "sensitive_data_98.zip"}
{"timestamp": "2026-06-03T09:00:10.909031", "user": "USER_018", "type": "file", "hour": 3, "filename": "sensitive_data_33.zip"}
{"timestamp": "2026-06-03T09:00:10.909031", "user": "USER_018", "type": "file", "hour": 3, "filename": "sensitive_data_87.zip"}
{"timestamp": "2026-06-03T09:00:10.909031", "user": "USER_018", "type": "file", "hour": 3, "filename": "sensitive_data_49.zip"}
{"timestamp": "2026-06-03T09:00:10.909031", "user": "USER_018", "type": "file", "hour": 3, "filename": "sensitive_data_89.zip"}
{"timestamp": "2026-06-03T09:00:10.909031", "user": "USER_018", "type": "file", "hour": 3, "filename": "sensitive_data_76.zip"}
{"timestamp": "2026-06-03T09:00:10.909031", "user": "USER_018", "type": "file", "hour": 3, "filename": "sensitive_data_20.zip"}
{"timestamp": "2026-06-03T09:00:10.909031", "user": "USER_018", "type": "file", "hour": 3, "filename": "sensitive_data_91.zip"}
{"timestamp": "2026-06-03T09:00:10.909031", "user": "USER_018", "type": "file", "hour": 3, "filename": "sensitive_data_63.zip"}
{"timestamp": "2026-06-03T09:00:10.909031", "user": "USER_018", "type": "file", "hour": 3, "filename": "sensitive_data_43.zip"}
{"timestamp": "2026-06-03T09:00:10.909031", "user": "USER_018", "type": "email", "hour": 3, "external": true}
{"timestamp": "2026-06-03T09:00:10.909031", "user": "USER_018", "type": "email", "hour": 3, "external": true}
{"timestamp": "2026-06-03T09:00:10.909031", "user": "USER_018", "type": "email", "hour": 3, "external": true}
{"timestamp": "2026-06-03T09:00:10.909031", "user": "USER_018", "type": "email", "hour": 3, "external": true}
{"timestamp": "2026-06-03T09:00:10.909031", "user": "USER_018", "type": "email", "hour": 3, "external": true}
{"timestamp": "2026-06-03T09:00:10.909031", "user": "USER_018", "type": "email", "hour": 3, "external": true}
{"timestamp": "2026-06-03T09:00:10.909031", "user": "USER_018", "type": "email", "hour": 3, "external": true}
{"timestamp": "2026-06-03T09:00:10.909031", "user": "USER_018", "type": "email", "hour": 3, "external": true}
{"timestamp": "2026-06-03T09:00:10.909031", "user": "USER_018", "type": "email", "hour": 3, "external": true}
{"timestamp": "2026-06-03T09:00:10.909031", "user": "USER_018", "type": "email", "hour": 3, "external": true}
{"timestamp": "2026-06-03T09:00:10.909031", "user": "USER_018", "type": "email", "hour": 3, "external": true}
{"timestamp": "2026-06-03T09:00:10.909031", "user": "USER_018", "type": "email", "hour": 3, "external": true}
{"timestamp": "2026-06-03T09:00:10.909031", "user": "USER_018", "type": "email", "hour": 3, "external": true}
{"timestamp": "2026-06-03T09:00:11.410752", "user": "USER_019", "type": "file", "hour": 9, "filename": "doc_121.exe"}
{"timestamp": "2026-06-03T09:00:11.912315", "user": "USER_019", "type": "email", "hour": 9, "external": true}
{"timestamp": "2026-06-03T09:00:12.413370", "user": "USER_020", "type": "logon", "hour": 9}
{"timestamp": "2026-06-03T09:00:12.914691", "user": "USER_006", "type": "file", "hour": 9, "filename": "doc_841.xlsx"}
{"timestamp": "2026-06-03T09:00:13.416151", "user": "USER_016", "type": "file", "hour": 9, "filename": "doc_476.exe"}
{"timestamp": "2026-06-03T09:00:13.919612", "user": "USER_005", "type": "file", "hour": 9, "filename": "doc_491.zip"}
{"timestamp": "2026-06-03T09:00:14.420944", "user": "USER_018", "type": "email", "hour": 9, "external": true}
{"timestamp": "2026-06-03T09:00:14.421548", "user": "USER_011", "type": "file", "hour": 3, "filename": "sensitive_data_78.zip"}
{"timestamp": "2026-06-03T09:00:14.421548", "user": "USER_011", "type": "file", "hour": 3, "filename": "sensitive_data_99.zip"}
{"timestamp": "2026-06-03T09:00:14.421548", "user": "USER_011", "type": "file", "hour": 3, "filename": "sensitive_data_65.zip"}
{"timestamp": "2026-06-03T09:00:14.421548", "user": "USER_011", "type": "file", "hour": 3, "filename": "sensitive_data_87.zip"}
{"timestamp": "2026-06-03T09:00:14.421548", "user": "USER_011", "type": "file", "hour": 3, "filename": "sensitive_data_69.zip"}
{"timestamp": "2026-06-03T09:00:14.421548", "user": "USER_011", "type": "file", "hour": 3, "filename": "sensitive_data_69.zip"}
{"timestamp": "2026-06-03T09:00:14.421548", "user": "USER_011", "type": "file", "hour": 3, "filename": "sensitive_data_39.zip"}
{"timestamp": "2026-06-03T09:00:14.421548", "user": "USER_011", "type": "file", "hour": 3, "filename": "sensitive_data_27.zip"}
{"timestamp": "2026-06-03T09:00:14.421548", "user": "USER_011", "type": "file", "hour": 3, "filename": "sensitive_data_27.zip"}
{"timestamp": "2026-06-03T09:00:14.421548", "user": "USER_011", "type": "file", "hour": 3, "filename": "sensitive_data_52.zip"}
{"timestamp": "2026-06-03T09:00:14.421548", "user": "USER_011", "type": "file", "hour": 3, "filename": "sensitive_data_5.zip"}
{"timestamp": "2026-06-03T09:00:14.421548", "user": "USER_011", "type": "file", "hour": 3, "filename": "sensitive_data_16.zip"}
{"timestamp": "2026-06-03T09:00:14.421548", "user": "USER_011", "type": "file", "hour": 3, "filename": "sensitive_data_38.zip"}
{"timestamp": "2026-06-03T09:00:14.421548", "user": "USER_011", "type": "file", "hour": 3, "filename": "sensitive_data_100.zip"}
{"timestamp": "2026-06-03T09:00:14.421548", "user": "USER_011", "type": "file", "hour": 3, "filename": "sensitive_data_26.zip"}
{"timestamp": "2026-06-03T09:00:14.421548", "user": "USER_011", "type": "file", "hour": 3, "filename": "sensitive_data_42.zip"}
{"timestamp": "2026-06-03T09:00:14.421548", "user": "USER_011", "type": "file", "hour": 3, "filename": "sensitive_data_75.zip"}
{"timestamp": "2026-06-03T09:00:14.421548", "user": "USER_011", "type": "file", "hour": 3, "filename": "sensitive_data_51.zip"}
{"timestamp": "2026-06-03T09:00:14.421548", "user": "USER_011", "type": "file", "hour": 3, "filename": "sensitive_data_2.zip"}
{"timestamp": "2026-06-03T09:00:14.421548", "user": "USER_011", "type": "file", "hour": 3, "filename": "sensitive_data_38.zip"}
{"timestamp": "2026-06-03T09:00:14.421548", "user": "USER_011", "type": "file", "hour": 3, "filename": "sensitive_data_80.zip"}
{"timestamp": "2026-06-03T09:00:14.421548", "user": "USER_011", "type": "file", "hour": 3, "filename": "sensitive_data_47.zip"}
{"timestamp": "2026-06-03T09:00:14.421548", "user": "USER_011", "type": "file", "hour": 3, "filename": "sensitive_data_42.zip"}
{"timestamp": "2026-06-03T09:00:14.421548", "user": "USER_011", "type": "file", "hour": 3, "filename": "sensitive_data_78.zip"}
{"timestamp": "2026-06-03T09:00:14.421548", "user": "USER_011", "type": "file", "hour": 3, "filename": "sensitive_data_89.zip"}
{"timestamp": "2026-06-03T09:00:14.421548", "user": "USER_011", "type": "file", "hour": 3, "filename": "sensitive_data_60.zip"}
{"timestamp": "2026-06-03T09:00:14.421548", "user": "USER_011", "type": "file", "hour": 3, "filename": "sensitive_data_5.zip"}
{"timestamp": "2026-06-03T09:00:14.421548", "user": "USER_011", "type": "file", "hour": 3, "filename": "sensitive_data_30.zip"}
{"timestamp": "2026-06-03T09:00:14.421548", "user": "USER_011", "type": "file", "hour": 3, "filename": "sensitive_data_58.zip"}
{"timestamp": "2026-06-03T09:00:14.421548", "user": "USER_011", "type": "file", "hour": 3, "filename": "sensitive_data_87.zip"}
{"timestamp": "2026-06-03T09:00:14.421548", "user": "USER_011", "type": "file", "hour": 3, "filename": "sensitive_data_82.zip"}
{"timestamp": "2026-06-03T09:00:14.421548", "user": "USER_011", "type": "file", "hour": 3, "filename": "sensitive_data_72.zip"}
{"timestamp": "2026-06-03T09:00:14.421548", "user": "USER_011", "type": "file", "hour": 3, "filename": "sensitive_data_31.zip"}
{"timestamp": "2026-06-03T09:00:14.421548", "user": "USER_011", "type": "file", "hour": 3, "filename": "sensitive_data_93.zip"}
{"timestamp": "2026-06-03T09:00:14.421548", "user": "USER_011", "type": "file", "hour": 3, "filename": "sensitive_data_66.zip"}
{"timestamp": "2026-06-03T09:00:14.421548", "user": "USER_011", "type": "file", "hour": 3, "filename": "sensitive_data_73.zip"}
{"timestamp": "2026-06-03T09:00:14.421548", "user": "USER_011", "type": "file", "hour": 3, "filename": "sensitive_data_56.zip"}
{"timestamp": "2026-06-03T09:00:14.421548", "user": "USER_011", "type": "file", "hour": 3, "filename": "sensitive_data_1.zip"}
{"timestamp": "2026-06-03T09:00:14.421548", "user": "USER_011", "type": "file", "hour": 3, "filename": "sensitive_data_48.zip"}
{"timestamp": "2026-06-03T09:00:14.421548", "user": "USER_011", "type": "file", "hour": 3, "filename": "sensitive_data_7.zip"}
{"timestamp": "2026-06-03T09:00:14.421548", "user": "USER_011", "type": "email", "hour": 3, "external": true}
{"timestamp": "2026-06-03T09:00:14.421548", "user": "USER_011", "type": "email", "hour": 3, "external": true}
{"timestamp": "2026-06-03T09:00:14.421548", "user": "USER_011", "type": "email", "hour": 3, "external": true}
{"timestamp": "2026-06-03T09:00:14.421548", "user": "USER_011", "type": "email", "hour": 3, "external": true}
{"timestamp": "2026-06-03T09:00:14.421548", "user": "USER_011", "type": "email", "hour": 3, "external": true}
{"timestamp": "2026-06-03T09:00:14.421548", "user": "USER_011", "type": "email", "hour": 3, "external": true}
{"timestamp": "2026-06-03T09:00:14.421548", "user": "USER_011", "type": "email", "hour": 3, "external": true}
{"timestamp": "2026-06-03T09:00:14.421548", "user": "USER_011", "type": "email", "hour": 3, "external": true}
{"timestamp": "2026-06-03T09:00:14.421548", "user": "USER_011", "type": "email", "hour": 3, "external": true}
{"timestamp": "2026-06-03T09:00:14.421548", "user": "USER_011", "type": "email", "hour": 3, "external": true}
{"timestamp": "2026-06-03T09:00:14.421548", "user": "USER_011", "type": "email", "hour": 3, "external": true}
{"timestamp": "2026-06-03T09:00:14.421548", "user": "USER_011", "type": "email", "hour": 3, "external": true}
{"timestamp": "2026-06-03T09:00:14.421548", "user": "USER_011", "type": "email", "hour": 3, "external": true}
{"timestamp": "2026-06-03T09:00:14.421548", "user": "USER_011", "type": "email", "hour": 3, "external": true}
{"timestamp": "2026-06-03T09:00:15.424567", "user": "USER_017", "type": "file", "hour": 9, "filename": "doc_548.exe"}
{"timestamp": "2026-06-03T09:00:16.426321", "user": "USER_009", "type": "device", "hour": 9, "action": "disconnect"}
{"timestamp": "2026-06-03T09:00:16.927590", "user": "USER_008", "type": "logon", "hour": 9}
{"timestamp": "2026-06-03T09:00:17.428620", "user": "USER_020", "type": "email", "hour": 9, "external": false}
{"timestamp": "2026-06-03T09:00:18.431561", "user": "USER_009", "type": "device", "hour": 9, "action": "disconnect"}
{"timestamp": "2026-06-03T09:00:18.934004", "user": "USER_016", "type": "device", "hour": 9, "action": "disconnect"}
{"timestamp": "2026-06-03T09:00:19.939817", "user": "USER_019", "type": "file", "hour": 9, "filename": "doc_100.pdf"}
{"timestamp": "2026-06-03T09:00:20.441742", "user": "USER_001", "type": "file", "hour": 9, "filename": "doc_351.exe"}
{"timestamp": "2026-06-03T09:00:20.942927", "user": "USER_012", "type": "email", "hour": 9, "external": true}
{"timestamp": "2026-06-03T09:00:21.444577", "user": "USER_010", "type": "file", "hour": 9, "filename": "doc_518.exe"}
{"timestamp": "2026-06-03T09:00:21.946367", "user": "USER_002", "type": "email", "hour": 9, "external": false}
{"timestamp": "2026-06-03T09:00:22.448791", "user": "USER_012", "type": "email", "hour": 9, "external": false}
{"timestamp": "2026-06-03T09:00:22.951836", "user": "USER_007", "type": "logon", "hour": 9}
{"timestamp": "2026-06-03T09:00:23.954907", "user": "USER_020", "type": "file", "hour": 9, "filename": "doc_584.exe"}
{"timestamp": "2026-06-03T09:00:24.456632", "user": "USER_012", "type": "email", "hour": 9, "external": false}
{"timestamp": "2026-06-03T09:00:25.459322", "user": "USER_014", "type": "device", "hour": 9, "action": "connect"}
{"timestamp": "2026-06-03T09:00:25.961246", "user": "USER_010", "type": "email", "hour": 9, "external": true}
{"timestamp": "2026-06-03T09:00:26.463019", "user": "USER_017", "type": "email", "hour": 9, "external": false}
{"timestamp": "2026-06-03T09:00:26.965591", "user": "USER_019", "type": "file", "hour": 9, "filename": "doc_102.xlsx"}
{"timestamp": "2026-06-03T09:00:27.468642", "user": "USER_013", "type": "logon", "hour": 9}
{"timestamp": "2026-06-03T09:00:28.471265", "user": "USER_008", "type": "email", "hour": 9, "external": false}
{"timestamp": "2026-06-03T09:00:28.972678", "user": "USER_005", "type": "email", "hour": 9, "external": false}
{"timestamp": "2026-06-03T09:00:29.974250", "user": "USER_005", "type": "email", "hour": 9, "external": false}
{"timestamp": "2026-06-03T09:00:30.475816", "user": "USER_010", "type": "logon", "hour": 9}
{"timestamp": "2026-06-03T09:00:30.977316", "user": "USER_020", "type": "email", "hour": 9, "external": false}
{"timestamp": "2026-06-03T09:00:31.979462", "user": "USER_002", "type": "email", "hour": 9, "external": false}
{"timestamp": "2026-06-03T09:00:32.481165", "user": "USER_014", "type": "file", "hour": 9, "filename": "doc_808.xlsx"}
{"timestamp": "2026-06-03T09:00:33.485253", "user": "USER_017", "type": "file", "hour": 9, "filename": "doc_828.docx"}
{"timestamp": "2026-06-03T09:00:33.987060", "user": "USER_010", "type": "email", "hour": 9, "external": false}
{"timestamp": "2026-06-03T09:00:34.488039", "user": "USER_011", "type": "email", "hour": 9, "external": false}
{"timestamp": "2026-06-03T09:00:35.489264", "user": "USER_005", "type": "logon", "hour": 9}
{"timestamp": "2026-06-03T09:00:36.993770", "user": "USER_011", "type": "file", "hour": 9, "filename": "doc_236.docx"}
{"timestamp": "2026-06-03T09:00:37.495583", "user": "USER_014", "type": "email", "hour": 9, "external": false}
{"timestamp": "2026-06-03T09:00:37.997375", "user": "USER_007", "type": "file", "hour": 9, "filename": "doc_984.exe"}
{"timestamp": "2026-06-03T09:00:38.499184", "user": "USER_009", "type": "file", "hour": 9, "filename": "doc_811.exe"}
{"timestamp": "2026-06-03T09:00:39.501817", "user": "USER_016", "type": "email", "hour": 9, "external": true}
{"timestamp": "2026-06-03T09:00:40.505011", "user": "USER_009", "type": "file", "hour": 9, "filename": "doc_723.xlsx"}
{"timestamp": "2026-06-03T09:00:41.006210", "user": "USER_011", "type": "file", "hour": 9, "filename": "doc_689.pdf"}
{"timestamp": "2026-06-03T09:00:41.507906", "user": "USER_008", "type": "email", "hour": 9, "external": true}
{"timestamp": "2026-06-03T09:00:42.009666", "user": "USER_006", "type": "logon", "hour": 9}
{"timestamp": "2026-06-03T09:00:42.511372", "user": "USER_003", "type": "email", "hour": 9, "external": false}
{"timestamp": "2026-06-03T09:00:43.014895", "user": "USER_005", "type": "email", "hour": 9, "external": true}
{"timestamp": "2026-06-03T09:00:43.517349", "user": "USER_002", "type": "email", "hour": 9, "external": false}
{"timestamp": "2026-06-03T09:00:44.019038", "user": "USER_018", "type": "file", "hour": 9, "filename": "doc_259.docx"}
{"timestamp": "2026-06-03T09:00:44.520086", "user": "USER_001", "type": "logon", "hour": 9}
{"timestamp": "2026-06-03T09:00:45.021008", "user": "USER_016", "type": "email", "hour": 9, "external": false}
{"timestamp": "2026-06-03T09:00:45.522055", "user": "USER_004", "type": "file", "hour": 9, "filename": "doc_981.zip"}
{"timestamp": "2026-06-03T09:00:46.023262", "user": "USER_013", "type": "logon", "hour": 9}
{"timestamp": "2026-06-03T09:00:46.524688", "user": "USER_009", "type": "file", "hour": 9, "filename": "doc_178.xlsx"}
{"timestamp": "2026-06-03T09:00:47.025943", "user": "USER_001", "type": "logon", "hour": 9}
{"timestamp": "2026-06-03T09:00:47.527788", "user": "USER_018", "type": "email", "hour": 9, "external": false}
{"timestamp": "2026-06-03T09:00:48.029645", "user": "USER_020", "type": "device", "hour": 9, "action": "connect"}
{"timestamp": "2026-06-03T09:00:48.531315", "user": "USER_016", "type": "email", "hour": 9, "external": true}
{"timestamp": "2026-06-03T09:00:49.033343", "user": "USER_005", "type": "email", "hour": 9, "external": false}
{"timestamp": "2026-06-03T09:00:50.036776", "user": "USER_016", "type": "device", "hour": 9, "action": "connect"}
{"timestamp": "2026-06-03T09:00:50.537779", "user": "USER_010", "type": "email", "hour": 9, "external": true}
{"timestamp": "2026-06-03T09:00:51.039235", "user": "USER_020", "type": "email", "hour": 9, "external": false}
{"timestamp": "2026-06-03T09:00:51.540692", "user": "USER_010", "type": "file", "hour": 9, "filename": "doc_211.exe"}
{"timestamp": "2026-06-03T09:00:52.042237", "user": "USER_013", "type": "file", "hour": 9, "filename": "doc_872.xlsx"}
{"timestamp": "2026-06-03T09:00:52.544309", "user": "USER_002", "type": "device", "hour": 9, "action": "connect"}
{"timestamp": "2026-06-03T09:00:53.045594", "user": "USER_003", "type": "logon", "hour": 9}
{"timestamp": "2026-06-03T09:00:53.547186", "user": "USER_007", "type": "file", "hour": 9, "filename": "doc_293.docx"}
{"timestamp": "2026-06-03T09:00:54.049585", "user": "USER_005", "type": "file", "hour": 9, "filename": "doc_553.zip"}
{"timestamp": "2026-06-03T09:00:54.555728", "user": "USER_002", "type": "file", "hour": 9, "filename": "doc_346.pdf"}
{"timestamp": "2026-06-03T09:00:55.557418", "user": "USER_005", "type": "email", "hour": 9, "external": false}
{"timestamp": "2026-06-03T09:00:56.058195", "user": "USER_004", "type": "logon", "hour": 9}
{"timestamp": "2026-06-03T09:00:56.559440", "user": "USER_015", "type": "logon", "hour": 9}
{"timestamp": "2026-06-03T09:00:57.061298", "user": "USER_010", "type": "email", "hour": 9, "external": false}
{"timestamp": "2026-06-03T09:00:57.562800", "user": "USER_001", "type": "device", "hour": 9, "action": "connect"}
{"timestamp": "2026-06-03T09:00:58.064000", "user": "USER_018", "type": "device", "hour": 9, "action": "disconnect"}
{"timestamp": "2026-06-03T09:00:58.565833", "user": "USER_014", "type": "file", "hour": 9, "filename": "doc_179.zip"}
{"timestamp": "2026-06-03T09:00:59.068503", "user": "USER_006", "type": "file", "hour": 9, "filename": "doc_118.docx"}
{"timestamp": "2026-06-03T09:00:59.570648", "user": "USER_011", "type": "file", "hour": 9, "filename": "doc_453.docx"}
{"timestamp": "2026-06-03T09:01:00.573322", "user": "USER_015", "type": "email", "hour": 9, "external": false}
{"timestamp": "2026-06-03T09:01:01.575411", "user": "USER_017", "type": "email", "hour": 9, "external": false}
{"timestamp": "2026-06-03T09:01:02.077353", "user": "USER_011", "type": "email", "hour": 9, "external": true}
{"timestamp": "2026-06-03T09:01:02.579840", "user": "USER_013", "type": "email", "hour": 9, "external": false}
{"timestamp": "2026-06-03T09:01:03.082929", "user": "USER_001", "type": "email", "hour": 9, "external": false}
{"timestamp": "2026-06-03T09:01:03.585164", "user": "USER_002", "type": "file", "hour": 9, "filename": "doc_846.docx"}
{"timestamp": "2026-06-03T09:01:04.087184", "user": "USER_017", "type": "logon", "hour": 9}
{"timestamp": "2026-06-03T09:01:04.588453", "user": "USER_008", "type": "email", "hour": 9, "external": false}
{"timestamp": "2026-06-03T09:01:05.090607", "user": "USER_012", "type": "file", "hour": 9, "filename": "doc_389.zip"}
{"timestamp": "2026-06-03T09:01:06.092741", "user": "USER_002", "type": "file", "hour": 9, "filename": "doc_138.exe"}
{"timestamp": "2026-06-03T09:01:06.594782", "user": "USER_005", "type": "file", "hour": 9, "filename": "doc_773.docx"}
{"timestamp": "2026-06-03T09:01:07.597899", "user": "USER_009", "type": "email", "hour": 9, "external": false}
{"timestamp": "2026-06-03T09:01:08.099905", "user": "USER_018", "type": "file", "hour": 9, "filename": "doc_260.pdf"}
{"timestamp": "2026-06-03T09:01:09.103206", "user": "USER_002", "type": "file", "hour": 9, "filename": "doc_772.zip"}
{"timestamp": "2026-06-03T09:01:09.604636", "user": "USER_018", "type": "file", "hour": 9, "filename": "doc_678.zip"}
{"timestamp": "2026-06-03T09:01:10.106314", "user": "USER_015", "type": "file", "hour": 9, "filename": "doc_855.docx"}
{"timestamp": "2026-06-03T09:01:10.607707", "user": "USER_005", "type": "email", "hour": 9, "external": false}
{"timestamp": "2026-06-03T09:01:11.109559", "user": "USER_018", "type": "logon", "hour": 9}
{"timestamp": "2026-06-03T09:01:11.611445", "user": "USER_009", "type": "file", "hour": 9, "filename": "doc_293.docx"}
{"timestamp": "2026-06-03T09:01:12.114028", "user": "USER_005", "type": "file", "hour": 9, "filename": "doc_865.docx"}
{"timestamp": "2026-06-03T09:01:12.615518", "user": "USER_018", "type": "email", "hour": 9, "external": false}
{"timestamp": "2026-06-03T09:01:12.616641", "user": "USER_005", "type": "file", "hour": 3, "filename": "sensitive_data_7.zip"}
{"timestamp": "2026-06-03T09:01:12.616641", "user": "USER_005", "type": "file", "hour": 3, "filename": "sensitive_data_83.zip"}
{"timestamp": "2026-06-03T09:01:12.616641", "user": "USER_005", "type": "file", "hour": 3, "filename": "sensitive_data_53.zip"}
{"timestamp": "2026-06-03T09:01:12.616641", "user": "USER_005", "type": "file", "hour": 3, "filename": "sensitive_data_52.zip"}
{"timestamp": "2026-06-03T09:01:12.616641", "user": "USER_005", "type": "file", "hour": 3, "filename": "sensitive_data_87.zip"}
{"timestamp": "2026-06-03T09:01:12.616641", "user": "USER_005", "type": "file", "hour": 3, "filename": "sensitive_data_90.zip"}
{"timestamp": "2026-06-03T09:01:12.616641", "user": "USER_005", "type": "file", "hour": 3, "filename": "sensitive_data_1.zip"}
{"timestamp": "2026-06-03T09:01:12.616641", "user": "USER_005", "type": "file", "hour": 3, "filename": "sensitive_data_22.zip"}
{"timestamp": "2026-06-03T09:01:12.616641", "user": "USER_005", "type": "file", "hour": 3, "filename": "sensitive_data_78.zip"}
{"timestamp": "2026-06-03T09:01:12.616641", "user": "USER_005", "type": "file", "hour": 3, "filename": "sensitive_data_33.zip"}
{"timestamp": "2026-06-03T09:01:12.616641", "user": "USER_005", "type": "file", "hour": 3, "filename": "sensitive_data_51.zip"}
{"timestamp": "2026-06-03T09:01:12.616641", "user": "USER_005", "type": "file", "hour": 3, "filename": "sensitive_data_71.zip"}
{"timestamp": "2026-06-03T09:01:12.616641", "user": "USER_005", "type": "file", "hour": 3, "filename": "sensitive_data_72.zip"}
{"timestamp": "2026-06-03T09:01:12.616641", "user": "USER_005", "type": "file", "hour": 3, "filename": "sensitive_data_3.zip"}
{"timestamp": "2026-06-03T09:01:12.616641", "user": "USER_005", "type": "file", "hour": 3, "filename": "sensitive_data_6.zip"}
{"timestamp": "2026-06-03T09:01:12.616641", "user": "USER_005", "type": "file", "hour": 3, "filename": "sensitive_data_30.zip"}
{"timestamp": "2026-06-03T09:01:12.616641", "user": "USER_005", "type": "file", "hour": 3, "filename": "sensitive_data_49.zip"}
{"timestamp": "2026-06-03T09:01:12.616641", "user": "USER_005", "type": "file", "hour": 3, "filename": "sensitive_data_47.zip"}
{"timestamp": "2026-06-03T09:01:12.616641", "user": "USER_005", "type": "file", "hour": 3, "filename": "sensitive_data_85.zip"}
{"timestamp": "2026-06-03T09:01:12.616641", "user": "USER_005", "type": "file", "hour": 3, "filename": "sensitive_data_71.zip"}
{"timestamp": "2026-06-03T09:01:12.616641", "user": "USER_005", "type": "file", "hour": 3, "filename": "sensitive_data_4.zip"}
{"timestamp": "2026-06-03T09:01:12.616641", "user": "USER_005", "type": "file", "hour": 3, "filename": "sensitive_data_38.zip"}
{"timestamp": "2026-06-03T09:01:12.616641", "user": "USER_005", "type": "file", "hour": 3, "filename": "sensitive_data_56.zip"}
{"timestamp": "2026-06-03T09:01:12.616641", "user": "USER_005", "type": "file", "hour": 3, "filename": "sensitive_data_90.zip"}
{"timestamp": "2026-06-03T09:01:12.616641", "user": "USER_005", "type": "file", "hour": 3, "filename": "sensitive_data_12.zip"}
{"timestamp": "2026-06-03T09:01:12.616641", "user": "USER_005", "type": "file", "hour": 3, "filename": "sensitive_data_30.zip"}
{"timestamp": "2026-06-03T09:01:12.616641", "user": "USER_005", "type": "file", "hour": 3, "filename": "sensitive_data_3.zip"}
{"timestamp": "2026-06-03T09:01:12.616641", "user": "USER_005", "type": "file", "hour": 3, "filename": "sensitive_data_45.zip"}
{"timestamp": "2026-06-03T09:01:12.616641", "user": "USER_005", "type": "file", "hour": 3, "filename": "sensitive_data_4.zip"}
{"timestamp": "2026-06-03T09:01:12.616641", "user": "USER_005", "type": "file", "hour": 3, "filename": "sensitive_data_61.zip"}
{"timestamp": "2026-06-03T09:01:12.616641", "user": "USER_005", "type": "file", "hour": 3, "filename": "sensitive_data_64.zip"}
{"timestamp": "2026-06-03T09:01:12.616641", "user": "USER_005", "type": "file", "hour": 3, "filename": "sensitive_data_97.zip"}
{"timestamp": "2026-06-03T09:01:12.616641", "user": "USER_005", "type": "file", "hour": 3, "filename": "sensitive_data_40.zip"}
{"timestamp": "2026-06-03T09:01:12.616641", "user": "USER_005", "type": "file", "hour": 3, "filename": "sensitive_data_17.zip"}
{"timestamp": "2026-06-03T09:01:12.616641", "user": "USER_005", "type": "file", "hour": 3, "filename": "sensitive_data_25.zip"}
{"timestamp": "2026-06-03T09:01:12.616641", "user": "USER_005", "type": "file", "hour": 3, "filename": "sensitive_data_86.zip"}
{"timestamp": "2026-06-03T09:01:12.616641", "user": "USER_005", "type": "email", "hour": 3, "external": true}
{"timestamp": "2026-06-03T09:01:12.616641", "user": "USER_005", "type": "email", "hour": 3, "external": true}
{"timestamp": "2026-06-03T09:01:12.616641", "user": "USER_005", "type": "email", "hour": 3, "external": true}
{"timestamp": "2026-06-03T09:01:12.616641", "user": "USER_005", "type": "email", "hour": 3, "external": true}
{"timestamp": "2026-06-03T09:01:12.616641", "user": "USER_005", "type": "email", "hour": 3, "external": true}
{"timestamp": "2026-06-03T09:01:12.616641", "user": "USER_005", "type": "email", "hour": 3, "external": true}
{"timestamp": "2026-06-03T09:01:12.616641", "user": "USER_005", "type": "email", "hour": 3, "external": true}
{"timestamp": "2026-06-03T09:01:12.616641", "user": "USER_005", "type": "email", "hour": 3, "external": true}
{"timestamp": "2026-06-03T09:01:12.616641", "user": "USER_005", "type": "email", "hour": 3, "external": true}
{"timestamp": "2026-06-03T09:01:12.616641", "user": "USER_005", "type": "email", "hour": 3, "external": true}
{"timestamp": "2026-06-03T09:01:12.616641", "user": "USER_005", "type": "email", "hour": 3, "external": true}
{"timestamp": "2026-06-03T09:01:12.616641", "user": "USER_005", "type": "email", "hour": 3, "external": true}
{"timestamp": "2026-06-03T09:01:12.616641", "user": "USER_005", "type": "email", "hour": 3, "external": true}
{"timestamp": "2026-06-03T09:01:12.616641", "user": "USER_005", "type": "email", "hour": 3, "external": true}
{"timestamp": "2026-06-03T09:01:13.118818", "user": "USER_014", "type": "device", "hour": 9, "action": "disconnect"}
{"timestamp": "2026-06-03T09:01:13.621085", "user": "USER_012", "type": "email", "hour": 9, "external": false}
{"timestamp": "2026-06-03T09:01:14.122749", "user": "USER_008", "type": "file", "hour": 9, "filename": "doc_995.exe"}
{"timestamp": "2026-06-03T09:01:14.623944", "user": "USER_009", "type": "file", "hour": 9, "filename": "doc_181.exe"}
{"timestamp": "2026-06-03T09:01:15.125578", "user": "USER_015", "type": "file", "hour": 9, "filename": "doc_243.docx"}
{"timestamp": "2026-06-03T09:01:15.627208", "user": "USER_012", "type": "logon", "hour": 9}
{"timestamp": "2026-06-03T09:01:16.129103", "user": "USER_010", "type": "email", "hour": 9, "external": false}
{"timestamp": "2026-06-03T09:01:16.630612", "user": "USER_013", "type": "email", "hour": 9, "external": true}
{"timestamp": "2026-06-03T09:01:17.131821", "user": "USER_004", "type": "email", "hour": 9, "external": true}
{"timestamp": "2026-06-03T09:01:17.633991", "user": "USER_011", "type": "email", "hour": 9, "external": true}
{"timestamp": "2026-06-03T09:01:18.138519", "user": "USER_004", "type": "device", "hour": 9, "action": "disconnect"}
{"timestamp": "2026-06-03T09:01:18.639554", "user": "USER_001", "type": "file", "hour": 9, "filename": "doc_238.pdf"}
{"timestamp": "2026-06-03T09:01:19.140432", "user": "USER_014", "type": "file", "hour": 9, "filename": "doc_428.pdf"}
{"timestamp": "2026-06-03T09:01:19.641251", "user": "USER_017", "type": "file", "hour": 9, "filename": "doc_739.xlsx"}
{"timestamp": "2026-06-03T09:01:21.144330", "user": "USER_003", "type": "file", "hour": 9, "filename": "doc_231.zip"}
{"timestamp": "2026-06-03T09:01:22.146579", "user": "USER_017", "type": "email", "hour": 9, "external": false}
{"timestamp": "2026-06-03T09:01:23.149938", "user": "USER_005", "type": "email", "hour": 9, "external": false}
{"timestamp": "2026-06-03T09:01:23.652340", "user": "USER_017", "type": "device", "hour": 9, "action": "connect"}
{"timestamp": "2026-06-03T09:01:24.153695", "user": "USER_008", "type": "device", "hour": 9, "action": "connect"}
{"timestamp": "2026-06-03T09:01:24.655215", "user": "USER_011", "type": "email", "hour": 9, "external": false}
{"timestamp": "2026-06-03T09:01:25.156366", "user": "USER_011", "type": "email", "hour": 9, "external": false}
{"timestamp": "2026-06-03T09:01:25.657391", "user": "USER_020", "type": "email", "hour": 9, "external": false}
{"timestamp": "2026-06-03T09:01:26.159246", "user": "USER_002", "type": "file", "hour": 9, "filename": "doc_692.pdf"}
{"timestamp": "2026-06-03T09:01:26.660476", "user": "USER_006", "type": "email", "hour": 9, "external": false}
{"timestamp": "2026-06-03T09:01:27.161484", "user": "USER_006", "type": "email", "hour": 9, "external": true}
{"timestamp": "2026-06-03T09:01:27.662709", "user": "USER_017", "type": "device", "hour": 9, "action": "connect"}
{"timestamp": "2026-06-03T09:01:28.665353", "user": "USER_007", "type": "file", "hour": 9, "filename": "doc_575.xlsx"}
{"timestamp": "2026-06-03T09:01:29.167579", "user": "USER_013", "type": "email", "hour": 9, "external": false}
{"timestamp": "2026-06-03T09:01:29.669636", "user": "USER_003", "type": "email", "hour": 9, "external": false}
{"timestamp": "2026-06-03T09:01:30.171577", "user": "USER_003", "type": "device", "hour": 9, "action": "connect"}
{"timestamp": "2026-06-03T09:01:31.173703", "user": "USER_015", "type": "email", "hour": 9, "external": false}
{"timestamp": "2026-06-03T09:01:31.675160", "user": "USER_006", "type": "file", "hour": 9, "filename": "doc_406.xlsx"}
{"timestamp": "2026-06-03T09:01:32.176430", "user": "USER_010", "type": "file", "hour": 9, "filename": "doc_816.xlsx"}
{"timestamp": "2026-06-03T09:01:33.679263", "user": "USER_009", "type": "file", "hour": 9, "filename": "doc_657.pdf"}
{"timestamp": "2026-06-03T09:01:34.180398", "user": "USER_016", "type": "file", "hour": 9, "filename": "doc_638.docx"}
{"timestamp": "2026-06-03T09:01:34.682064", "user": "USER_020", "type": "device", "hour": 9, "action": "connect"}
{"timestamp": "2026-06-03T09:01:35.184335", "user": "USER_002", "type": "email", "hour": 9, "external": false}
{"timestamp": "2026-06-03T09:01:35.687510", "user": "USER_013", "type": "logon", "hour": 9}
{"timestamp": "2026-06-03T09:01:36.189372", "user": "USER_012", "type": "logon", "hour": 9}
{"timestamp": "2026-06-03T09:01:36.690545", "user": "USER_012", "type": "email", "hour": 9, "external": false}
{"timestamp": "2026-06-03T09:01:37.191696", "user": "USER_008", "type": "file", "hour": 9, "filename": "doc_831.exe"}
{"timestamp": "2026-06-03T09:01:37.693229", "user": "USER_003", "type": "file", "hour": 9, "filename": "doc_799.zip"}
{"timestamp": "2026-06-03T09:01:38.194274", "user": "USER_014", "type": "file", "hour": 9, "filename": "doc_440.zip"}
{"timestamp": "2026-06-03T09:01:38.696333", "user": "USER_019", "type": "file", "hour": 9, "filename": "doc_448.pdf"}
{"timestamp": "2026-06-03T09:01:38.697217", "user": "USER_016", "type": "file", "hour": 3, "filename": "sensitive_data_70.zip"}
{"timestamp": "2026-06-03T09:01:38.697217", "user": "USER_016", "type": "file", "hour": 3, "filename": "sensitive_data_93.zip"}
{"timestamp": "2026-06-03T09:01:38.697217", "user": "USER_016", "type": "file", "hour": 3, "filename": "sensitive_data_32.zip"}
{"timestamp": "2026-06-03T09:01:38.697217", "user": "USER_016", "type": "file", "hour": 3, "filename": "sensitive_data_87.zip"}
{"timestamp": "2026-06-03T09:01:38.697217", "user": "USER_016", "type": "file", "hour": 3, "filename": "sensitive_data_80.zip"}
{"timestamp": "2026-06-03T09:01:38.697217", "user": "USER_016", "type": "file", "hour": 3, "filename": "sensitive_data_44.zip"}
{"timestamp": "2026-06-03T09:01:38.697217", "user": "USER_016", "type": "file", "hour": 3, "filename": "sensitive_data_50.zip"}
{"timestamp": "2026-06-03T09:01:38.697217", "user": "USER_016", "type": "file", "hour": 3, "filename": "sensitive_data_35.zip"}
{"timestamp": "2026-06-03T09:01:38.697217", "user": "USER_016", "type": "file", "hour": 3, "filename": "sensitive_data_55.zip"}
{"timestamp": "2026-06-03T09:01:38.697217", "user": "USER_016", "type": "file", "hour": 3, "filename": "sensitive_data_8.zip"}
{"timestamp": "2026-06-03T09:01:38.697217", "user": "USER_016", "type": "file", "hour": 3, "filename": "sensitive_data_51.zip"}
{"timestamp": "2026-06-03T09:01:38.697217", "user": "USER_016", "type": "file", "hour": 3, "filename": "sensitive_data_97.zip"}
{"timestamp": "2026-06-03T09:01:38.697217", "user": "USER_016", "type": "file", "hour": 3, "filename": "sensitive_data_99.zip"}
{"timestamp": "2026-06-03T09:01:38.697217", "user": "USER_016", "type": "file", "hour": 3, "filename": "sensitive_data_42.zip"}
{"timestamp": "2026-06-03T09:01:38.697217", "user": "USER_016", "type": "file", "hour": 3, "filename": "sensitive_data_82.zip"}
{"timestamp": "2026-06-03T09:01:38.697217", "user": "USER_016", "type": "file", "hour": 3, "filename": "sensitive_data_34.zip"}
{"timestamp": "2026-06-03T09:01:38.697217", "user": "USER_016", "type": "file", "hour": 3, "filename": "sensitive_data_35.zip"}
{"timestamp": "2026-06-03T09:01:38.697217", "user": "USER_016", "type": "file", "hour": 3, "filename": "sensitive_data_82.zip"}
{"timestamp": "2026-06-03T09:01:38.697217", "user": "USER_016", "type": "file", "hour": 3, "filename": "sensitive_data_49.zip"}
{"timestamp": "2026-06-03T09:01:38.697217", "user": "USER_016", "type": "file", "hour": 3, "filename": "sensitive_data_17.zip"}
{"timestamp": "2026-06-03T09:01:38.697217", "user": "USER_016", "type": "file", "hour": 3, "filename": "sensitive_data_52.zip"}
{"timestamp": "2026-06-03T09:01:38.697217", "user": "USER_016", "type": "file", "hour": 3, "filename": "sensitive_data_95.zip"}
{"timestamp": "2026-06-03T09:01:38.697217", "user": "USER_016", "type": "file", "hour": 3, "filename": "sensitive_data_58.zip"}
{"timestamp": "2026-06-03T09:01:38.697217", "user": "USER_016", "type": "file", "hour": 3, "filename": "sensitive_data_10.zip"}
{"timestamp": "2026-06-03T09:01:38.697217", "user": "USER_016", "type": "file", "hour": 3, "filename": "sensitive_data_26.zip"}
{"timestamp": "2026-06-03T09:01:38.697217", "user": "USER_016", "type": "file", "hour": 3, "filename": "sensitive_data_89.zip"}
{"timestamp": "2026-06-03T09:01:38.697217", "user": "USER_016", "type": "file", "hour": 3, "filename": "sensitive_data_54.zip"}
{"timestamp": "2026-06-03T09:01:38.697217", "user": "USER_016", "type": "file", "hour": 3, "filename": "sensitive_data_68.zip"}
{"timestamp": "2026-06-03T09:01:38.697217", "user": "USER_016", "type": "file", "hour": 3, "filename": "sensitive_data_17.zip"}
{"timestamp": "2026-06-03T09:01:38.697217", "user": "USER_016", "type": "file", "hour": 3, "filename": "sensitive_data_65.zip"}
{"timestamp": "2026-06-03T09:01:38.697217", "user": "USER_016", "type": "file", "hour": 3, "filename": "sensitive_data_40.zip"}
{"timestamp": "2026-06-03T09:01:38.697217", "user": "USER_016", "type": "file", "hour": 3, "filename": "sensitive_data_86.zip"}
{"timestamp": "2026-06-03T09:01:38.697217", "user": "USER_016", "type": "file", "hour": 3, "filename": "sensitive_data_36.zip"}
{"timestamp": "2026-06-03T09:01:38.697217", "user": "USER_016", "type": "file", "hour": 3, "filename": "sensitive_data_42.zip"}
{"timestamp": "2026-06-03T09:01:38.697217", "user": "USER_016", "type": "file", "hour": 3, "filename": "sensitive_data_12.zip"}
{"timestamp": "2026-06-03T09:01:38.697217", "user": "USER_016", "type": "file", "hour": 3, "filename": "sensitive_data_72.zip"}
{"timestamp": "2026-06-03T09:01:38.697217", "user": "USER_016", "type": "file", "hour": 3, "filename": "sensitive_data_62.zip"}
{"timestamp": "2026-06-03T09:01:38.697217", "user": "USER_016", "type": "file", "hour": 3, "filename": "sensitive_data_93.zip"}
{"timestamp": "2026-06-03T09:01:38.697217", "user": "USER_016", "type": "file", "hour": 3, "filename": "sensitive_data_19.zip"}
{"timestamp": "2026-06-03T09:01:38.697217", "user": "USER_016", "type": "file", "hour": 3, "filename": "sensitive_data_56.zip"}
{"timestamp": "2026-06-03T09:01:38.697217", "user": "USER_016", "type": "file", "hour": 3, "filename": "sensitive_data_27.zip"}
{"timestamp": "2026-06-03T09:01:38.697217", "user": "USER_016", "type": "file", "hour": 3, "filename": "sensitive_data_99.zip"}
{"timestamp": "2026-06-03T09:01:38.697217", "user": "USER_016", "type": "file", "hour": 3, "filename": "sensitive_data_97.zip"}
{"timestamp": "2026-06-03T09:01:38.697217", "user": "USER_016", "type": "file", "hour": 3, "filename": "sensitive_data_25.zip"}
{"timestamp": "2026-06-03T09:01:38.697217", "user": "USER_016", "type": "file", "hour": 3, "filename": "sensitive_data_19.zip"}
{"timestamp": "2026-06-03T09:01:38.697217", "user": "USER_016", "type": "file", "hour": 3, "filename": "sensitive_data_16.zip"}
{"timestamp": "2026-06-03T09:01:38.697217", "user": "USER_016", "type": "file", "hour": 3, "filename": "sensitive_data_72.zip"}
{"timestamp": "2026-06-03T09:01:38.697217", "user": "USER_016", "type": "file", "hour": 3, "filename": "sensitive_data_59.zip"}
{"timestamp": "2026-06-03T09:01:38.697217", "user": "USER_016", "type": "file", "hour": 3, "filename": "sensitive_data_59.zip"}
{"timestamp": "2026-06-03T09:01:38.697217", "user": "USER_016", "type": "email", "hour": 3, "external": true}
{"timestamp": "2026-06-03T09:01:38.697217", "user": "USER_016", "type": "email", "hour": 3, "external": true}
{"timestamp": "2026-06-03T09:01:38.697217", "user": "USER_016", "type": "email", "hour": 3, "external": true}
{"timestamp": "2026-06-03T09:01:38.697217", "user": "USER_016", "type": "email", "hour": 3, "external": true}
{"timestamp": "2026-06-03T09:01:38.697217", "user": "USER_016", "type": "email", "hour": 3, "external": true}
{"timestamp": "2026-06-03T09:01:38.697217", "user": "USER_016", "type": "email", "hour": 3, "external": true}
{"timestamp": "2026-06-03T09:01:38.697217", "user": "USER_016", "type": "email", "hour": 3, "external": true}
{"timestamp": "2026-06-03T09:01:38.697217", "user": "USER_016", "type": "email", "hour": 3, "external": true}
{"timestamp": "2026-06-03T09:01:38.697217", "user": "USER_016", "type": "email", "hour": 3, "external": true}
{"timestamp": "2026-06-03T09:01:38.697217", "user": "USER_016", "type": "email", "hour": 3, "external": true}
{"timestamp": "2026-06-03T09:01:38.697217", "user": "USER_016", "type": "email", "hour": 3, "external": true}
{"timestamp": "2026-06-03T09:01:38.697217", "user": "USER_016", "type": "email", "hour": 3, "external": true}
{"timestamp": "2026-06-03T09:01:38.697217", "user": "USER_016", "type": "email", "hour": 3, "external": true}
{"timestamp": "2026-06-03T09:01:38.697217", "user": "USER_016", "type": "email", "hour": 3, "external": true}
{"timestamp": "2026-06-03T09:01:38.697217", "user": "USER_016", "type": "email", "hour": 3, "external": true}
{"timestamp": "2026-06-03T09:01:38.697217", "user": "USER_016", "type": "email", "hour": 3, "external": true}
{"timestamp": "2026-06-03T09:01:38.697217", "user": "USER_016", "type": "email", "hour": 3, "external": true}
{"timestamp": "2026-06-03T09:01:38.697217", "user": "USER_016", "type": "email", "hour": 3, "external": true}
{"timestamp": "2026-06-03T09:01:39.201418", "user": "USER_014", "type": "email", "hour": 9, "external": false}
{"timestamp": "2026-06-03T09:01:39.703490", "user": "USER_008", "type": "logon", "hour": 9}
{"timestamp": "2026-06-03T09:01:40.205366", "user": "USER_018", "type": "file", "hour": 9, "filename": "doc_348.xlsx"}
{"timestamp": "2026-06-03T09:01:40.706386", "user": "USER_015", "type": "logon", "hour": 9}
{"timestamp": "2026-06-03T09:01:41.708511", "user": "USER_007", "type": "email", "hour": 9, "external": false}
{"timestamp": "2026-06-03T09:01:42.209103", "user": "USER_019", "type": "email", "hour": 9, "external": false}
{"timestamp": "2026-06-03T09:01:42.710348", "user": "USER_003", "type": "file", "hour": 9, "filename": "doc_219.exe"}
{"timestamp": "2026-06-03T09:01:43.212043", "user": "USER_003", "type": "file", "hour": 9, "filename": "doc_359.docx"}
{"timestamp": "2026-06-03T09:01:43.713636", "user": "USER_018", "type": "file", "hour": 9, "filename": "doc_511.xlsx"}
{"timestamp": "2026-06-03T09:01:44.716014", "user": "USER_016", "type": "email", "hour": 9, "external": false}
{"timestamp": "2026-06-03T09:01:45.218173", "user": "USER_006", "type": "file", "hour": 9, "filename": "doc_969.exe"}
{"timestamp": "2026-06-03T09:01:46.224496", "user": "USER_020", "type": "logon", "hour": 9}
{"timestamp": "2026-06-03T09:01:46.726476", "user": "USER_018", "type": "email", "hour": 9, "external": false}
{"timestamp": "2026-06-03T09:01:47.228243", "user": "USER_017", "type": "file", "hour": 9, "filename": "doc_343.exe"}
{"timestamp": "2026-06-03T09:01:47.728988", "user": "USER_011", "type": "email", "hour": 9, "external": true}
{"timestamp": "2026-06-03T09:01:48.229623", "user": "USER_020", "type": "device", "hour": 9, "action": "connect"}
{"timestamp": "2026-06-03T09:01:48.730436", "user": "USER_009", "type": "email", "hour": 9, "external": true}
{"timestamp": "2026-06-03T09:01:49.231368", "user": "USER_013", "type": "file", "hour": 9, "filename": "doc_734.zip"}
{"timestamp": "2026-06-03T09:01:49.732640", "user": "USER_017", "type": "file", "hour": 9, "filename": "doc_716.docx"}
{"timestamp": "2026-06-03T09:01:50.734859", "user": "USER_018", "type": "email", "hour": 9, "external": false}
{"timestamp": "2026-06-03T09:01:52.237624", "user": "USER_012", "type": "email", "hour": 9, "external": false}
{"timestamp": "2026-06-03T09:01:52.738288", "user": "USER_015", "type": "device", "hour": 9, "action": "connect"}
{"timestamp": "2026-06-03T09:01:53.239288", "user": "USER_018", "type": "file", "hour": 9, "filename": "doc_140.xlsx"}
{"timestamp": "2026-06-03T09:01:53.740280", "user": "USER_019", "type": "file", "hour": 9, "filename": "doc_671.pdf"}
{"timestamp": "2026-06-03T09:01:54.240922", "user": "USER_018", "type": "email", "hour": 9, "external": false}
{"timestamp": "2026-06-03T09:01:54.742027", "user": "USER_006", "type": "email", "hour": 9, "external": false}
{"timestamp": "2026-06-03T09:01:55.242748", "user": "USER_004", "type": "email", "hour": 9, "external": false}
{"timestamp": "2026-06-03T09:01:55.243016", "user": "USER_002", "type": "file", "hour": 3, "filename": "sensitive_data_51.zip"}
{"timestamp": "2026-06-03T09:01:55.243016", "user": "USER_002", "type": "file", "hour": 3, "filename": "sensitive_data_42.zip"}
{"timestamp": "2026-06-03T09:01:55.243016", "user": "USER_002", "type": "file", "hour": 3, "filename": "sensitive_data_9.zip"}
{"timestamp": "2026-06-03T09:01:55.243016", "user": "USER_002", "type": "file", "hour": 3, "filename": "sensitive_data_26.zip"}
{"timestamp": "2026-06-03T09:01:55.243016", "user": "USER_002", "type": "file", "hour": 3, "filename": "sensitive_data_91.zip"}
{"timestamp": "2026-06-03T09:01:55.243016", "user": "USER_002", "type": "file", "hour": 3, "filename": "sensitive_data_95.zip"}
{"timestamp": "2026-06-03T09:01:55.243016", "user": "USER_002", "type": "file", "hour": 3, "filename": "sensitive_data_56.zip"}
{"timestamp": "2026-06-03T09:01:55.243016", "user": "USER_002", "type": "file", "hour": 3, "filename": "sensitive_data_35.zip"}
{"timestamp": "2026-06-03T09:01:55.243016", "user": "USER_002", "type": "file", "hour": 3, "filename": "sensitive_data_88.zip"}
{"timestamp": "2026-06-03T09:01:55.243016", "user": "USER_002", "type": "file", "hour": 3, "filename": "sensitive_data_67.zip"}
{"timestamp": "2026-06-03T09:01:55.243016", "user": "USER_002", "type": "file", "hour": 3, "filename": "sensitive_data_2.zip"}
{"timestamp": "2026-06-03T09:01:55.243016", "user": "USER_002", "type": "file", "hour": 3, "filename": "sensitive_data_40.zip"}
{"timestamp": "2026-06-03T09:01:55.243016", "user": "USER_002", "type": "file", "hour": 3, "filename": "sensitive_data_31.zip"}
{"timestamp": "2026-06-03T09:01:55.243016", "user": "USER_002", "type": "file", "hour": 3, "filename": "sensitive_data_53.zip"}
{"timestamp": "2026-06-03T09:01:55.243016", "user": "USER_002", "type": "file", "hour": 3, "filename": "sensitive_data_17.zip"}
{"timestamp": "2026-06-03T09:01:55.243016", "user": "USER_002", "type": "file", "hour": 3, "filename": "sensitive_data_89.zip"}
{"timestamp": "2026-06-03T09:01:55.243016", "user": "USER_002", "type": "file", "hour": 3, "filename": "sensitive_data_24.zip"}
{"timestamp": "2026-06-03T09:01:55.243016", "user": "USER_002", "type": "file", "hour": 3, "filename": "sensitive_data_17.zip"}
{"timestamp": "2026-06-03T09:01:55.243016", "user": "USER_002", "type": "file", "hour": 3, "filename": "sensitive_data_16.zip"}
{"timestamp": "2026-06-03T09:01:55.243016", "user": "USER_002", "type": "file", "hour": 3, "filename": "sensitive_data_20.zip"}
{"timestamp": "2026-06-03T09:01:55.243016", "user": "USER_002", "type": "file", "hour": 3, "filename": "sensitive_data_76.zip"}
{"timestamp": "2026-06-03T09:01:55.243016", "user": "USER_002", "type": "file", "hour": 3, "filename": "sensitive_data_25.zip"}
{"timestamp": "2026-06-03T09:01:55.243016", "user": "USER_002", "type": "file", "hour": 3, "filename": "sensitive_data_44.zip"}
{"timestamp": "2026-06-03T09:01:55.243016", "user": "USER_002", "type": "file", "hour": 3, "filename": "sensitive_data_75.zip"}
{"timestamp": "2026-06-03T09:01:55.243016", "user": "USER_002", "type": "file", "hour": 3, "filename": "sensitive_data_25.zip"}
{"timestamp": "2026-06-03T09:01:55.243016", "user": "USER_002", "type": "file", "hour": 3, "filename": "sensitive_data_41.zip"}
{"timestamp": "2026-06-03T09:01:55.243016", "user": "USER_002", "type": "file", "hour": 3, "filename": "sensitive_data_18.zip"}
{"timestamp": "2026-06-03T09:01:55.243016", "user": "USER_002", "type": "file", "hour": 3, "filename": "sensitive_data_54.zip"}
{"timestamp": "2026-06-03T09:01:55.243016", "user": "USER_002", "type": "file", "hour": 3, "filename": "sensitive_data_49.zip"}
{"timestamp": "2026-06-03T09:01:55.243016", "user": "USER_002", "type": "file", "hour": 3, "filename": "sensitive_data_34.zip"}
{"timestamp": "2026-06-03T09:01:55.243016", "user": "USER_002", "type": "file", "hour": 3, "filename": "sensitive_data_42.zip"}
{"timestamp": "2026-06-03T09:01:55.243016", "user": "USER_002", "type": "file", "hour": 3, "filename": "sensitive_data_4.zip"}
{"timestamp": "2026-06-03T09:01:55.243016", "user": "USER_002", "type": "file", "hour": 3, "filename": "sensitive_data_38.zip"}
{"timestamp": "2026-06-03T09:01:55.243016", "user": "USER_002", "type": "email", "hour": 3, "external": true}
{"timestamp": "2026-06-03T09:01:55.243016", "user": "USER_002", "type": "email", "hour": 3, "external": true}
{"timestamp": "2026-06-03T09:01:55.243016", "user": "USER_002", "type": "email", "hour": 3, "external": true}
{"timestamp": "2026-06-03T09:01:55.243016", "user": "USER_002", "type": "email", "hour": 3, "external": true}
{"timestamp": "2026-06-03T09:01:55.243016", "user": "USER_002", "type": "email", "hour": 3, "external": true}
{"timestamp": "2026-06-03T09:01:55.243016", "user": "USER_002", "type": "email", "hour": 3, "external": true}
{"timestamp": "2026-06-03T09:01:55.243016", "user": "USER_002", "type": "email", "hour": 3, "external": true}
{"timestamp": "2026-06-03T09:01:55.243016", "user": "USER_002", "type": "email", "hour": 3, "external": true}
{"timestamp": "2026-06-03T09:01:55.243016", "user": "USER_002", "type": "email", "hour": 3, "external": true}
{"timestamp": "2026-06-03T09:01:55.243016", "user": "USER_002", "type": "email", "hour": 3, "external": true}
{"timestamp": "2026-06-03T09:01:55.743949", "user": "USER_002", "type": "email", "hour": 9, "external": false}
{"timestamp": "2026-06-03T09:01:56.246530", "user": "USER_007", "type": "file", "hour": 9, "filename": "doc_252.pdf"}
{"timestamp": "2026-06-03T09:01:56.747133", "user": "USER_015", "type": "email", "hour": 9, "external": true}
{"timestamp": "2026-06-03T09:01:57.748457", "user": "USER_010", "type": "email", "hour": 9, "external": false}
{"timestamp": "2026-06-03T09:01:58.749807", "user": "USER_001", "type": "email", "hour": 9, "external": false}
{"timestamp": "2026-06-03T09:01:59.251710", "user": "USER_006", "type": "email", "hour": 9, "external": false}
{"timestamp": "2026-06-03T09:01:59.752567", "user": "USER_015", "type": "file", "hour": 9, "filename": "doc_986.zip"}
{"timestamp": "2026-06-03T09:02:00.753970", "user": "USER_008", "type": "email", "hour": 9, "external": true}
{"timestamp": "2026-06-03T09:02:01.254997", "user": "USER_011", "type": "file", "hour": 9, "filename": "doc_158.zip"}
{"timestamp": "2026-06-03T09:02:02.257001", "user": "USER_007", "type": "file", "hour": 9, "filename": "doc_649.pdf"}
{"timestamp": "2026-06-03T09:02:02.758090", "user": "USER_007", "type": "email", "hour": 9, "external": false}
{"timestamp": "2026-06-03T09:02:03.259039", "user": "USER_006", "type": "email", "hour": 9, "external": false}
{"timestamp": "2026-06-03T09:02:03.759906", "user": "USER_009", "type": "file", "hour": 9, "filename": "doc_986.pdf"}
{"timestamp": "2026-06-03T09:02:04.260945", "user": "USER_012", "type": "file", "hour": 9, "filename": "doc_921.xlsx"}
{"timestamp": "2026-06-03T09:02:04.762084", "user": "USER_018", "type": "email", "hour": 9, "external": true}
{"timestamp": "2026-06-03T09:02:05.263652", "user": "USER_006", "type": "file", "hour": 9, "filename": "doc_561.docx"}
{"timestamp": "2026-06-03T09:02:05.765373", "user": "USER_008", "type": "device", "hour": 9, "action": "connect"}
{"timestamp": "2026-06-03T09:02:06.767109", "user": "USER_010", "type": "email", "hour": 9, "external": true}
{"timestamp": "2026-06-03T09:02:07.269188", "user": "USER_019", "type": "email", "hour": 9, "external": false}
{"timestamp": "2026-06-03T09:02:07.770370", "user": "USER_010", "type": "file", "hour": 9, "filename": "doc_431.xlsx"}
{"timestamp": "2026-06-03T09:02:08.271296", "user": "USER_020", "type": "email", "hour": 9, "external": false}
{"timestamp": "2026-06-03T09:02:09.773237", "user": "USER_006", "type": "email", "hour": 9, "external": false}
{"timestamp": "2026-06-03T09:02:10.274091", "user": "USER_008", "type": "email", "hour": 9, "external": false}
{"timestamp": "2026-06-03T09:02:10.775188", "user": "USER_008", "type": "logon", "hour": 9}
{"timestamp": "2026-06-03T09:02:11.276449", "user": "USER_007", "type": "file", "hour": 9, "filename": "doc_925.exe"}
{"timestamp": "2026-06-03T09:02:12.279181", "user": "USER_005", "type": "email", "hour": 9, "external": false}
{"timestamp": "2026-06-03T09:02:14.282207", "user": "USER_020", "type": "file", "hour": 9, "filename": "doc_299.exe"}
{"timestamp": "2026-06-03T09:02:14.783861", "user": "USER_015", "type": "email", "hour": 9, "external": false}
{"timestamp": "2026-06-03T09:02:15.285574", "user": "USER_003", "type": "file", "hour": 9, "filename": "doc_941.exe"}
{"timestamp": "2026-06-03T09:02:16.288676", "user": "USER_005", "type": "file", "hour": 9, "filename": "doc_838.zip"}
{"timestamp": "2026-06-03T09:02:16.789963", "user": "USER_018", "type": "logon", "hour": 9}
{"timestamp": "2026-06-03T09:02:17.291338", "user": "USER_015", "type": "email", "hour": 9, "external": false}
{"timestamp": "2026-06-03T09:02:17.792896", "user": "USER_009", "type": "email", "hour": 9, "external": true}
{"timestamp": "2026-06-03T09:02:18.294363", "user": "USER_001", "type": "file", "hour": 9, "filename": "doc_975.xlsx"}
{"timestamp": "2026-06-03T09:02:19.297286", "user": "USER_009", "type": "file", "hour": 9, "filename": "doc_418.zip"}
{"timestamp": "2026-06-03T09:02:20.301055", "user": "USER_011", "type": "file", "hour": 9, "filename": "doc_763.pdf"}
{"timestamp": "2026-06-03T09:02:20.803734", "user": "USER_018", "type": "file", "hour": 9, "filename": "doc_805.docx"}
{"timestamp": "2026-06-03T09:02:21.306572", "user": "USER_009", "type": "file", "hour": 9, "filename": "doc_430.docx"}
{"timestamp": "2026-06-03T09:02:21.807749", "user": "USER_004", "type": "file", "hour": 9, "filename": "doc_866.pdf"}
{"timestamp": "2026-06-03T09:02:22.309037", "user": "USER_013", "type": "file", "hour": 9, "filename": "doc_861.exe"}
{"timestamp": "2026-06-03T09:02:22.810765", "user": "USER_012", "type": "file", "hour": 9, "filename": "doc_425.zip"}
{"timestamp": "2026-06-03T09:02:23.813815", "user": "USER_008", "type": "file", "hour": 9, "filename": "doc_339.docx"}
{"timestamp": "2026-06-03T09:02:24.315417", "user": "USER_011", "type": "file", "hour": 9, "filename": "doc_369.docx"}
{"timestamp": "2026-06-03T09:02:25.318011", "user": "USER_017", "type": "file", "hour": 9, "filename": "doc_212.zip"}
{"timestamp": "2026-06-03T09:02:25.818988", "user": "USER_011", "type": "email", "hour": 9, "external": false}
{"timestamp": "2026-06-03T09:02:26.320025", "user": "USER_020", "type": "email", "hour": 9, "external": false}
{"timestamp": "2026-06-03T09:02:26.821294", "user": "USER_001", "type": "email", "hour": 9, "external": false}
{"timestamp": "2026-06-03T09:02:27.322701", "user": "USER_005", "type": "file", "hour": 9, "filename": "doc_910.exe"}
{"timestamp": "2026-06-03T09:02:27.824489", "user": "USER_016", "type": "device", "hour": 9, "action": "connect"}
{"timestamp": "2026-06-03T09:02:28.326377", "user": "USER_002", "type": "device", "hour": 9, "action": "connect"}
{"timestamp": "2026-06-03T09:02:28.827833", "user": "USER_006", "type": "email", "hour": 9, "external": true}
{"timestamp": "2026-06-03T09:02:29.328614", "user": "USER_018", "type": "email", "hour": 9, "external": false}
{"timestamp": "2026-06-03T09:02:29.829848", "user": "USER_008", "type": "file", "hour": 9, "filename": "doc_864.exe"}
{"timestamp": "2026-06-03T09:02:30.833304", "user": "USER_018", "type": "logon", "hour": 9}
{"timestamp": "2026-06-03T09:02:31.335293", "user": "USER_015", "type": "device", "hour": 9, "action": "disconnect"}
{"timestamp": "2026-06-03T09:02:31.836969", "user": "USER_016", "type": "email", "hour": 9, "external": true}
{"timestamp": "2026-06-03T09:02:32.338722", "user": "USER_002", "type": "email", "hour": 9, "external": true}
{"timestamp": "2026-06-03T09:02:32.839952", "user": "USER_012", "type": "email", "hour": 9, "external": false}
{"timestamp": "2026-06-03T09:02:33.341491", "user": "USER_001", "type": "file", "hour": 9, "filename": "doc_784.pdf"}
{"timestamp": "2026-06-03T09:02:33.842819", "user": "USER_019", "type": "file", "hour": 9, "filename": "doc_270.exe"}
{"timestamp": "2026-06-03T09:02:34.343904", "user": "USER_007", "type": "email", "hour": 9, "external": false}
{"timestamp": "2026-06-03T09:02:34.845478", "user": "USER_014", "type": "email", "hour": 9, "external": true}
{"timestamp": "2026-06-03T09:02:35.348808", "user": "USER_003", "type": "file", "hour": 9, "filename": "doc_994.pdf"}
{"timestamp": "2026-06-03T09:02:35.851226", "user": "USER_016", "type": "file", "hour": 9, "filename": "doc_433.xlsx"}
{"timestamp": "2026-06-03T09:02:37.357530", "user": "USER_008", "type": "file", "hour": 9, "filename": "doc_285.docx"}
{"timestamp": "2026-06-03T09:02:38.359492", "user": "USER_011", "type": "file", "hour": 9, "filename": "doc_189.docx"}
{"timestamp": "2026-06-03T09:02:38.860126", "user": "USER_005", "type": "email", "hour": 9, "external": true}
{"timestamp": "2026-06-03T09:02:39.360734", "user": "USER_003", "type": "file", "hour": 9, "filename": "doc_698.xlsx"}
{"timestamp": "2026-06-03T09:02:40.362862", "user": "USER_012", "type": "email", "hour": 9, "external": true}
{"timestamp": "2026-06-03T09:02:40.864797", "user": "USER_014", "type": "file", "hour": 9, "filename": "doc_999.pdf"}
{"timestamp": "2026-06-03T09:02:41.366968", "user": "USER_005", "type": "file", "hour": 9, "filename": "doc_642.docx"}
{"timestamp": "2026-06-03T09:02:41.870367", "user": "USER_013", "type": "file", "hour": 9, "filename": "doc_492.docx"}
{"timestamp": "2026-06-03T09:02:42.872417", "user": "USER_015", "type": "file", "hour": 9, "filename": "doc_924.xlsx"}
{"timestamp": "2026-06-03T09:02:43.373771", "user": "USER_007", "type": "email", "hour": 9, "external": false}
{"timestamp": "2026-06-03T09:02:43.874773", "user": "USER_009", "type": "email", "hour": 9, "external": true}
{"timestamp": "2026-06-03T09:02:44.376358", "user": "USER_013", "type": "file", "hour": 9, "filename": "doc_697.docx"}
{"timestamp": "2026-06-03T09:02:44.877740", "user": "USER_017", "type": "email", "hour": 9, "external": false}
{"timestamp": "2026-06-03T09:02:44.878754", "user": "USER_006", "type": "file", "hour": 3, "filename": "sensitive_data_61.zip"}
{"timestamp": "2026-06-03T09:02:44.878754", "user": "USER_006", "type": "file", "hour": 3, "filename": "sensitive_data_53.zip"}
{"timestamp": "2026-06-03T09:02:44.878754", "user": "USER_006", "type": "file", "hour": 3, "filename": "sensitive_data_49.zip"}
{"timestamp": "2026-06-03T09:02:44.878754", "user": "USER_006", "type": "file", "hour": 3, "filename": "sensitive_data_74.zip"}
{"timestamp": "2026-06-03T09:02:44.878754", "user": "USER_006", "type": "file", "hour": 3, "filename": "sensitive_data_68.zip"}
{"timestamp": "2026-06-03T09:02:44.878754", "user": "USER_006", "type": "file", "hour": 3, "filename": "sensitive_data_1.zip"}
{"timestamp": "2026-06-03T09:02:44.878754", "user": "USER_006", "type": "file", "hour": 3, "filename": "sensitive_data_35.zip"}
{"timestamp": "2026-06-03T09:02:44.878754", "user": "USER_006", "type": "file", "hour": 3, "filename": "sensitive_data_52.zip"}
{"timestamp": "2026-06-03T09:02:44.878754", "user": "USER_006", "type": "file", "hour": 3, "filename": "sensitive_data_53.zip"}
{"timestamp": "2026-06-03T09:02:44.878754", "user": "USER_006", "type": "file", "hour": 3, "filename": "sensitive_data_96.zip"}
{"timestamp": "2026-06-03T09:02:44.878754", "user": "USER_006", "type": "file", "hour": 3, "filename": "sensitive_data_8.zip"}
{"timestamp": "2026-06-03T09:02:44.878754", "user": "USER_006", "type": "file", "hour": 3, "filename": "sensitive_data_70.zip"}
{"timestamp": "2026-06-03T09:02:44.878754", "user": "USER_006", "type": "file", "hour": 3, "filename": "sensitive_data_76.zip"}
{"timestamp": "2026-06-03T09:02:44.878754", "user": "USER_006", "type": "file", "hour": 3, "filename": "sensitive_data_55.zip"}
{"timestamp": "2026-06-03T09:02:44.878754", "user": "USER_006", "type": "file", "hour": 3, "filename": "sensitive_data_30.zip"}
{"timestamp": "2026-06-03T09:02:44.878754", "user": "USER_006", "type": "file", "hour": 3, "filename": "sensitive_data_4.zip"}
{"timestamp": "2026-06-03T09:02:44.878754", "user": "USER_006", "type": "file", "hour": 3, "filename": "sensitive_data_11.zip"}
{"timestamp": "2026-06-03T09:02:44.878754", "user": "USER_006", "type": "file", "hour": 3, "filename": "sensitive_data_53.zip"}
{"timestamp": "2026-06-03T09:02:44.878754", "user": "USER_006", "type": "file", "hour": 3, "filename": "sensitive_data_24.zip"}
{"timestamp": "2026-06-03T09:02:44.878754", "user": "USER_006", "type": "file", "hour": 3, "filename": "sensitive_data_92.zip"}
{"timestamp": "2026-06-03T09:02:44.878754", "user": "USER_006", "type": "file", "hour": 3, "filename": "sensitive_data_88.zip"}
{"timestamp": "2026-06-03T09:02:44.878754", "user": "USER_006", "type": "file", "hour": 3, "filename": "sensitive_data_38.zip"}
{"timestamp": "2026-06-03T09:02:44.878754", "user": "USER_006", "type": "file", "hour": 3, "filename": "sensitive_data_40.zip"}
{"timestamp": "2026-06-03T09:02:44.878754", "user": "USER_006", "type": "file", "hour": 3, "filename": "sensitive_data_31.zip"}
{"timestamp": "2026-06-03T09:02:44.878754", "user": "USER_006", "type": "file", "hour": 3, "filename": "sensitive_data_41.zip"}
{"timestamp": "2026-06-03T09:02:44.878754", "user": "USER_006", "type": "file", "hour": 3, "filename": "sensitive_data_90.zip"}
{"timestamp": "2026-06-03T09:02:44.878754", "user": "USER_006", "type": "file", "hour": 3, "filename": "sensitive_data_99.zip"}
{"timestamp": "2026-06-03T09:02:44.878754", "user": "USER_006", "type": "file", "hour": 3, "filename": "sensitive_data_76.zip"}
{"timestamp": "2026-06-03T09:02:44.878754", "user": "USER_006", "type": "file", "hour": 3, "filename": "sensitive_data_86.zip"}
{"timestamp": "2026-06-03T09:02:44.878754", "user": "USER_006", "type": "file", "hour": 3, "filename": "sensitive_data_41.zip"}
{"timestamp": "2026-06-03T09:02:44.878754", "user": "USER_006", "type": "file", "hour": 3, "filename": "sensitive_data_58.zip"}
{"timestamp": "2026-06-03T09:02:44.878754", "user": "USER_006", "type": "file", "hour": 3, "filename": "sensitive_data_12.zip"}
{"timestamp": "2026-06-03T09:02:44.878754", "user": "USER_006", "type": "file", "hour": 3, "filename": "sensitive_data_41.zip"}
{"timestamp": "2026-06-03T09:02:44.878754", "user": "USER_006", "type": "file", "hour": 3, "filename": "sensitive_data_25.zip"}
{"timestamp": "2026-06-03T09:02:44.878754", "user": "USER_006", "type": "file", "hour": 3, "filename": "sensitive_data_74.zip"}
{"timestamp": "2026-06-03T09:02:44.878754", "user": "USER_006", "type": "file", "hour": 3, "filename": "sensitive_data_17.zip"}
{"timestamp": "2026-06-03T09:02:44.878754", "user": "USER_006", "type": "file", "hour": 3, "filename": "sensitive_data_91.zip"}
{"timestamp": "2026-06-03T09:02:44.878754", "user": "USER_006", "type": "file", "hour": 3, "filename": "sensitive_data_2.zip"}
{"timestamp": "2026-06-03T09:02:44.878754", "user": "USER_006", "type": "file", "hour": 3, "filename": "sensitive_data_33.zip"}
{"timestamp": "2026-06-03T09:02:44.878754", "user": "USER_006", "type": "email", "hour": 3, "external": true}
{"timestamp": "2026-06-03T09:02:44.878754", "user": "USER_006", "type": "email", "hour": 3, "external": true}
{"timestamp": "2026-06-03T09:02:44.878754", "user": "USER_006", "type": "email", "hour": 3, "external": true}
{"timestamp": "2026-06-03T09:02:44.878754", "user": "USER_006", "type": "email", "hour": 3, "external": true}
{"timestamp": "2026-06-03T09:02:44.878754", "user": "USER_006", "type": "email", "hour": 3, "external": true}
{"timestamp": "2026-06-03T09:02:44.878754", "user": "USER_006", "type": "email", "hour": 3, "external": true}
{"timestamp": "2026-06-03T09:02:44.878754", "user": "USER_006", "type": "email", "hour": 3, "external": true}
{"timestamp": "2026-06-03T09:02:44.878754", "user": "USER_006", "type": "email", "hour": 3, "external": true}
{"timestamp": "2026-06-03T09:02:44.878754", "user": "USER_006", "type": "email", "hour": 3, "external": true}
{"timestamp": "2026-06-03T09:02:44.878754", "user": "USER_006", "type": "email", "hour": 3, "external": true}
{"timestamp": "2026-06-03T09:02:44.878754", "user": "USER_006", "type": "email", "hour": 3, "external": true}
{"timestamp": "2026-06-03T09:02:44.878754", "user": "USER_006", "type": "email", "hour": 3, "external": true}
{"timestamp": "2026-06-03T09:02:44.878754", "user": "USER_006", "type": "email", "hour": 3, "external": true}
{"timestamp": "2026-06-03T09:02:45.381478", "user": "USER_009", "type": "logon", "hour": 9}
{"timestamp": "2026-06-03T09:02:45.883044", "user": "USER_020", "type": "email", "hour": 9, "external": false}
{"timestamp": "2026-06-03T09:02:46.386019", "user": "USER_013", "type": "file", "hour": 9, "filename": "doc_231.exe"}
{"timestamp": "2026-06-03T09:02:46.887758", "user": "USER_018", "type": "file", "hour": 9, "filename": "doc_462.zip"}
{"timestamp": "2026-06-03T09:02:47.389367", "user": "USER_012", "type": "file", "hour": 9, "filename": "doc_198.exe"}
{"timestamp": "2026-06-03T09:02:47.890253", "user": "USER_014", "type": "file", "hour": 9, "filename": "doc_951.docx"}
{"timestamp": "2026-06-03T09:02:49.893465", "user": "USER_008", "type": "file", "hour": 9, "filename": "doc_732.pdf"}
{"timestamp": "2026-06-03T09:02:50.395028", "user": "USER_015", "type": "file", "hour": 9, "filename": "doc_593.docx"}
{"timestamp": "2026-06-03T09:02:51.397261", "user": "USER_012", "type": "logon", "hour": 9}
{"timestamp": "2026-06-03T09:02:51.899124", "user": "USER_002", "type": "file", "hour": 9, "filename": "doc_538.exe"}
{"timestamp": "2026-06-03T09:02:52.401489", "user": "USER_002", "type": "file", "hour": 9, "filename": "doc_763.xlsx"}
{"timestamp": "2026-06-03T09:02:52.903086", "user": "USER_005", "type": "file", "hour": 9, "filename": "doc_715.zip"}
{"timestamp": "2026-06-03T09:02:53.905874", "user": "USER_001", "type": "email", "hour": 9, "external": false}
{"timestamp": "2026-06-03T09:02:54.407135", "user": "USER_017", "type": "file", "hour": 9, "filename": "doc_719.docx"}
{"timestamp": "2026-06-03T09:02:54.407779", "user": "USER_018", "type": "file", "hour": 3, "filename": "sensitive_data_95.zip"}
{"timestamp": "2026-06-03T09:02:54.407779", "user": "USER_018", "type": "file", "hour": 3, "filename": "sensitive_data_40.zip"}
{"timestamp": "2026-06-03T09:02:54.407779", "user": "USER_018", "type": "file", "hour": 3, "filename": "sensitive_data_82.zip"}
{"timestamp": "2026-06-03T09:02:54.407779", "user": "USER_018", "type": "file", "hour": 3, "filename": "sensitive_data_64.zip"}
{"timestamp": "2026-06-03T09:02:54.407779", "user": "USER_018", "type": "file", "hour": 3, "filename": "sensitive_data_45.zip"}
{"timestamp": "2026-06-03T09:02:54.407779", "user": "USER_018", "type": "file", "hour": 3, "filename": "sensitive_data_52.zip"}
{"timestamp": "2026-06-03T09:02:54.407779", "user": "USER_018", "type": "file", "hour": 3, "filename": "sensitive_data_79.zip"}
{"timestamp": "2026-06-03T09:02:54.407779", "user": "USER_018", "type": "file", "hour": 3, "filename": "sensitive_data_91.zip"}
{"timestamp": "2026-06-03T09:02:54.407779", "user": "USER_018", "type": "file", "hour": 3, "filename": "sensitive_data_19.zip"}
{"timestamp": "2026-06-03T09:02:54.407779", "user": "USER_018", "type": "file", "hour": 3, "filename": "sensitive_data_55.zip"}
{"timestamp": "2026-06-03T09:02:54.407779", "user": "USER_018", "type": "file", "hour": 3, "filename": "sensitive_data_41.zip"}
{"timestamp": "2026-06-03T09:02:54.407779", "user": "USER_018", "type": "file", "hour": 3, "filename": "sensitive_data_49.zip"}
{"timestamp": "2026-06-03T09:02:54.407779", "user": "USER_018", "type": "file", "hour": 3, "filename": "sensitive_data_72.zip"}
{"timestamp": "2026-06-03T09:02:54.407779", "user": "USER_018", "type": "file", "hour": 3, "filename": "sensitive_data_42.zip"}
{"timestamp": "2026-06-03T09:02:54.407779", "user": "USER_018", "type": "file", "hour": 3, "filename": "sensitive_data_22.zip"}
{"timestamp": "2026-06-03T09:02:54.407779", "user": "USER_018", "type": "file", "hour": 3, "filename": "sensitive_data_73.zip"}
{"timestamp": "2026-06-03T09:02:54.407779", "user": "USER_018", "type": "file", "hour": 3, "filename": "sensitive_data_63.zip"}
{"timestamp": "2026-06-03T09:02:54.407779", "user": "USER_018", "type": "file", "hour": 3, "filename": "sensitive_data_73.zip"}
{"timestamp": "2026-06-03T09:02:54.407779", "user": "USER_018", "type": "file", "hour": 3, "filename": "sensitive_data_50.zip"}
{"timestamp": "2026-06-03T09:02:54.407779", "user": "USER_018", "type": "file", "hour": 3, "filename": "sensitive_data_84.zip"}
{"timestamp": "2026-06-03T09:02:54.407779", "user": "USER_018", "type": "file", "hour": 3, "filename": "sensitive_data_99.zip"}
{"timestamp": "2026-06-03T09:02:54.407779", "user": "USER_018", "type": "file", "hour": 3, "filename": "sensitive_data_35.zip"}
{"timestamp": "2026-06-03T09:02:54.407779", "user": "USER_018", "type": "file", "hour": 3, "filename": "sensitive_data_63.zip"}
{"timestamp": "2026-06-03T09:02:54.407779", "user": "USER_018", "type": "file", "hour": 3, "filename": "sensitive_data_94.zip"}
{"timestamp": "2026-06-03T09:02:54.407779", "user": "USER_018", "type": "file", "hour": 3, "filename": "sensitive_data_93.zip"}
{"timestamp": "2026-06-03T09:02:54.407779", "user": "USER_018", "type": "file", "hour": 3, "filename": "sensitive_data_28.zip"}
{"timestamp": "2026-06-03T09:02:54.407779", "user": "USER_018", "type": "file", "hour": 3, "filename": "sensitive_data_56.zip"}
{"timestamp": "2026-06-03T09:02:54.407779", "user": "USER_018", "type": "file", "hour": 3, "filename": "sensitive_data_26.zip"}
{"timestamp": "2026-06-03T09:02:54.407779", "user": "USER_018", "type": "file", "hour": 3, "filename": "sensitive_data_20.zip"}
{"timestamp": "2026-06-03T09:02:54.407779", "user": "USER_018", "type": "file", "hour": 3, "filename": "sensitive_data_6.zip"}
{"timestamp": "2026-06-03T09:02:54.407779", "user": "USER_018", "type": "file", "hour": 3, "filename": "sensitive_data_91.zip"}
{"timestamp": "2026-06-03T09:02:54.407779", "user": "USER_018", "type": "file", "hour": 3, "filename": "sensitive_data_71.zip"}
{"timestamp": "2026-06-03T09:02:54.407779", "user": "USER_018", "type": "file", "hour": 3, "filename": "sensitive_data_4.zip"}
{"timestamp": "2026-06-03T09:02:54.407779", "user": "USER_018", "type": "file", "hour": 3, "filename": "sensitive_data_70.zip"}
{"timestamp": "2026-06-03T09:02:54.407779", "user": "USER_018", "type": "file", "hour": 3, "filename": "sensitive_data_44.zip"}
{"timestamp": "2026-06-03T09:02:54.407779", "user": "USER_018", "type": "file", "hour": 3, "filename": "sensitive_data_6.zip"}
{"timestamp": "2026-06-03T09:02:54.407779", "user": "USER_018", "type": "file", "hour": 3, "filename": "sensitive_data_69.zip"}
{"timestamp": "2026-06-03T09:02:54.407779", "user": "USER_018", "type": "file", "hour": 3, "filename": "sensitive_data_39.zip"}
{"timestamp": "2026-06-03T09:02:54.407779", "user": "USER_018", "type": "file", "hour": 3, "filename": "sensitive_data_9.zip"}
{"timestamp": "2026-06-03T09:02:54.407779", "user": "USER_018", "type": "file", "hour": 3, "filename": "sensitive_data_53.zip"}
{"timestamp": "2026-06-03T09:02:54.407779", "user": "USER_018", "type": "email", "hour": 3, "external": true}
{"timestamp": "2026-06-03T09:02:54.407779", "user": "USER_018", "type": "email", "hour": 3, "external": true}
{"timestamp": "2026-06-03T09:02:54.407779", "user": "USER_018", "type": "email", "hour": 3, "external": true}
{"timestamp": "2026-06-03T09:02:54.407779", "user": "USER_018", "type": "email", "hour": 3, "external": true}
{"timestamp": "2026-06-03T09:02:54.407779", "user": "USER_018", "type": "email", "hour": 3, "external": true}
{"timestamp": "2026-06-03T09:02:54.407779", "user": "USER_018", "type": "email", "hour": 3, "external": true}
{"timestamp": "2026-06-03T09:02:54.407779", "user": "USER_018", "type": "email", "hour": 3, "external": true}
{"timestamp": "2026-06-03T09:02:54.407779", "user": "USER_018", "type": "email", "hour": 3, "external": true}
{"timestamp": "2026-06-03T09:02:54.407779", "user": "USER_018", "type": "email", "hour": 3, "external": true}
{"timestamp": "2026-06-03T09:02:54.407779", "user": "USER_018", "type": "email", "hour": 3, "external": true}
{"timestamp": "2026-06-03T09:02:54.407779", "user": "USER_018", "type": "email", "hour": 3, "external": true}
{"timestamp": "2026-06-03T09:02:54.909656", "user": "USER_001", "type": "email", "hour": 9, "external": false}
{"timestamp": "2026-06-03T09:02:55.411757", "user": "USER_012", "type": "email", "hour": 9, "external": false}
{"timestamp": "2026-06-03T09:02:55.913005", "user": "USER_010", "type": "file", "hour": 9, "filename": "doc_471.zip"}
{"timestamp": "2026-06-03T09:02:56.414508", "user": "USER_018", "type": "email", "hour": 9, "external": false}
{"timestamp": "2026-06-03T09:02:56.916050", "user": "USER_004", "type": "email", "hour": 9, "external": true}
{"timestamp": "2026-06-03T09:02:57.418143", "user": "USER_007", "type": "device", "hour": 9, "action": "connect"}
{"timestamp": "2026-06-03T09:02:57.920310", "user": "USER_010", "type": "file", "hour": 9, "filename": "doc_289.zip"}
{"timestamp": "2026-06-03T09:02:58.421753", "user": "USER_013", "type": "file", "hour": 9, "filename": "doc_160.xlsx"}
{"timestamp": "2026-06-03T09:02:58.923026", "user": "USER_006", "type": "logon", "hour": 9}
{"timestamp": "2026-06-03T09:02:59.424854", "user": "USER_001", "type": "email", "hour": 9, "external": false}
{"timestamp": "2026-06-03T09:02:59.926494", "user": "USER_008", "type": "email", "hour": 9, "external": false}
{"timestamp": "2026-06-03T09:03:00.428277", "user": "USER_004", "type": "logon", "hour": 9}
{"timestamp": "2026-06-03T09:03:00.929904", "user": "USER_006", "type": "file", "hour": 9, "filename": "doc_706.zip"}
{"timestamp": "2026-06-03T09:03:01.431073", "user": "USER_008", "type": "file", "hour": 9, "filename": "doc_301.zip"}
{"timestamp": "2026-06-03T09:03:01.932876", "user": "USER_015", "type": "file", "hour": 9, "filename": "doc_516.xlsx"}
{"timestamp": "2026-06-03T09:03:02.435027", "user": "USER_020", "type": "file", "hour": 9, "filename": "doc_967.pdf"}
{"timestamp": "2026-06-03T09:03:02.936464", "user": "USER_013", "type": "file", "hour": 9, "filename": "doc_394.zip"}
{"timestamp": "2026-06-03T09:03:03.437965", "user": "USER_010", "type": "email", "hour": 9, "external": true}
{"timestamp": "2026-06-03T09:03:03.939761", "user": "USER_005", "type": "email", "hour": 9, "external": false}
{"timestamp": "2026-06-03T09:03:04.441059", "user": "USER_002", "type": "file", "hour": 9, "filename": "doc_595.pdf"}
{"timestamp": "2026-06-03T09:03:04.942123", "user": "USER_008", "type": "email", "hour": 9, "external": false}
{"timestamp": "2026-06-03T09:03:05.443308", "user": "USER_001", "type": "email", "hour": 9, "external": false}
{"timestamp": "2026-06-03T09:03:05.944643", "user": "USER_001", "type": "email", "hour": 9, "external": false}
{"timestamp": "2026-06-03T09:03:06.947318", "user": "USER_002", "type": "file", "hour": 9, "filename": "doc_708.zip"}
{"timestamp": "2026-06-03T09:03:07.448933", "user": "USER_003", "type": "file", "hour": 9, "filename": "doc_245.xlsx"}
{"timestamp": "2026-06-03T09:03:07.950283", "user": "USER_008", "type": "file", "hour": 9, "filename": "doc_368.pdf"}
{"timestamp": "2026-06-03T09:03:08.451527", "user": "USER_011", "type": "email", "hour": 9, "external": false}
{"timestamp": "2026-06-03T09:03:08.955558", "user": "USER_019", "type": "logon", "hour": 9}
{"timestamp": "2026-06-03T09:03:09.456918", "user": "USER_013", "type": "email", "hour": 9, "external": false}
{"timestamp": "2026-06-03T09:03:09.958103", "user": "USER_003", "type": "file", "hour": 9, "filename": "doc_814.docx"}
{"timestamp": "2026-06-03T09:03:10.458984", "user": "USER_009", "type": "email", "hour": 9, "external": true}
{"timestamp": "2026-06-03T09:03:10.960235", "user": "USER_002", "type": "email", "hour": 9, "external": false}
{"timestamp": "2026-06-03T09:03:11.462128", "user": "USER_018", "type": "file", "hour": 9, "filename": "doc_281.exe"}
{"timestamp": "2026-06-03T09:03:11.964515", "user": "USER_016", "type": "email", "hour": 9, "external": false}
{"timestamp": "2026-06-03T09:03:12.465826", "user": "USER_008", "type": "email", "hour": 9, "external": true}
{"timestamp": "2026-06-03T09:03:12.967654", "user": "USER_017", "type": "file", "hour": 9, "filename": "doc_316.docx"}
{"timestamp": "2026-06-03T09:03:13.469180", "user": "USER_005", "type": "logon", "hour": 9}
{"timestamp": "2026-06-03T09:03:13.971004", "user": "USER_004", "type": "logon", "hour": 9}
{"timestamp": "2026-06-03T09:03:14.472559", "user": "USER_019", "type": "file", "hour": 9, "filename": "doc_194.exe"}
{"timestamp": "2026-06-03T09:03:14.974315", "user": "USER_013", "type": "email", "hour": 9, "external": false}
{"timestamp": "2026-06-03T09:03:15.976010", "user": "USER_016", "type": "email", "hour": 9, "external": false}
{"timestamp": "2026-06-03T09:03:16.477781", "user": "USER_009", "type": "file", "hour": 9, "filename": "doc_540.pdf"}
{"timestamp": "2026-06-03T09:03:16.979039", "user": "USER_002", "type": "file", "hour": 9, "filename": "doc_691.docx"}
{"timestamp": "2026-06-03T09:03:17.480663", "user": "USER_001", "type": "email", "hour": 9, "external": false}
{"timestamp": "2026-06-03T09:03:17.982391", "user": "USER_008", "type": "file", "hour": 9, "filename": "doc_893.zip"}
{"timestamp": "2026-06-03T09:03:18.485322", "user": "USER_006", "type": "file", "hour": 9, "filename": "doc_518.xlsx"}
{"timestamp": "2026-06-03T09:03:18.987135", "user": "USER_008", "type": "email", "hour": 9, "external": false}
{"timestamp": "2026-06-03T09:03:19.488461", "user": "USER_003", "type": "file", "hour": 9, "filename": "doc_861.zip"}
{"timestamp": "2026-06-03T09:03:19.989708", "user": "USER_003", "type": "file", "hour": 9, "filename": "doc_212.docx"}
{"timestamp": "2026-06-03T09:03:20.490587", "user": "USER_008", "type": "file", "hour": 9, "filename": "doc_637.docx"}
{"timestamp": "2026-06-03T09:03:20.992056", "user": "USER_014", "type": "file", "hour": 9, "filename": "doc_909.pdf"}
{"timestamp": "2026-06-03T09:03:21.493953", "user": "USER_007", "type": "logon", "hour": 9}
{"timestamp": "2026-06-03T09:03:21.996430", "user": "USER_007", "type": "file", "hour": 9, "filename": "doc_489.docx"}
{"timestamp": "2026-06-03T09:03:22.999748", "user": "USER_007", "type": "email", "hour": 9, "external": true}
{"timestamp": "2026-06-03T09:03:23.501415", "user": "USER_009", "type": "file", "hour": 9, "filename": "doc_207.docx"}
{"timestamp": "2026-06-03T09:03:24.003985", "user": "USER_014", "type": "email", "hour": 9, "external": false}
{"timestamp": "2026-06-03T09:03:24.505873", "user": "USER_007", "type": "email", "hour": 9, "external": true}
{"timestamp": "2026-06-03T09:03:25.007105", "user": "USER_001", "type": "email", "hour": 9, "external": false}
{"timestamp": "2026-06-03T09:03:26.008910", "user": "USER_005", "type": "email", "hour": 9, "external": false}
{"timestamp": "2026-06-03T09:03:26.509425", "user": "USER_015", "type": "email", "hour": 9, "external": true}
{"timestamp": "2026-06-03T09:03:27.009873", "user": "USER_004", "type": "email", "hour": 9, "external": false}
{"timestamp": "2026-06-03T09:03:27.510416", "user": "USER_015", "type": "file", "hour": 9, "filename": "doc_730.pdf"}
{"timestamp": "2026-06-03T09:03:28.011190", "user": "USER_019", "type": "email", "hour": 9, "external": false}
{"timestamp": "2026-06-03T09:03:28.511811", "user": "USER_004", "type": "file", "hour": 9, "filename": "doc_235.zip"}
{"timestamp": "2026-06-03T09:03:29.512978", "user": "USER_003", "type": "file", "hour": 9, "filename": "doc_955.pdf"}
{"timestamp": "2026-06-03T09:03:30.013465", "user": "USER_002", "type": "email", "hour": 9, "external": true}
{"timestamp": "2026-06-03T09:03:30.514360", "user": "USER_006", "type": "file", "hour": 9, "filename": "doc_182.exe"}
{"timestamp": "2026-06-03T09:03:31.015127", "user": "USER_019", "type": "file", "hour": 9, "filename": "doc_810.xlsx"}
{"timestamp": "2026-06-03T09:03:31.515683", "user": "USER_010", "type": "email", "hour": 9, "external": false}
{"timestamp": "2026-06-03T09:03:32.517179", "user": "USER_002", "type": "file", "hour": 9, "filename": "doc_979.pdf"}
{"timestamp": "2026-06-03T09:03:33.017684", "user": "USER_007", "type": "email", "hour": 9, "external": false}
{"timestamp": "2026-06-03T09:03:33.518457", "user": "USER_018", "type": "email", "hour": 9, "external": true}
{"timestamp": "2026-06-03T09:03:34.019030", "user": "USER_007", "type": "email", "hour": 9, "external": false}
{"timestamp": "2026-06-03T09:03:34.519946", "user": "USER_011", "type": "email", "hour": 9, "external": false}
{"timestamp": "2026-06-03T09:03:35.020633", "user": "USER_005", "type": "logon", "hour": 9}
{"timestamp": "2026-06-03T09:03:36.021859", "user": "USER_001", "type": "file", "hour": 9, "filename": "doc_128.pdf"}
{"timestamp": "2026-06-03T09:03:36.522698", "user": "USER_007", "type": "logon", "hour": 9}
{"timestamp": "2026-06-03T09:03:37.023156", "user": "USER_010", "type": "logon", "hour": 9}
{"timestamp": "2026-06-03T09:03:37.523627", "user": "USER_009", "type": "file", "hour": 9, "filename": "doc_752.pdf"}
{"timestamp": "2026-06-03T09:03:38.525226", "user": "USER_014", "type": "email", "hour": 9, "external": false}
{"timestamp": "2026-06-03T09:03:39.526502", "user": "USER_003", "type": "file", "hour": 9, "filename": "doc_248.xlsx"}
{"timestamp": "2026-06-03T09:03:40.027402", "user": "USER_007", "type": "file", "hour": 9, "filename": "doc_849.docx"}
{"timestamp": "2026-06-03T09:03:40.528097", "user": "USER_010", "type": "email", "hour": 9, "external": false}
{"timestamp": "2026-06-03T09:03:41.028474", "user": "USER_014", "type": "logon", "hour": 9}
{"timestamp": "2026-06-03T09:03:41.529314", "user": "USER_015", "type": "file", "hour": 9, "filename": "doc_872.zip"}
{"timestamp": "2026-06-03T09:03:42.531170", "user": "USER_012", "type": "file", "hour": 9, "filename": "doc_887.xlsx"}
{"timestamp": "2026-06-03T09:03:43.532206", "user": "USER_020", "type": "email", "hour": 9, "external": true}
{"timestamp": "2026-06-03T09:03:44.032885", "user": "USER_016", "type": "device", "hour": 9, "action": "disconnect"}
{"timestamp": "2026-06-03T09:03:44.533501", "user": "USER_007", "type": "file", "hour": 9, "filename": "doc_566.zip"}
{"timestamp": "2026-06-03T09:03:45.535064", "user": "USER_004", "type": "file", "hour": 9, "filename": "doc_717.xlsx"}
{"timestamp": "2026-06-03T09:03:46.536466", "user": "USER_003", "type": "email", "hour": 9, "external": false}
{"timestamp": "2026-06-03T09:03:47.037240", "user": "USER_018", "type": "logon", "hour": 9}
{"timestamp": "2026-06-03T09:03:48.038532", "user": "USER_004", "type": "email", "hour": 9, "external": false}
{"timestamp": "2026-06-03T09:03:49.039625", "user": "USER_018", "type": "email", "hour": 9, "external": false}
{"timestamp": "2026-06-03T09:03:49.540186", "user": "USER_010", "type": "email", "hour": 9, "external": false}
{"timestamp": "2026-06-03T09:03:50.541706", "user": "USER_012", "type": "file", "hour": 9, "filename": "doc_443.pdf"}
{"timestamp": "2026-06-03T09:03:51.042373", "user": "USER_015", "type": "email", "hour": 9, "external": false}
{"timestamp": "2026-06-03T09:03:52.043487", "user": "USER_015", "type": "file", "hour": 9, "filename": "doc_301.zip"}
{"timestamp": "2026-06-03T09:03:53.044862", "user": "USER_005", "type": "file", "hour": 9, "filename": "doc_288.xlsx"}
{"timestamp": "2026-06-03T09:03:53.545706", "user": "USER_019", "type": "logon", "hour": 9}
{"timestamp": "2026-06-03T09:03:54.046467", "user": "USER_004", "type": "file", "hour": 9, "filename": "doc_921.exe"}
{"timestamp": "2026-06-03T09:03:54.547136", "user": "USER_019", "type": "email", "hour": 9, "external": false}
{"timestamp": "2026-06-03T09:03:55.047729", "user": "USER_016", "type": "file", "hour": 9, "filename": "doc_583.zip"}
{"timestamp": "2026-06-03T09:03:55.548386", "user": "USER_005", "type": "email", "hour": 9, "external": true}
{"timestamp": "2026-06-03T09:03:56.048939", "user": "USER_019", "type": "email", "hour": 9, "external": false}
{"timestamp": "2026-06-03T09:03:56.549515", "user": "USER_016", "type": "file", "hour": 9, "filename": "doc_221.exe"}
{"timestamp": "2026-06-03T09:03:57.050527", "user": "USER_002", "type": "file", "hour": 9, "filename": "doc_508.exe"}
{"timestamp": "2026-06-03T09:03:57.551553", "user": "USER_014", "type": "device", "hour": 9, "action": "connect"}
{"timestamp": "2026-06-03T09:03:58.052144", "user": "USER_013", "type": "file", "hour": 9, "filename": "doc_649.docx"}
{"timestamp": "2026-06-03T09:03:58.553201", "user": "USER_007", "type": "email", "hour": 9, "external": false}
{"timestamp": "2026-06-03T09:03:59.053873", "user": "USER_005", "type": "file", "hour": 9, "filename": "doc_647.docx"}
{"timestamp": "2026-06-03T09:03:59.554478", "user": "USER_019", "type": "email", "hour": 9, "external": false}
{"timestamp": "2026-06-03T09:04:00.055467", "user": "USER_005", "type": "logon", "hour": 9}
{"timestamp": "2026-06-03T09:04:00.556343", "user": "USER_016", "type": "file", "hour": 9, "filename": "doc_363.zip"}
{"timestamp": "2026-06-03T09:04:01.056985", "user": "USER_012", "type": "file", "hour": 9, "filename": "doc_158.exe"}
{"timestamp": "2026-06-03T09:04:02.058042", "user": "USER_014", "type": "file", "hour": 9, "filename": "doc_112.zip"}
{"timestamp": "2026-06-03T09:04:02.558774", "user": "USER_008", "type": "file", "hour": 9, "filename": "doc_299.zip"}
{"timestamp": "2026-06-03T09:04:03.059412", "user": "USER_014", "type": "file", "hour": 9, "filename": "doc_149.docx"}
{"timestamp": "2026-06-03T09:04:03.560381", "user": "USER_006", "type": "email", "hour": 9, "external": false}
{"timestamp": "2026-06-03T09:04:04.061391", "user": "USER_006", "type": "email", "hour": 9, "external": false}
{"timestamp": "2026-06-03T09:04:04.562155", "user": "USER_012", "type": "file", "hour": 9, "filename": "doc_910.exe"}
{"timestamp": "2026-06-03T09:04:06.063779", "user": "USER_008", "type": "logon", "hour": 9}
{"timestamp": "2026-06-03T09:04:06.564407", "user": "USER_005", "type": "file", "hour": 9, "filename": "doc_109.pdf"}
{"timestamp": "2026-06-03T09:04:07.065569", "user": "USER_008", "type": "file", "hour": 9, "filename": "doc_608.exe"}
{"timestamp": "2026-06-03T09:04:07.566229", "user": "USER_011", "type": "file", "hour": 9, "filename": "doc_677.zip"}
{"timestamp": "2026-06-03T09:04:08.567868", "user": "USER_013", "type": "device", "hour": 9, "action": "disconnect"}
{"timestamp": "2026-06-03T09:04:09.569820", "user": "USER_007", "type": "file", "hour": 9, "filename": "doc_533.zip"}
{"timestamp": "2026-06-03T09:04:10.070556", "user": "USER_014", "type": "email", "hour": 9, "external": false}
{"timestamp": "2026-06-03T09:04:10.571206", "user": "USER_011", "type": "email", "hour": 9, "external": false}
{"timestamp": "2026-06-03T09:04:11.071878", "user": "USER_003", "type": "email", "hour": 9, "external": false}
{"timestamp": "2026-06-03T09:04:11.572525", "user": "USER_016", "type": "email", "hour": 9, "external": true}
{"timestamp": "2026-06-03T09:04:12.073233", "user": "USER_011", "type": "email", "hour": 9, "external": true}
{"timestamp": "2026-06-03T09:04:12.573996", "user": "USER_012", "type": "email", "hour": 9, "external": false}
{"timestamp": "2026-06-03T09:04:13.075107", "user": "USER_005", "type": "email", "hour": 9, "external": false}
{"timestamp": "2026-06-03T09:04:13.576066", "user": "USER_018", "type": "file", "hour": 3, "filename": "sensitive_data_46.zip"}
{"timestamp": "2026-06-03T09:04:13.576066", "user": "USER_018", "type": "file", "hour": 3, "filename": "sensitive_data_19.zip"}
{"timestamp": "2026-06-03T09:04:13.576066", "user": "USER_018", "type": "file", "hour": 3, "filename": "sensitive_data_50.zip"}
{"timestamp": "2026-06-03T09:04:13.576066", "user": "USER_018", "type": "file", "hour": 3, "filename": "sensitive_data_20.zip"}
{"timestamp": "2026-06-03T09:04:13.576066", "user": "USER_018", "type": "file", "hour": 3, "filename": "sensitive_data_41.zip"}
{"timestamp": "2026-06-03T09:04:13.576066", "user": "USER_018", "type": "file", "hour": 3, "filename": "sensitive_data_83.zip"}
{"timestamp": "2026-06-03T09:04:13.576066", "user": "USER_018", "type": "file", "hour": 3, "filename": "sensitive_data_81.zip"}
{"timestamp": "2026-06-03T09:04:13.576066", "user": "USER_018", "type": "file", "hour": 3, "filename": "sensitive_data_5.zip"}
{"timestamp": "2026-06-03T09:04:13.576066", "user": "USER_018", "type": "file", "hour": 3, "filename": "sensitive_data_29.zip"}
{"timestamp": "2026-06-03T09:04:13.576066", "user": "USER_018", "type": "file", "hour": 3, "filename": "sensitive_data_12.zip"}
{"timestamp": "2026-06-03T09:04:13.576066", "user": "USER_018", "type": "file", "hour": 3, "filename": "sensitive_data_19.zip"}
{"timestamp": "2026-06-03T09:04:13.576066", "user": "USER_018", "type": "file", "hour": 3, "filename": "sensitive_data_86.zip"}
{"timestamp": "2026-06-03T09:04:13.576066", "user": "USER_018", "type": "file", "hour": 3, "filename": "sensitive_data_7.zip"}
{"timestamp": "2026-06-03T09:04:13.576066", "user": "USER_018", "type": "file", "hour": 3, "filename": "sensitive_data_51.zip"}
{"timestamp": "2026-06-03T09:04:13.576066", "user": "USER_018", "type": "file", "hour": 3, "filename": "sensitive_data_92.zip"}
{"timestamp": "2026-06-03T09:04:13.576066", "user": "USER_018", "type": "file", "hour": 3, "filename": "sensitive_data_95.zip"}
{"timestamp": "2026-06-03T09:04:13.576066", "user": "USER_018", "type": "file", "hour": 3, "filename": "sensitive_data_94.zip"}
{"timestamp": "2026-06-03T09:04:13.576066", "user": "USER_018", "type": "file", "hour": 3, "filename": "sensitive_data_76.zip"}
{"timestamp": "2026-06-03T09:04:13.576066", "user": "USER_018", "type": "file", "hour": 3, "filename": "sensitive_data_45.zip"}
{"timestamp": "2026-06-03T09:04:13.576066", "user": "USER_018", "type": "file", "hour": 3, "filename": "sensitive_data_16.zip"}
{"timestamp": "2026-06-03T09:04:13.576066", "user": "USER_018", "type": "file", "hour": 3, "filename": "sensitive_data_33.zip"}
{"timestamp": "2026-06-03T09:04:13.576066", "user": "USER_018", "type": "file", "hour": 3, "filename": "sensitive_data_30.zip"}
{"timestamp": "2026-06-03T09:04:13.576066", "user": "USER_018", "type": "file", "hour": 3, "filename": "sensitive_data_58.zip"}
{"timestamp": "2026-06-03T09:04:13.576066", "user": "USER_018", "type": "file", "hour": 3, "filename": "sensitive_data_8.zip"}
{"timestamp": "2026-06-03T09:04:13.576066", "user": "USER_018", "type": "file", "hour": 3, "filename": "sensitive_data_30.zip"}
{"timestamp": "2026-06-03T09:04:13.576066", "user": "USER_018", "type": "file", "hour": 3, "filename": "sensitive_data_26.zip"}
{"timestamp": "2026-06-03T09:04:13.576066", "user": "USER_018", "type": "file", "hour": 3, "filename": "sensitive_data_44.zip"}
{"timestamp": "2026-06-03T09:04:13.576066", "user": "USER_018", "type": "file", "hour": 3, "filename": "sensitive_data_6.zip"}
{"timestamp": "2026-06-03T09:04:13.576066", "user": "USER_018", "type": "file", "hour": 3, "filename": "sensitive_data_24.zip"}
{"timestamp": "2026-06-03T09:04:13.576066", "user": "USER_018", "type": "file", "hour": 3, "filename": "sensitive_data_77.zip"}
{"timestamp": "2026-06-03T09:04:13.576066", "user": "USER_018", "type": "file", "hour": 3, "filename": "sensitive_data_7.zip"}
{"timestamp": "2026-06-03T09:04:13.576066", "user": "USER_018", "type": "file", "hour": 3, "filename": "sensitive_data_97.zip"}
{"timestamp": "2026-06-03T09:04:13.576066", "user": "USER_018", "type": "file", "hour": 3, "filename": "sensitive_data_71.zip"}
{"timestamp": "2026-06-03T09:04:13.576066", "user": "USER_018", "type": "file", "hour": 3, "filename": "sensitive_data_93.zip"}
{"timestamp": "2026-06-03T09:04:13.576066", "user": "USER_018", "type": "file", "hour": 3, "filename": "sensitive_data_17.zip"}
{"timestamp": "2026-06-03T09:04:13.576066", "user": "USER_018", "type": "file", "hour": 3, "filename": "sensitive_data_11.zip"}
{"timestamp": "2026-06-03T09:04:13.576066", "user": "USER_018", "type": "file", "hour": 3, "filename": "sensitive_data_95.zip"}
{"timestamp": "2026-06-03T09:04:13.576066", "user": "USER_018", "type": "file", "hour": 3, "filename": "sensitive_data_74.zip"}
{"timestamp": "2026-06-03T09:04:13.576066", "user": "USER_018", "type": "file", "hour": 3, "filename": "sensitive_data_71.zip"}
{"timestamp": "2026-06-03T09:04:13.576066", "user": "USER_018", "type": "file", "hour": 3, "filename": "sensitive_data_88.zip"}
{"timestamp": "2026-06-03T09:04:13.576066", "user": "USER_018", "type": "file", "hour": 3, "filename": "sensitive_data_39.zip"}
{"timestamp": "2026-06-03T09:04:13.576066", "user": "USER_018", "type": "file", "hour": 3, "filename": "sensitive_data_84.zip"}
{"timestamp": "2026-06-03T09:04:13.576066", "user": "USER_018", "type": "file", "hour": 3, "filename": "sensitive_data_29.zip"}
{"timestamp": "2026-06-03T09:04:13.576066", "user": "USER_018", "type": "file", "hour": 3, "filename": "sensitive_data_96.zip"}
{"timestamp": "2026-06-03T09:04:13.576066", "user": "USER_018", "type": "file", "hour": 3, "filename": "sensitive_data_36.zip"}
{"timestamp": "2026-06-03T09:04:13.576066", "user": "USER_018", "type": "email", "hour": 3, "external": true}
{"timestamp": "2026-06-03T09:04:13.576066", "user": "USER_018", "type": "email", "hour": 3, "external": true}
{"timestamp": "2026-06-03T09:04:13.576066", "user": "USER_018", "type": "email", "hour": 3, "external": true}
{"timestamp": "2026-06-03T09:04:13.576066", "user": "USER_018", "type": "email", "hour": 3, "external": true}
{"timestamp": "2026-06-03T09:04:13.576066", "user": "USER_018", "type": "email", "hour": 3, "external": true}
{"timestamp": "2026-06-03T09:04:13.576066", "user": "USER_018", "type": "email", "hour": 3, "external": true}
{"timestamp": "2026-06-03T09:04:13.576066", "user": "USER_018", "type": "email", "hour": 3, "external": true}
{"timestamp": "2026-06-03T09:04:13.576066", "user": "USER_018", "type": "email", "hour": 3, "external": true}
{"timestamp": "2026-06-03T09:04:13.576066", "user": "USER_018", "type": "email", "hour": 3, "external": true}
{"timestamp": "2026-06-03T09:04:13.576066", "user": "USER_018", "type": "email", "hour": 3, "external": true}
{"timestamp": "2026-06-03T09:04:13.576066", "user": "USER_018", "type": "email", "hour": 3, "external": true}
{"timestamp": "2026-06-03T09:04:14.077189", "user": "USER_019", "type": "file", "hour": 9, "filename": "doc_506.zip"}
{"timestamp": "2026-06-03T09:04:14.579095", "user": "USER_019", "type": "email", "hour": 9, "external": false}
{"timestamp": "2026-06-03T09:04:15.080525", "user": "USER_017", "type": "file", "hour": 3, "filename": "sensitive_data_80.zip"}
{"timestamp": "2026-06-03T09:04:15.080525", "user": "USER_017", "type": "file", "hour": 3, "filename": "sensitive_data_16.zip"}
{"timestamp": "2026-06-03T09:04:15.080525", "user": "USER_017", "type": "file", "hour": 3, "filename": "sensitive_data_99.zip"}
{"timestamp": "2026-06-03T09:04:15.080525", "user": "USER_017", "type": "file", "hour": 3, "filename": "sensitive_data_49.zip"}
{"timestamp": "2026-06-03T09:04:15.080525", "user": "USER_017", "type": "file", "hour": 3, "filename": "sensitive_data_27.zip"}
{"timestamp": "2026-06-03T09:04:15.080525", "user": "USER_017", "type": "file", "hour": 3, "filename": "sensitive_data_74.zip"}
{"timestamp": "2026-06-03T09:04:15.080525", "user": "USER_017", "type": "file", "hour": 3, "filename": "sensitive_data_10.zip"}
{"timestamp": "2026-06-03T09:04:15.080525", "user": "USER_017", "type": "file", "hour": 3, "filename": "sensitive_data_36.zip"}
{"timestamp": "2026-06-03T09:04:15.080525", "user": "USER_017", "type": "file", "hour": 3, "filename": "sensitive_data_4.zip"}
{"timestamp": "2026-06-03T09:04:15.080525", "user": "USER_017", "type": "file", "hour": 3, "filename": "sensitive_data_80.zip"}
{"timestamp": "2026-06-03T09:04:15.080525", "user": "USER_017", "type": "file", "hour": 3, "filename": "sensitive_data_77.zip"}
{"timestamp": "2026-06-03T09:04:15.080525", "user": "USER_017", "type": "file", "hour": 3, "filename": "sensitive_data_38.zip"}
{"timestamp": "2026-06-03T09:04:15.080525", "user": "USER_017", "type": "file", "hour": 3, "filename": "sensitive_data_4.zip"}
{"timestamp": "2026-06-03T09:04:15.080525", "user": "USER_017", "type": "file", "hour": 3, "filename": "sensitive_data_80.zip"}
{"timestamp": "2026-06-03T09:04:15.080525", "user": "USER_017", "type": "file", "hour": 3, "filename": "sensitive_data_14.zip"}
{"timestamp": "2026-06-03T09:04:15.080525", "user": "USER_017", "type": "file", "hour": 3, "filename": "sensitive_data_16.zip"}
{"timestamp": "2026-06-03T09:04:15.080525", "user": "USER_017", "type": "file", "hour": 3, "filename": "sensitive_data_75.zip"}
{"timestamp": "2026-06-03T09:04:15.080525", "user": "USER_017", "type": "file", "hour": 3, "filename": "sensitive_data_53.zip"}
{"timestamp": "2026-06-03T09:04:15.080525", "user": "USER_017", "type": "file", "hour": 3, "filename": "sensitive_data_26.zip"}
{"timestamp": "2026-06-03T09:04:15.080525", "user": "USER_017", "type": "file", "hour": 3, "filename": "sensitive_data_84.zip"}
{"timestamp": "2026-06-03T09:04:15.080525", "user": "USER_017", "type": "file", "hour": 3, "filename": "sensitive_data_5.zip"}
{"timestamp": "2026-06-03T09:04:15.080525", "user": "USER_017", "type": "file", "hour": 3, "filename": "sensitive_data_34.zip"}
{"timestamp": "2026-06-03T09:04:15.080525", "user": "USER_017", "type": "file", "hour": 3, "filename": "sensitive_data_94.zip"}
{"timestamp": "2026-06-03T09:04:15.080525", "user": "USER_017", "type": "file", "hour": 3, "filename": "sensitive_data_29.zip"}
{"timestamp": "2026-06-03T09:04:15.080525", "user": "USER_017", "type": "file", "hour": 3, "filename": "sensitive_data_25.zip"}
{"timestamp": "2026-06-03T09:04:15.080525", "user": "USER_017", "type": "file", "hour": 3, "filename": "sensitive_data_59.zip"}
{"timestamp": "2026-06-03T09:04:15.080525", "user": "USER_017", "type": "file", "hour": 3, "filename": "sensitive_data_58.zip"}
{"timestamp": "2026-06-03T09:04:15.080525", "user": "USER_017", "type": "file", "hour": 3, "filename": "sensitive_data_93.zip"}
{"timestamp": "2026-06-03T09:04:15.080525", "user": "USER_017", "type": "file", "hour": 3, "filename": "sensitive_data_98.zip"}
{"timestamp": "2026-06-03T09:04:15.080525", "user": "USER_017", "type": "file", "hour": 3, "filename": "sensitive_data_97.zip"}
{"timestamp": "2026-06-03T09:04:15.080525", "user": "USER_017", "type": "file", "hour": 3, "filename": "sensitive_data_95.zip"}
{"timestamp": "2026-06-03T09:04:15.080525", "user": "USER_017", "type": "file", "hour": 3, "filename": "sensitive_data_8.zip"}
{"timestamp": "2026-06-03T09:04:15.080525", "user": "USER_017", "type": "file", "hour": 3, "filename": "sensitive_data_33.zip"}
{"timestamp": "2026-06-03T09:04:15.080525", "user": "USER_017", "type": "file", "hour": 3, "filename": "sensitive_data_30.zip"}
{"timestamp": "2026-06-03T09:04:15.080525", "user": "USER_017", "type": "file", "hour": 3, "filename": "sensitive_data_44.zip"}
{"timestamp": "2026-06-03T09:04:15.080525", "user": "USER_017", "type": "email", "hour": 3, "external": true}
{"timestamp": "2026-06-03T09:04:15.080525", "user": "USER_017", "type": "email", "hour": 3, "external": true}
{"timestamp": "2026-06-03T09:04:15.080525", "user": "USER_017", "type": "email", "hour": 3, "external": true}
{"timestamp": "2026-06-03T09:04:15.080525", "user": "USER_017", "type": "email", "hour": 3, "external": true}
{"timestamp": "2026-06-03T09:04:15.080525", "user": "USER_017", "type": "email", "hour": 3, "external": true}
{"timestamp": "2026-06-03T09:04:15.080525", "user": "USER_017", "type": "email", "hour": 3, "external": true}
{"timestamp": "2026-06-03T09:04:15.080525", "user": "USER_017", "type": "email", "hour": 3, "external": true}
{"timestamp": "2026-06-03T09:04:15.080525", "user": "USER_017", "type": "email", "hour": 3, "external": true}
{"timestamp": "2026-06-03T09:04:15.080525", "user": "USER_017", "type": "email", "hour": 3, "external": true}
{"timestamp": "2026-06-03T09:04:15.080525", "user": "USER_017", "type": "email", "hour": 3, "external": true}
{"timestamp": "2026-06-03T09:04:15.080525", "user": "USER_017", "type": "email", "hour": 3, "external": true}
{"timestamp": "2026-06-03T09:04:15.581759", "user": "USER_005", "type": "email", "hour": 9, "external": false}
{"timestamp": "2026-06-03T09:04:16.084731", "user": "USER_016", "type": "file", "hour": 9, "filename": "doc_972.zip"}
{"timestamp": "2026-06-03T09:04:16.586072", "user": "USER_010", "type": "logon", "hour": 9}
{"timestamp": "2026-06-03T09:04:17.087531", "user": "USER_015", "type": "email", "hour": 9, "external": false}
{"timestamp": "2026-06-03T09:04:17.589767", "user": "USER_005", "type": "email", "hour": 9, "external": false}
{"timestamp": "2026-06-03T09:04:18.091419", "user": "USER_007", "type": "email", "hour": 9, "external": false}
{"timestamp": "2026-06-03T09:04:19.594775", "user": "USER_003", "type": "email", "hour": 9, "external": false}
{"timestamp": "2026-06-03T09:04:20.596865", "user": "USER_011", "type": "logon", "hour": 9}
{"timestamp": "2026-06-03T09:04:21.600495", "user": "USER_019", "type": "file", "hour": 9, "filename": "doc_465.zip"}
{"timestamp": "2026-06-03T09:04:22.103923", "user": "USER_010", "type": "file", "hour": 9, "filename": "doc_442.docx"}
{"timestamp": "2026-06-03T09:04:22.605515", "user": "USER_010", "type": "device", "hour": 9, "action": "connect"}
{"timestamp": "2026-06-03T09:04:23.607688", "user": "USER_005", "type": "email", "hour": 9, "external": false}
{"timestamp": "2026-06-03T09:04:24.109197", "user": "USER_008", "type": "file", "hour": 9, "filename": "doc_544.xlsx"}
{"timestamp": "2026-06-03T09:04:24.610482", "user": "USER_018", "type": "file", "hour": 9, "filename": "doc_508.pdf"}
{"timestamp": "2026-06-03T09:04:25.111316", "user": "USER_014", "type": "email", "hour": 9, "external": false}
{"timestamp": "2026-06-03T09:04:25.612384", "user": "USER_008", "type": "email", "hour": 9, "external": false}
{"timestamp": "2026-06-03T09:04:26.113979", "user": "USER_005", "type": "file", "hour": 9, "filename": "doc_864.zip"}
{"timestamp": "2026-06-03T09:04:26.615861", "user": "USER_001", "type": "file", "hour": 9, "filename": "doc_979.xlsx"}
{"timestamp": "2026-06-03T09:04:27.118280", "user": "USER_001", "type": "file", "hour": 9, "filename": "doc_270.exe"}
{"timestamp": "2026-06-03T09:04:27.620009", "user": "USER_005", "type": "file", "hour": 9, "filename": "doc_986.exe"}
{"timestamp": "2026-06-03T09:04:28.121698", "user": "USER_007", "type": "email", "hour": 9, "external": true}
{"timestamp": "2026-06-03T09:04:28.623017", "user": "USER_008", "type": "email", "hour": 9, "external": true}
{"timestamp": "2026-06-03T09:04:29.124121", "user": "USER_004", "type": "file", "hour": 9, "filename": "doc_333.zip"}
{"timestamp": "2026-06-03T09:04:29.625467", "user": "USER_010", "type": "email", "hour": 9, "external": false}
{"timestamp": "2026-06-03T09:04:30.126268", "user": "USER_014", "type": "email", "hour": 9, "external": false}
{"timestamp": "2026-06-03T09:04:30.628347", "user": "USER_019", "type": "email", "hour": 9, "external": false}
{"timestamp": "2026-06-03T09:04:31.129511", "user": "USER_001", "type": "file", "hour": 9, "filename": "doc_570.xlsx"}
{"timestamp": "2026-06-03T09:04:31.130191", "user": "USER_016", "type": "file", "hour": 3, "filename": "sensitive_data_38.zip"}
{"timestamp": "2026-06-03T09:04:31.130191", "user": "USER_016", "type": "file", "hour": 3, "filename": "sensitive_data_27.zip"}
{"timestamp": "2026-06-03T09:04:31.130191", "user": "USER_016", "type": "file", "hour": 3, "filename": "sensitive_data_67.zip"}
{"timestamp": "2026-06-03T09:04:31.130191", "user": "USER_016", "type": "file", "hour": 3, "filename": "sensitive_data_32.zip"}
{"timestamp": "2026-06-03T09:04:31.130191", "user": "USER_016", "type": "file", "hour": 3, "filename": "sensitive_data_21.zip"}
{"timestamp": "2026-06-03T09:04:31.130191", "user": "USER_016", "type": "file", "hour": 3, "filename": "sensitive_data_26.zip"}
{"timestamp": "2026-06-03T09:04:31.130191", "user": "USER_016", "type": "file", "hour": 3, "filename": "sensitive_data_92.zip"}
{"timestamp": "2026-06-03T09:04:31.130191", "user": "USER_016", "type": "file", "hour": 3, "filename": "sensitive_data_79.zip"}
{"timestamp": "2026-06-03T09:04:31.130191", "user": "USER_016", "type": "file", "hour": 3, "filename": "sensitive_data_37.zip"}
{"timestamp": "2026-06-03T09:04:31.130191", "user": "USER_016", "type": "file", "hour": 3, "filename": "sensitive_data_53.zip"}
{"timestamp": "2026-06-03T09:04:31.130191", "user": "USER_016", "type": "file", "hour": 3, "filename": "sensitive_data_14.zip"}
{"timestamp": "2026-06-03T09:04:31.130191", "user": "USER_016", "type": "file", "hour": 3, "filename": "sensitive_data_83.zip"}
{"timestamp": "2026-06-03T09:04:31.130191", "user": "USER_016", "type": "file", "hour": 3, "filename": "sensitive_data_65.zip"}
{"timestamp": "2026-06-03T09:04:31.130191", "user": "USER_016", "type": "file", "hour": 3, "filename": "sensitive_data_14.zip"}
{"timestamp": "2026-06-03T09:04:31.130191", "user": "USER_016", "type": "file", "hour": 3, "filename": "sensitive_data_82.zip"}
{"timestamp": "2026-06-03T09:04:31.130191", "user": "USER_016", "type": "file", "hour": 3, "filename": "sensitive_data_23.zip"}
{"timestamp": "2026-06-03T09:04:31.130191", "user": "USER_016", "type": "file", "hour": 3, "filename": "sensitive_data_70.zip"}
{"timestamp": "2026-06-03T09:04:31.130191", "user": "USER_016", "type": "file", "hour": 3, "filename": "sensitive_data_12.zip"}
{"timestamp": "2026-06-03T09:04:31.130191", "user": "USER_016", "type": "file", "hour": 3, "filename": "sensitive_data_69.zip"}
{"timestamp": "2026-06-03T09:04:31.130191", "user": "USER_016", "type": "file", "hour": 3, "filename": "sensitive_data_93.zip"}
{"timestamp": "2026-06-03T09:04:31.130191", "user": "USER_016", "type": "file", "hour": 3, "filename": "sensitive_data_59.zip"}
{"timestamp": "2026-06-03T09:04:31.130191", "user": "USER_016", "type": "file", "hour": 3, "filename": "sensitive_data_7.zip"}
{"timestamp": "2026-06-03T09:04:31.130191", "user": "USER_016", "type": "file", "hour": 3, "filename": "sensitive_data_32.zip"}
{"timestamp": "2026-06-03T09:04:31.130191", "user": "USER_016", "type": "file", "hour": 3, "filename": "sensitive_data_5.zip"}
{"timestamp": "2026-06-03T09:04:31.130191", "user": "USER_016", "type": "file", "hour": 3, "filename": "sensitive_data_18.zip"}
{"timestamp": "2026-06-03T09:04:31.130191", "user": "USER_016", "type": "file", "hour": 3, "filename": "sensitive_data_59.zip"}
{"timestamp": "2026-06-03T09:04:31.130191", "user": "USER_016", "type": "file", "hour": 3, "filename": "sensitive_data_35.zip"}
{"timestamp": "2026-06-03T09:04:31.130191", "user": "USER_016", "type": "file", "hour": 3, "filename": "sensitive_data_16.zip"}
{"timestamp": "2026-06-03T09:04:31.130191", "user": "USER_016", "type": "file", "hour": 3, "filename": "sensitive_data_37.zip"}
{"timestamp": "2026-06-03T09:04:31.130191", "user": "USER_016", "type": "file", "hour": 3, "filename": "sensitive_data_62.zip"}
{"timestamp": "2026-06-03T09:04:31.130191", "user": "USER_016", "type": "file", "hour": 3, "filename": "sensitive_data_74.zip"}
{"timestamp": "2026-06-03T09:04:31.130191", "user": "USER_016", "type": "file", "hour": 3, "filename": "sensitive_data_79.zip"}
{"timestamp": "2026-06-03T09:04:31.130191", "user": "USER_016", "type": "file", "hour": 3, "filename": "sensitive_data_10.zip"}
{"timestamp": "2026-06-03T09:04:31.130191", "user": "USER_016", "type": "file", "hour": 3, "filename": "sensitive_data_52.zip"}
{"timestamp": "2026-06-03T09:04:31.130191", "user": "USER_016", "type": "file", "hour": 3, "filename": "sensitive_data_60.zip"}
{"timestamp": "2026-06-03T09:04:31.130191", "user": "USER_016", "type": "file", "hour": 3, "filename": "sensitive_data_23.zip"}
{"timestamp": "2026-06-03T09:04:31.130191", "user": "USER_016", "type": "file", "hour": 3, "filename": "sensitive_data_22.zip"}
{"timestamp": "2026-06-03T09:04:31.130191", "user": "USER_016", "type": "file", "hour": 3, "filename": "sensitive_data_13.zip"}
{"timestamp": "2026-06-03T09:04:31.130191", "user": "USER_016", "type": "file", "hour": 3, "filename": "sensitive_data_36.zip"}
{"timestamp": "2026-06-03T09:04:31.130191", "user": "USER_016", "type": "file", "hour": 3, "filename": "sensitive_data_18.zip"}
{"timestamp": "2026-06-03T09:04:31.130191", "user": "USER_016", "type": "file", "hour": 3, "filename": "sensitive_data_87.zip"}
{"timestamp": "2026-06-03T09:04:31.130191", "user": "USER_016", "type": "file", "hour": 3, "filename": "sensitive_data_29.zip"}
{"timestamp": "2026-06-03T09:04:31.130191", "user": "USER_016", "type": "file", "hour": 3, "filename": "sensitive_data_54.zip"}
{"timestamp": "2026-06-03T09:04:31.130191", "user": "USER_016", "type": "file", "hour": 3, "filename": "sensitive_data_71.zip"}
{"timestamp": "2026-06-03T09:04:31.130191", "user": "USER_016", "type": "file", "hour": 3, "filename": "sensitive_data_38.zip"}
{"timestamp": "2026-06-03T09:04:31.130191", "user": "USER_016", "type": "file", "hour": 3, "filename": "sensitive_data_7.zip"}
{"timestamp": "2026-06-03T09:04:31.130191", "user": "USER_016", "type": "file", "hour": 3, "filename": "sensitive_data_61.zip"}
{"timestamp": "2026-06-03T09:04:31.130191", "user": "USER_016", "type": "email", "hour": 3, "external": true}
{"timestamp": "2026-06-03T09:04:31.130191", "user": "USER_016", "type": "email", "hour": 3, "external": true}
{"timestamp": "2026-06-03T09:04:31.130191", "user": "USER_016", "type": "email", "hour": 3, "external": true}
{"timestamp": "2026-06-03T09:04:31.130191", "user": "USER_016", "type": "email", "hour": 3, "external": true}
{"timestamp": "2026-06-03T09:04:31.130191", "user": "USER_016", "type": "email", "hour": 3, "external": true}
{"timestamp": "2026-06-03T09:04:31.130191", "user": "USER_016", "type": "email", "hour": 3, "external": true}
{"timestamp": "2026-06-03T09:04:31.130191", "user": "USER_016", "type": "email", "hour": 3, "external": true}
{"timestamp": "2026-06-03T09:04:31.130191", "user": "USER_016", "type": "email", "hour": 3, "external": true}
{"timestamp": "2026-06-03T09:04:31.130191", "user": "USER_016", "type": "email", "hour": 3, "external": true}
{"timestamp": "2026-06-03T09:04:31.130191", "user": "USER_016", "type": "email", "hour": 3, "external": true}
{"timestamp": "2026-06-03T09:04:31.130191", "user": "USER_016", "type": "email", "hour": 3, "external": true}
{"timestamp": "2026-06-03T09:04:31.130191", "user": "USER_016", "type": "email", "hour": 3, "external": true}
{"timestamp": "2026-06-03T09:04:31.130191", "user": "USER_016", "type": "email", "hour": 3, "external": true}
{"timestamp": "2026-06-03T09:04:32.132968", "user": "USER_009", "type": "file", "hour": 9, "filename": "doc_490.exe"}
{"timestamp": "2026-06-03T09:04:32.634066", "user": "USER_014", "type": "file", "hour": 9, "filename": "doc_139.docx"}
{"timestamp": "2026-06-03T09:04:33.636737", "user": "USER_017", "type": "logon", "hour": 9}
{"timestamp": "2026-06-03T09:04:34.138308", "user": "USER_001", "type": "email", "hour": 9, "external": false}
{"timestamp": "2026-06-03T09:04:34.640287", "user": "USER_008", "type": "email", "hour": 9, "external": true}
{"timestamp": "2026-06-03T09:04:35.141479", "user": "USER_014", "type": "file", "hour": 9, "filename": "doc_815.exe"}
{"timestamp": "2026-06-03T09:04:36.143857", "user": "USER_017", "type": "file", "hour": 9, "filename": "doc_129.docx"}
{"timestamp": "2026-06-03T09:04:36.645595", "user": "USER_016", "type": "file", "hour": 9, "filename": "doc_393.xlsx"}
{"timestamp": "2026-06-03T09:04:37.147212", "user": "USER_007", "type": "file", "hour": 9, "filename": "doc_168.xlsx"}
{"timestamp": "2026-06-03T09:04:37.648486", "user": "USER_009", "type": "file", "hour": 9, "filename": "doc_167.exe"}
{"timestamp": "2026-06-03T09:04:38.149981", "user": "USER_004", "type": "email", "hour": 9, "external": false}
{"timestamp": "2026-06-03T09:04:38.651395", "user": "USER_007", "type": "file", "hour": 9, "filename": "doc_838.pdf"}
{"timestamp": "2026-06-03T09:04:39.152998", "user": "USER_014", "type": "email", "hour": 9, "external": false}
{"timestamp": "2026-06-03T09:04:39.654396", "user": "USER_010", "type": "email", "hour": 9, "external": false}
{"timestamp": "2026-06-03T09:04:40.155460", "user": "USER_012", "type": "file", "hour": 9, "filename": "doc_645.xlsx"}
{"timestamp": "2026-06-03T09:04:40.656284", "user": "USER_010", "type": "email", "hour": 9, "external": false}
{"timestamp": "2026-06-03T09:04:41.157244", "user": "USER_019", "type": "email", "hour": 9, "external": true}
{"timestamp": "2026-06-03T09:04:41.658396", "user": "USER_003", "type": "file", "hour": 9, "filename": "doc_244.zip"}
{"timestamp": "2026-06-03T09:04:42.159713", "user": "USER_008", "type": "file", "hour": 9, "filename": "doc_117.docx"}
{"timestamp": "2026-06-03T09:04:42.661442", "user": "USER_012", "type": "email", "hour": 9, "external": false}
{"timestamp": "2026-06-03T09:04:43.162127", "user": "USER_011", "type": "email", "hour": 9, "external": true}
{"timestamp": "2026-06-03T09:04:45.166502", "user": "USER_008", "type": "email", "hour": 9, "external": false}
{"timestamp": "2026-06-03T09:04:45.668714", "user": "USER_012", "type": "file", "hour": 9, "filename": "doc_167.exe"}
{"timestamp": "2026-06-03T09:04:46.169827", "user": "USER_019", "type": "email", "hour": 9, "external": true}
{"timestamp": "2026-06-03T09:04:47.173213", "user": "USER_017", "type": "email", "hour": 9, "external": false}
{"timestamp": "2026-06-03T09:04:48.175462", "user": "USER_002", "type": "email", "hour": 9, "external": false}
{"timestamp": "2026-06-03T09:04:48.676741", "user": "USER_006", "type": "email", "hour": 9, "external": false}
{"timestamp": "2026-06-03T09:04:49.177787", "user": "USER_005", "type": "email", "hour": 9, "external": false}
{"timestamp": "2026-06-03T09:04:49.678572", "user": "USER_016", "type": "email", "hour": 9, "external": false}
{"timestamp": "2026-06-03T09:04:50.180003", "user": "USER_018", "type": "email", "hour": 9, "external": false}
{"timestamp": "2026-06-03T09:04:51.183156", "user": "USER_012", "type": "email", "hour": 9, "external": false}
{"timestamp": "2026-06-03T09:04:51.685090", "user": "USER_005", "type": "email", "hour": 9, "external": false}
{"timestamp": "2026-06-03T09:04:52.186089", "user": "USER_012", "type": "file", "hour": 9, "filename": "doc_458.xlsx"}
{"timestamp": "2026-06-03T09:04:52.687738", "user": "USER_004", "type": "logon", "hour": 9}
{"timestamp": "2026-06-03T09:04:53.189592", "user": "USER_007", "type": "email", "hour": 9, "external": false}
{"timestamp": "2026-06-03T09:04:53.691031", "user": "USER_020", "type": "file", "hour": 9, "filename": "doc_799.xlsx"}
{"timestamp": "2026-06-03T09:04:54.192471", "user": "USER_007", "type": "email", "hour": 9, "external": false}
{"timestamp": "2026-06-03T09:04:54.693483", "user": "USER_002", "type": "email", "hour": 9, "external": false}
{"timestamp": "2026-06-03T09:04:55.194444", "user": "USER_020", "type": "file", "hour": 9, "filename": "doc_654.xlsx"}
{"timestamp": "2026-06-03T09:04:55.695968", "user": "USER_001", "type": "email", "hour": 9, "external": false}
{"timestamp": "2026-06-03T09:04:56.698630", "user": "USER_019", "type": "file", "hour": 9, "filename": "doc_337.exe"}
{"timestamp": "2026-06-03T09:04:57.200580", "user": "USER_009", "type": "file", "hour": 9, "filename": "doc_705.pdf"}
{"timestamp": "2026-06-03T09:04:57.702588", "user": "USER_005", "type": "logon", "hour": 9}
{"timestamp": "2026-06-03T09:04:58.203926", "user": "USER_009", "type": "logon", "hour": 9}
{"timestamp": "2026-06-03T09:04:58.705220", "user": "USER_004", "type": "email", "hour": 9, "external": true}
{"timestamp": "2026-06-03T09:04:59.206496", "user": "USER_004", "type": "logon", "hour": 9}
{"timestamp": "2026-06-03T09:04:59.708029", "user": "USER_019", "type": "email", "hour": 9, "external": true}
{"timestamp": "2026-06-03T09:05:00.209451", "user": "USER_018", "type": "email", "hour": 9, "external": false}
{"timestamp": "2026-06-03T09:05:00.710913", "user": "USER_016", "type": "logon", "hour": 9}
{"timestamp": "2026-06-03T09:05:01.212482", "user": "USER_004", "type": "device", "hour": 9, "action": "disconnect"}
{"timestamp": "2026-06-03T09:05:01.713873", "user": "USER_013", "type": "email", "hour": 9, "external": false}
{"timestamp": "2026-06-03T09:05:02.214992", "user": "USER_019", "type": "email", "hour": 9, "external": false}
{"timestamp": "2026-06-03T09:05:02.716930", "user": "USER_002", "type": "file", "hour": 9, "filename": "doc_242.xlsx"}
{"timestamp": "2026-06-03T09:05:03.218200", "user": "USER_013", "type": "email", "hour": 9, "external": false}
{"timestamp": "2026-06-03T09:05:03.719630", "user": "USER_009", "type": "file", "hour": 9, "filename": "doc_141.docx"}
{"timestamp": "2026-06-03T09:05:04.221152", "user": "USER_006", "type": "email", "hour": 9, "external": false}
{"timestamp": "2026-06-03T09:05:04.722470", "user": "USER_018", "type": "email", "hour": 9, "external": false}
{"timestamp": "2026-06-03T09:05:05.224022", "user": "USER_015", "type": "logon", "hour": 9}
{"timestamp": "2026-06-03T09:05:06.226410", "user": "USER_013", "type": "file", "hour": 9, "filename": "doc_875.zip"}
{"timestamp": "2026-06-03T09:05:07.229376", "user": "USER_010", "type": "file", "hour": 9, "filename": "doc_428.pdf"}
{"timestamp": "2026-06-03T09:05:07.730624", "user": "USER_020", "type": "file", "hour": 9, "filename": "doc_795.exe"}
{"timestamp": "2026-06-03T09:05:08.232811", "user": "USER_020", "type": "email", "hour": 9, "external": true}
{"timestamp": "2026-06-03T09:05:08.735207", "user": "USER_019", "type": "logon", "hour": 9}
{"timestamp": "2026-06-03T09:05:09.236712", "user": "USER_004", "type": "file", "hour": 9, "filename": "doc_923.pdf"}
{"timestamp": "2026-06-03T09:05:09.737916", "user": "USER_011", "type": "device", "hour": 9, "action": "disconnect"}
{"timestamp": "2026-06-03T09:05:10.239568", "user": "USER_011", "type": "email", "hour": 9, "external": true}
{"timestamp": "2026-06-03T09:05:10.740802", "user": "USER_003", "type": "file", "hour": 9, "filename": "doc_777.exe"}
{"timestamp": "2026-06-03T09:05:11.242330", "user": "USER_008", "type": "file", "hour": 9, "filename": "doc_523.exe"}
{"timestamp": "2026-06-03T09:05:11.743856", "user": "USER_014", "type": "email", "hour": 9, "external": true}
{"timestamp": "2026-06-03T09:05:13.246635", "user": "USER_007", "type": "email", "hour": 9, "external": false}
{"timestamp": "2026-06-03T09:05:13.747983", "user": "USER_001", "type": "file", "hour": 9, "filename": "doc_544.xlsx"}
{"timestamp": "2026-06-03T09:05:14.249861", "user": "USER_015", "type": "file", "hour": 9, "filename": "doc_388.exe"}
{"timestamp": "2026-06-03T09:05:14.751674", "user": "USER_015", "type": "email", "hour": 9, "external": false}
{"timestamp": "2026-06-03T09:05:15.756436", "user": "USER_010", "type": "logon", "hour": 9}
{"timestamp": "2026-06-03T09:05:17.260152", "user": "USER_002", "type": "file", "hour": 9, "filename": "doc_420.docx"}
{"timestamp": "2026-06-03T09:05:18.261903", "user": "USER_010", "type": "email", "hour": 9, "external": false}
{"timestamp": "2026-06-03T09:05:18.762973", "user": "USER_020", "type": "file", "hour": 9, "filename": "doc_459.pdf"}
{"timestamp": "2026-06-03T09:05:19.265055", "user": "USER_008", "type": "logon", "hour": 9}
{"timestamp": "2026-06-03T09:05:19.766009", "user": "USER_017", "type": "email", "hour": 9, "external": false}
{"timestamp": "2026-06-03T09:05:20.768981", "user": "USER_019", "type": "file", "hour": 9, "filename": "doc_965.pdf"}
{"timestamp": "2026-06-03T09:05:21.771022", "user": "USER_015", "type": "device", "hour": 9, "action": "disconnect"}
{"timestamp": "2026-06-03T09:05:22.272707", "user": "USER_014", "type": "email", "hour": 9, "external": false}
{"timestamp": "2026-06-03T09:05:23.274771", "user": "USER_004", "type": "email", "hour": 9, "external": false}
{"timestamp": "2026-06-03T09:05:23.775710", "user": "USER_008", "type": "file", "hour": 9, "filename": "doc_986.docx"}
{"timestamp": "2026-06-03T09:05:24.277334", "user": "USER_011", "type": "email", "hour": 9, "external": false}
{"timestamp": "2026-06-03T09:05:24.779392", "user": "USER_007", "type": "file", "hour": 9, "filename": "doc_940.docx"}
{"timestamp": "2026-06-03T09:05:25.782099", "user": "USER_016", "type": "file", "hour": 9, "filename": "doc_859.docx"}
{"timestamp": "2026-06-03T09:05:26.284636", "user": "USER_017", "type": "logon", "hour": 9}
{"timestamp": "2026-06-03T09:05:26.786152", "user": "USER_010", "type": "logon", "hour": 9}
{"timestamp": "2026-06-03T09:05:27.287788", "user": "USER_014", "type": "file", "hour": 9, "filename": "doc_117.docx"}
{"timestamp": "2026-06-03T09:05:27.789315", "user": "USER_017", "type": "file", "hour": 9, "filename": "doc_139.docx"}
{"timestamp": "2026-06-03T09:05:28.290529", "user": "USER_015", "type": "file", "hour": 9, "filename": "doc_123.xlsx"}
{"timestamp": "2026-06-03T09:05:28.792514", "user": "USER_001", "type": "file", "hour": 9, "filename": "doc_240.exe"}
{"timestamp": "2026-06-03T09:05:29.294020", "user": "USER_010", "type": "email", "hour": 9, "external": false}
{"timestamp": "2026-06-03T09:05:29.795814", "user": "USER_016", "type": "email", "hour": 9, "external": true}
{"timestamp": "2026-06-03T09:05:30.297504", "user": "USER_001", "type": "logon", "hour": 9}
{"timestamp": "2026-06-03T09:05:30.798587", "user": "USER_008", "type": "file", "hour": 9, "filename": "doc_855.exe"}
{"timestamp": "2026-06-03T09:05:31.299804", "user": "USER_013", "type": "file", "hour": 9, "filename": "doc_831.xlsx"}
{"timestamp": "2026-06-03T09:05:31.802046", "user": "USER_017", "type": "file", "hour": 9, "filename": "doc_493.exe"}
{"timestamp": "2026-06-03T09:05:32.806018", "user": "USER_016", "type": "file", "hour": 9, "filename": "doc_264.pdf"}
{"timestamp": "2026-06-03T09:05:33.808773", "user": "USER_001", "type": "email", "hour": 9, "external": true}
{"timestamp": "2026-06-03T09:05:34.309933", "user": "USER_003", "type": "file", "hour": 9, "filename": "doc_968.exe"}
{"timestamp": "2026-06-03T09:05:34.811506", "user": "USER_005", "type": "file", "hour": 9, "filename": "doc_314.zip"}
{"timestamp": "2026-06-03T09:05:35.313430", "user": "USER_005", "type": "email", "hour": 9, "external": false}
{"timestamp": "2026-06-03T09:05:35.814693", "user": "USER_019", "type": "logon", "hour": 9}
{"timestamp": "2026-06-03T09:05:38.320514", "user": "USER_013", "type": "file", "hour": 9, "filename": "doc_821.zip"}
{"timestamp": "2026-06-03T09:05:38.821828", "user": "USER_020", "type": "logon", "hour": 9}
{"timestamp": "2026-06-03T09:05:39.323169", "user": "USER_001", "type": "file", "hour": 9, "filename": "doc_617.pdf"}
{"timestamp": "2026-06-03T09:05:39.824675", "user": "USER_005", "type": "email", "hour": 9, "external": false}
{"timestamp": "2026-06-03T09:05:40.326259", "user": "USER_005", "type": "logon", "hour": 9}
{"timestamp": "2026-06-03T09:05:41.329063", "user": "USER_010", "type": "file", "hour": 9, "filename": "doc_213.zip"}
{"timestamp": "2026-06-03T09:05:41.830894", "user": "USER_010", "type": "file", "hour": 9, "filename": "doc_648.exe"}
{"timestamp": "2026-06-03T09:05:42.332338", "user": "USER_015", "type": "email", "hour": 9, "external": false}
{"timestamp": "2026-06-03T09:05:42.333171", "user": "USER_006", "type": "file", "hour": 3, "filename": "sensitive_data_10.zip"}
{"timestamp": "2026-06-03T09:05:42.333171", "user": "USER_006", "type": "file", "hour": 3, "filename": "sensitive_data_48.zip"}
{"timestamp": "2026-06-03T09:05:42.333171", "user": "USER_006", "type": "file", "hour": 3, "filename": "sensitive_data_31.zip"}
{"timestamp": "2026-06-03T09:05:42.333171", "user": "USER_006", "type": "file", "hour": 3, "filename": "sensitive_data_37.zip"}
{"timestamp": "2026-06-03T09:05:42.333171", "user": "USER_006", "type": "file", "hour": 3, "filename": "sensitive_data_47.zip"}
{"timestamp": "2026-06-03T09:05:42.333171", "user": "USER_006", "type": "file", "hour": 3, "filename": "sensitive_data_41.zip"}
{"timestamp": "2026-06-03T09:05:42.333171", "user": "USER_006", "type": "file", "hour": 3, "filename": "sensitive_data_39.zip"}
{"timestamp": "2026-06-03T09:05:42.333171", "user": "USER_006", "type": "file", "hour": 3, "filename": "sensitive_data_43.zip"}
{"timestamp": "2026-06-03T09:05:42.333171", "user": "USER_006", "type": "file", "hour": 3, "filename": "sensitive_data_23.zip"}
{"timestamp": "2026-06-03T09:05:42.333171", "user": "USER_006", "type": "file", "hour": 3, "filename": "sensitive_data_16.zip"}
{"timestamp": "2026-06-03T09:05:42.333171", "user": "USER_006", "type": "file", "hour": 3, "filename": "sensitive_data_22.zip"}
{"timestamp": "2026-06-03T09:05:42.333171", "user": "USER_006", "type": "file", "hour": 3, "filename": "sensitive_data_46.zip"}
{"timestamp": "2026-06-03T09:05:42.333171", "user": "USER_006", "type": "file", "hour": 3, "filename": "sensitive_data_93.zip"}
{"timestamp": "2026-06-03T09:05:42.333171", "user": "USER_006", "type": "file", "hour": 3, "filename": "sensitive_data_71.zip"}
{"timestamp": "2026-06-03T09:05:42.333171", "user": "USER_006", "type": "file", "hour": 3, "filename": "sensitive_data_17.zip"}
{"timestamp": "2026-06-03T09:05:42.333171", "user": "USER_006", "type": "file", "hour": 3, "filename": "sensitive_data_30.zip"}
{"timestamp": "2026-06-03T09:05:42.333171", "user": "USER_006", "type": "file", "hour": 3, "filename": "sensitive_data_1.zip"}
{"timestamp": "2026-06-03T09:05:42.333171", "user": "USER_006", "type": "file", "hour": 3, "filename": "sensitive_data_98.zip"}
{"timestamp": "2026-06-03T09:05:42.333171", "user": "USER_006", "type": "file", "hour": 3, "filename": "sensitive_data_19.zip"}
{"timestamp": "2026-06-03T09:05:42.333171", "user": "USER_006", "type": "file", "hour": 3, "filename": "sensitive_data_77.zip"}
{"timestamp": "2026-06-03T09:05:42.333171", "user": "USER_006", "type": "file", "hour": 3, "filename": "sensitive_data_75.zip"}
{"timestamp": "2026-06-03T09:05:42.333171", "user": "USER_006", "type": "file", "hour": 3, "filename": "sensitive_data_52.zip"}
{"timestamp": "2026-06-03T09:05:42.333171", "user": "USER_006", "type": "file", "hour": 3, "filename": "sensitive_data_58.zip"}
{"timestamp": "2026-06-03T09:05:42.333171", "user": "USER_006", "type": "file", "hour": 3, "filename": "sensitive_data_20.zip"}
{"timestamp": "2026-06-03T09:05:42.333171", "user": "USER_006", "type": "file", "hour": 3, "filename": "sensitive_data_71.zip"}
{"timestamp": "2026-06-03T09:05:42.333171", "user": "USER_006", "type": "file", "hour": 3, "filename": "sensitive_data_9.zip"}
{"timestamp": "2026-06-03T09:05:42.333171", "user": "USER_006", "type": "file", "hour": 3, "filename": "sensitive_data_95.zip"}
{"timestamp": "2026-06-03T09:05:42.333171", "user": "USER_006", "type": "file", "hour": 3, "filename": "sensitive_data_7.zip"}
{"timestamp": "2026-06-03T09:05:42.333171", "user": "USER_006", "type": "file", "hour": 3, "filename": "sensitive_data_41.zip"}
{"timestamp": "2026-06-03T09:05:42.333171", "user": "USER_006", "type": "file", "hour": 3, "filename": "sensitive_data_69.zip"}
{"timestamp": "2026-06-03T09:05:42.333171", "user": "USER_006", "type": "file", "hour": 3, "filename": "sensitive_data_35.zip"}
{"timestamp": "2026-06-03T09:05:42.333171", "user": "USER_006", "type": "file", "hour": 3, "filename": "sensitive_data_3.zip"}
{"timestamp": "2026-06-03T09:05:42.333171", "user": "USER_006", "type": "file", "hour": 3, "filename": "sensitive_data_27.zip"}
{"timestamp": "2026-06-03T09:05:42.333171", "user": "USER_006", "type": "file", "hour": 3, "filename": "sensitive_data_8.zip"}
{"timestamp": "2026-06-03T09:05:42.333171", "user": "USER_006", "type": "file", "hour": 3, "filename": "sensitive_data_62.zip"}
{"timestamp": "2026-06-03T09:05:42.333171", "user": "USER_006", "type": "file", "hour": 3, "filename": "sensitive_data_66.zip"}
{"timestamp": "2026-06-03T09:05:42.333171", "user": "USER_006", "type": "file", "hour": 3, "filename": "sensitive_data_65.zip"}
{"timestamp": "2026-06-03T09:05:42.333171", "user": "USER_006", "type": "file", "hour": 3, "filename": "sensitive_data_44.zip"}
{"timestamp": "2026-06-03T09:05:42.333171", "user": "USER_006", "type": "file", "hour": 3, "filename": "sensitive_data_39.zip"}
{"timestamp": "2026-06-03T09:05:42.333171", "user": "USER_006", "type": "file", "hour": 3, "filename": "sensitive_data_32.zip"}
{"timestamp": "2026-06-03T09:05:42.333171", "user": "USER_006", "type": "email", "hour": 3, "external": true}
{"timestamp": "2026-06-03T09:05:42.333171", "user": "USER_006", "type": "email", "hour": 3, "external": true}
{"timestamp": "2026-06-03T09:05:42.333171", "user": "USER_006", "type": "email", "hour": 3, "external": true}
{"timestamp": "2026-06-03T09:05:42.333171", "user": "USER_006", "type": "email", "hour": 3, "external": true}
{"timestamp": "2026-06-03T09:05:42.333171", "user": "USER_006", "type": "email", "hour": 3, "external": true}
{"timestamp": "2026-06-03T09:05:42.333171", "user": "USER_006", "type": "email", "hour": 3, "external": true}
{"timestamp": "2026-06-03T09:05:42.333171", "user": "USER_006", "type": "email", "hour": 3, "external": true}
{"timestamp": "2026-06-03T09:05:42.333171", "user": "USER_006", "type": "email", "hour": 3, "external": true}
{"timestamp": "2026-06-03T09:05:42.333171", "user": "USER_006", "type": "email", "hour": 3, "external": true}
{"timestamp": "2026-06-03T09:05:42.333171", "user": "USER_006", "type": "email", "hour": 3, "external": true}
{"timestamp": "2026-06-03T09:05:42.333171", "user": "USER_006", "type": "email", "hour": 3, "external": true}
{"timestamp": "2026-06-03T09:05:42.333171", "user": "USER_006", "type": "email", "hour": 3, "external": true}
{"timestamp": "2026-06-03T09:05:42.333171", "user": "USER_006", "type": "email", "hour": 3, "external": true}
{"timestamp": "2026-06-03T09:05:42.333171", "user": "USER_006", "type": "email", "hour": 3, "external": true}
{"timestamp": "2026-06-03T09:05:43.337879", "user": "USER_018", "type": "email", "hour": 9, "external": false}
{"timestamp": "2026-06-03T09:05:43.839911", "user": "USER_002", "type": "file", "hour": 9, "filename": "doc_584.pdf"}
{"timestamp": "2026-06-03T09:05:44.341147", "user": "USER_001", "type": "logon", "hour": 9}
{"timestamp": "2026-06-03T09:05:45.343857", "user": "USER_019", "type": "file", "hour": 9, "filename": "doc_823.docx"}
{"timestamp": "2026-06-03T09:05:45.846146", "user": "USER_019", "type": "email", "hour": 9, "external": false}
{"timestamp": "2026-06-03T09:05:46.348130", "user": "USER_011", "type": "file", "hour": 9, "filename": "doc_777.pdf"}
{"timestamp": "2026-06-03T09:05:46.849964", "user": "USER_011", "type": "file", "hour": 9, "filename": "doc_544.pdf"}
{"timestamp": "2026-06-03T09:05:47.352901", "user": "USER_004", "type": "file", "hour": 9, "filename": "doc_560.exe"}
{"timestamp": "2026-06-03T09:05:47.855158", "user": "USER_019", "type": "logon", "hour": 9}
{"timestamp": "2026-06-03T09:05:48.356539", "user": "USER_013", "type": "file", "hour": 9, "filename": "doc_316.zip"}
{"timestamp": "2026-06-03T09:05:48.857677", "user": "USER_005", "type": "logon", "hour": 9}
{"timestamp": "2026-06-03T09:05:49.859256", "user": "USER_019", "type": "file", "hour": 9, "filename": "doc_571.zip"}
{"timestamp": "2026-06-03T09:05:51.362838", "user": "USER_016", "type": "file", "hour": 9, "filename": "doc_184.exe"}
{"timestamp": "2026-06-03T09:05:51.863464", "user": "USER_002", "type": "file", "hour": 9, "filename": "doc_914.pdf"}
{"timestamp": "2026-06-03T09:05:52.364213", "user": "USER_014", "type": "file", "hour": 9, "filename": "doc_732.xlsx"}
{"timestamp": "2026-06-03T09:05:52.864818", "user": "USER_008", "type": "email", "hour": 9, "external": false}
{"timestamp": "2026-06-03T09:05:53.365622", "user": "USER_019", "type": "file", "hour": 9, "filename": "doc_648.docx"}
{"timestamp": "2026-06-03T09:05:53.866454", "user": "USER_007", "type": "file", "hour": 9, "filename": "doc_487.exe"}
{"timestamp": "2026-06-03T09:05:54.367341", "user": "USER_013", "type": "email", "hour": 9, "external": false}
{"timestamp": "2026-06-03T09:05:54.868035", "user": "USER_004", "type": "file", "hour": 9, "filename": "doc_583.zip"}
{"timestamp": "2026-06-03T09:05:55.368711", "user": "USER_002", "type": "email", "hour": 9, "external": false}
{"timestamp": "2026-06-03T09:05:55.869698", "user": "USER_004", "type": "file", "hour": 9, "filename": "doc_569.zip"}
{"timestamp": "2026-06-03T09:05:56.370467", "user": "USER_012", "type": "email", "hour": 9, "external": false}
{"timestamp": "2026-06-03T09:05:56.871145", "user": "USER_002", "type": "file", "hour": 9, "filename": "doc_506.zip"}
{"timestamp": "2026-06-03T09:05:57.372009", "user": "USER_009", "type": "logon", "hour": 9}
{"timestamp": "2026-06-03T09:05:57.872871", "user": "USER_018", "type": "email", "hour": 9, "external": true}
{"timestamp": "2026-06-03T09:05:58.875831", "user": "USER_003", "type": "logon", "hour": 9}
{"timestamp": "2026-06-03T09:05:59.377237", "user": "USER_018", "type": "email", "hour": 9, "external": true}
{"timestamp": "2026-06-03T09:05:59.878438", "user": "USER_005", "type": "file", "hour": 9, "filename": "doc_143.zip"}
{"timestamp": "2026-06-03T09:06:00.380131", "user": "USER_013", "type": "file", "hour": 9, "filename": "doc_638.xlsx"}
{"timestamp": "2026-06-03T09:06:01.382692", "user": "USER_014", "type": "file", "hour": 9, "filename": "doc_557.zip"}
{"timestamp": "2026-06-03T09:06:01.884580", "user": "USER_005", "type": "file", "hour": 9, "filename": "doc_386.xlsx"}
{"timestamp": "2026-06-03T09:06:02.386612", "user": "USER_001", "type": "email", "hour": 9, "external": true}
{"timestamp": "2026-06-03T09:06:02.888025", "user": "USER_014", "type": "email", "hour": 9, "external": false}
{"timestamp": "2026-06-03T09:06:03.889494", "user": "USER_006", "type": "file", "hour": 9, "filename": "doc_725.pdf"}
{"timestamp": "2026-06-03T09:06:04.390394", "user": "USER_020", "type": "email", "hour": 9, "external": true}
{"timestamp": "2026-06-03T09:06:04.891730", "user": "USER_015", "type": "email", "hour": 9, "external": false}
{"timestamp": "2026-06-03T09:06:05.393320", "user": "USER_017", "type": "logon", "hour": 9}
{"timestamp": "2026-06-03T09:06:06.898275", "user": "USER_004", "type": "file", "hour": 9, "filename": "doc_860.exe"}
{"timestamp": "2026-06-03T09:06:07.401255", "user": "USER_010", "type": "logon", "hour": 9}
{"timestamp": "2026-06-03T09:06:08.404785", "user": "USER_010", "type": "email", "hour": 9, "external": false}
{"timestamp": "2026-06-03T09:06:08.906121", "user": "USER_013", "type": "email", "hour": 9, "external": false}
{"timestamp": "2026-06-03T09:06:09.407002", "user": "USER_015", "type": "file", "hour": 9, "filename": "doc_155.zip"}
{"timestamp": "2026-06-03T09:06:09.908182", "user": "USER_007", "type": "email", "hour": 9, "external": false}
{"timestamp": "2026-06-03T09:06:10.910564", "user": "USER_008", "type": "file", "hour": 9, "filename": "doc_938.docx"}
{"timestamp": "2026-06-03T09:06:11.412217", "user": "USER_002", "type": "email", "hour": 9, "external": false}
{"timestamp": "2026-06-03T09:06:12.916337", "user": "USER_001", "type": "file", "hour": 9, "filename": "doc_868.zip"}
{"timestamp": "2026-06-03T09:06:13.919150", "user": "USER_007", "type": "logon", "hour": 9}
{"timestamp": "2026-06-03T09:06:14.420523", "user": "USER_020", "type": "file", "hour": 9, "filename": "doc_170.xlsx"}
{"timestamp": "2026-06-03T09:06:14.921832", "user": "USER_009", "type": "file", "hour": 3, "filename": "sensitive_data_29.zip"}
{"timestamp": "2026-06-03T09:06:14.921832", "user": "USER_009", "type": "file", "hour": 3, "filename": "sensitive_data_38.zip"}
{"timestamp": "2026-06-03T09:06:14.921832", "user": "USER_009", "type": "file", "hour": 3, "filename": "sensitive_data_95.zip"}
{"timestamp": "2026-06-03T09:06:14.921832", "user": "USER_009", "type": "file", "hour": 3, "filename": "sensitive_data_84.zip"}
{"timestamp": "2026-06-03T09:06:14.921832", "user": "USER_009", "type": "file", "hour": 3, "filename": "sensitive_data_20.zip"}
{"timestamp": "2026-06-03T09:06:14.921832", "user": "USER_009", "type": "file", "hour": 3, "filename": "sensitive_data_91.zip"}
{"timestamp": "2026-06-03T09:06:14.921832", "user": "USER_009", "type": "file", "hour": 3, "filename": "sensitive_data_73.zip"}
{"timestamp": "2026-06-03T09:06:14.921832", "user": "USER_009", "type": "file", "hour": 3, "filename": "sensitive_data_54.zip"}
{"timestamp": "2026-06-03T09:06:14.921832", "user": "USER_009", "type": "file", "hour": 3, "filename": "sensitive_data_13.zip"}
{"timestamp": "2026-06-03T09:06:14.921832", "user": "USER_009", "type": "file", "hour": 3, "filename": "sensitive_data_63.zip"}
{"timestamp": "2026-06-03T09:06:14.921832", "user": "USER_009", "type": "file", "hour": 3, "filename": "sensitive_data_89.zip"}
{"timestamp": "2026-06-03T09:06:14.921832", "user": "USER_009", "type": "file", "hour": 3, "filename": "sensitive_data_2.zip"}
{"timestamp": "2026-06-03T09:06:14.921832", "user": "USER_009", "type": "file", "hour": 3, "filename": "sensitive_data_56.zip"}
{"timestamp": "2026-06-03T09:06:14.921832", "user": "USER_009", "type": "file", "hour": 3, "filename": "sensitive_data_78.zip"}
{"timestamp": "2026-06-03T09:06:14.921832", "user": "USER_009", "type": "file", "hour": 3, "filename": "sensitive_data_2.zip"}
{"timestamp": "2026-06-03T09:06:14.921832", "user": "USER_009", "type": "file", "hour": 3, "filename": "sensitive_data_59.zip"}
{"timestamp": "2026-06-03T09:06:14.921832", "user": "USER_009", "type": "file", "hour": 3, "filename": "sensitive_data_60.zip"}
{"timestamp": "2026-06-03T09:06:14.921832", "user": "USER_009", "type": "file", "hour": 3, "filename": "sensitive_data_10.zip"}
{"timestamp": "2026-06-03T09:06:14.921832", "user": "USER_009", "type": "file", "hour": 3, "filename": "sensitive_data_76.zip"}
{"timestamp": "2026-06-03T09:06:14.921832", "user": "USER_009", "type": "file", "hour": 3, "filename": "sensitive_data_61.zip"}
{"timestamp": "2026-06-03T09:06:14.921832", "user": "USER_009", "type": "file", "hour": 3, "filename": "sensitive_data_90.zip"}
{"timestamp": "2026-06-03T09:06:14.921832", "user": "USER_009", "type": "file", "hour": 3, "filename": "sensitive_data_2.zip"}
{"timestamp": "2026-06-03T09:06:14.921832", "user": "USER_009", "type": "file", "hour": 3, "filename": "sensitive_data_85.zip"}
{"timestamp": "2026-06-03T09:06:14.921832", "user": "USER_009", "type": "file", "hour": 3, "filename": "sensitive_data_11.zip"}
{"timestamp": "2026-06-03T09:06:14.921832", "user": "USER_009", "type": "file", "hour": 3, "filename": "sensitive_data_60.zip"}
{"timestamp": "2026-06-03T09:06:14.921832", "user": "USER_009", "type": "file", "hour": 3, "filename": "sensitive_data_30.zip"}
{"timestamp": "2026-06-03T09:06:14.921832", "user": "USER_009", "type": "file", "hour": 3, "filename": "sensitive_data_4.zip"}
{"timestamp": "2026-06-03T09:06:14.921832", "user": "USER_009", "type": "file", "hour": 3, "filename": "sensitive_data_83.zip"}
{"timestamp": "2026-06-03T09:06:14.921832", "user": "USER_009", "type": "file", "hour": 3, "filename": "sensitive_data_9.zip"}
{"timestamp": "2026-06-03T09:06:14.921832", "user": "USER_009", "type": "file", "hour": 3, "filename": "sensitive_data_94.zip"}
{"timestamp": "2026-06-03T09:06:14.921832", "user": "USER_009", "type": "file", "hour": 3, "filename": "sensitive_data_31.zip"}
{"timestamp": "2026-06-03T09:06:14.921832", "user": "USER_009", "type": "file", "hour": 3, "filename": "sensitive_data_8.zip"}
{"timestamp": "2026-06-03T09:06:14.921832", "user": "USER_009", "type": "file", "hour": 3, "filename": "sensitive_data_58.zip"}
{"timestamp": "2026-06-03T09:06:14.921832", "user": "USER_009", "type": "file", "hour": 3, "filename": "sensitive_data_66.zip"}
{"timestamp": "2026-06-03T09:06:14.921832", "user": "USER_009", "type": "file", "hour": 3, "filename": "sensitive_data_5.zip"}
{"timestamp": "2026-06-03T09:06:14.921832", "user": "USER_009", "type": "file", "hour": 3, "filename": "sensitive_data_19.zip"}
{"timestamp": "2026-06-03T09:06:14.921832", "user": "USER_009", "type": "file", "hour": 3, "filename": "sensitive_data_88.zip"}
{"timestamp": "2026-06-03T09:06:14.921832", "user": "USER_009", "type": "file", "hour": 3, "filename": "sensitive_data_65.zip"}
{"timestamp": "2026-06-03T09:06:14.921832", "user": "USER_009", "type": "file", "hour": 3, "filename": "sensitive_data_38.zip"}
{"timestamp": "2026-06-03T09:06:14.921832", "user": "USER_009", "type": "file", "hour": 3, "filename": "sensitive_data_32.zip"}
{"timestamp": "2026-06-03T09:06:14.921832", "user": "USER_009", "type": "file", "hour": 3, "filename": "sensitive_data_87.zip"}
{"timestamp": "2026-06-03T09:06:14.921832", "user": "USER_009", "type": "file", "hour": 3, "filename": "sensitive_data_66.zip"}
{"timestamp": "2026-06-03T09:06:14.921832", "user": "USER_009", "type": "file", "hour": 3, "filename": "sensitive_data_42.zip"}
{"timestamp": "2026-06-03T09:06:14.921832", "user": "USER_009", "type": "file", "hour": 3, "filename": "sensitive_data_48.zip"}
{"timestamp": "2026-06-03T09:06:14.921832", "user": "USER_009", "type": "file", "hour": 3, "filename": "sensitive_data_38.zip"}
{"timestamp": "2026-06-03T09:06:14.921832", "user": "USER_009", "type": "file", "hour": 3, "filename": "sensitive_data_48.zip"}
{"timestamp": "2026-06-03T09:06:14.921832", "user": "USER_009", "type": "file", "hour": 3, "filename": "sensitive_data_10.zip"}
{"timestamp": "2026-06-03T09:06:14.921832", "user": "USER_009", "type": "email", "hour": 3, "external": true}
{"timestamp": "2026-06-03T09:06:14.921832", "user": "USER_009", "type": "email", "hour": 3, "external": true}
{"timestamp": "2026-06-03T09:06:14.921832", "user": "USER_009", "type": "email", "hour": 3, "external": true}
{"timestamp": "2026-06-03T09:06:14.921832", "user": "USER_009", "type": "email", "hour": 3, "external": true}
{"timestamp": "2026-06-03T09:06:14.921832", "user": "USER_009", "type": "email", "hour": 3, "external": true}
{"timestamp": "2026-06-03T09:06:14.921832", "user": "USER_009", "type": "email", "hour": 3, "external": true}
{"timestamp": "2026-06-03T09:06:14.921832", "user": "USER_009", "type": "email", "hour": 3, "external": true}
{"timestamp": "2026-06-03T09:06:14.921832", "user": "USER_009", "type": "email", "hour": 3, "external": true}
{"timestamp": "2026-06-03T09:06:14.921832", "user": "USER_009", "type": "email", "hour": 3, "external": true}
{"timestamp": "2026-06-03T09:06:14.921832", "user": "USER_009", "type": "email", "hour": 3, "external": true}
{"timestamp": "2026-06-03T09:06:15.423489", "user": "USER_020", "type": "file", "hour": 9, "filename": "doc_972.pdf"}
{"timestamp": "2026-06-03T09:06:15.924721", "user": "USER_004", "type": "file", "hour": 9, "filename": "doc_562.pdf"}
{"timestamp": "2026-06-03T09:06:16.425941", "user": "USER_010", "type": "email", "hour": 9, "external": false}
{"timestamp": "2026-06-03T09:06:17.428707", "user": "USER_006", "type": "file", "hour": 9, "filename": "doc_379.pdf"}
{"timestamp": "2026-06-03T09:06:17.930508", "user": "USER_014", "type": "file", "hour": 9, "filename": "doc_325.xlsx"}
{"timestamp": "2026-06-03T09:06:18.432221", "user": "USER_016", "type": "email", "hour": 9, "external": false}
{"timestamp": "2026-06-03T09:06:18.934746", "user": "USER_014", "type": "email", "hour": 9, "external": false}
{"timestamp": "2026-06-03T09:06:19.436345", "user": "USER_014", "type": "file", "hour": 9, "filename": "doc_706.exe"}
{"timestamp": "2026-06-03T09:06:19.937878", "user": "USER_014", "type": "file", "hour": 9, "filename": "doc_131.xlsx"}
{"timestamp": "2026-06-03T09:06:20.440126", "user": "USER_016", "type": "file", "hour": 9, "filename": "doc_572.xlsx"}
{"timestamp": "2026-06-03T09:06:21.943457", "user": "USER_015", "type": "file", "hour": 9, "filename": "doc_670.xlsx"}
{"timestamp": "2026-06-03T09:06:22.444432", "user": "USER_020", "type": "email", "hour": 9, "external": true}
{"timestamp": "2026-06-03T09:06:22.946001", "user": "USER_019", "type": "file", "hour": 9, "filename": "doc_124.pdf"}
{"timestamp": "2026-06-03T09:06:23.948743", "user": "USER_010", "type": "device", "hour": 9, "action": "connect"}
{"timestamp": "2026-06-03T09:06:24.451028", "user": "USER_013", "type": "file", "hour": 9, "filename": "doc_106.zip"}
{"timestamp": "2026-06-03T09:06:24.952797", "user": "USER_004", "type": "email", "hour": 9, "external": false}
{"timestamp": "2026-06-03T09:06:25.454734", "user": "USER_010", "type": "email", "hour": 9, "external": false}
{"timestamp": "2026-06-03T09:06:25.955882", "user": "USER_018", "type": "file", "hour": 9, "filename": "doc_974.exe"}
{"timestamp": "2026-06-03T09:06:26.457227", "user": "USER_017", "type": "file", "hour": 9, "filename": "doc_203.exe"}
{"timestamp": "2026-06-03T09:06:26.958075", "user": "USER_012", "type": "logon", "hour": 9}
{"timestamp": "2026-06-03T09:06:27.458891", "user": "USER_015", "type": "file", "hour": 9, "filename": "doc_259.xlsx"}
{"timestamp": "2026-06-03T09:06:27.960161", "user": "USER_001", "type": "email", "hour": 9, "external": false}
{"timestamp": "2026-06-03T09:06:28.461433", "user": "USER_015", "type": "device", "hour": 9, "action": "disconnect"}
{"timestamp": "2026-06-03T09:06:29.464060", "user": "USER_014", "type": "file", "hour": 9, "filename": "doc_149.zip"}
{"timestamp": "2026-06-03T09:06:29.965443", "user": "USER_020", "type": "device", "hour": 9, "action": "disconnect"}
{"timestamp": "2026-06-03T09:06:30.467475", "user": "USER_007", "type": "file", "hour": 9, "filename": "doc_252.pdf"}
{"timestamp": "2026-06-03T09:06:30.969152", "user": "USER_007", "type": "file", "hour": 9, "filename": "doc_407.pdf"}
{"timestamp": "2026-06-03T09:06:31.471876", "user": "USER_017", "type": "file", "hour": 9, "filename": "doc_132.exe"}
{"timestamp": "2026-06-03T09:06:31.972796", "user": "USER_012", "type": "email", "hour": 9, "external": false}
{"timestamp": "2026-06-03T09:06:32.474328", "user": "USER_016", "type": "email", "hour": 9, "external": true}
{"timestamp": "2026-06-03T09:06:32.976254", "user": "USER_015", "type": "email", "hour": 9, "external": false}
{"timestamp": "2026-06-03T09:06:33.477892", "user": "USER_003", "type": "file", "hour": 9, "filename": "doc_412.zip"}
{"timestamp": "2026-06-03T09:06:33.979260", "user": "USER_003", "type": "file", "hour": 9, "filename": "doc_514.zip"}
{"timestamp": "2026-06-03T09:06:34.480972", "user": "USER_020", "type": "file", "hour": 9, "filename": "doc_188.zip"}
{"timestamp": "2026-06-03T09:06:34.982712", "user": "USER_011", "type": "logon", "hour": 9}
{"timestamp": "2026-06-03T09:06:35.484927", "user": "USER_007", "type": "email", "hour": 9, "external": false}
{"timestamp": "2026-06-03T09:06:35.988053", "user": "USER_002", "type": "file", "hour": 9, "filename": "doc_348.zip"}
{"timestamp": "2026-06-03T09:06:36.490098", "user": "USER_001", "type": "device", "hour": 9, "action": "connect"}
{"timestamp": "2026-06-03T09:06:36.992726", "user": "USER_002", "type": "file", "hour": 9, "filename": "doc_733.xlsx"}
{"timestamp": "2026-06-03T09:06:37.494585", "user": "USER_002", "type": "email", "hour": 9, "external": false}
{"timestamp": "2026-06-03T09:06:37.996791", "user": "USER_017", "type": "file", "hour": 9, "filename": "doc_449.exe"}
{"timestamp": "2026-06-03T09:06:38.499058", "user": "USER_017", "type": "file", "hour": 9, "filename": "doc_745.pdf"}
{"timestamp": "2026-06-03T09:06:39.001539", "user": "USER_011", "type": "email", "hour": 9, "external": true}
{"timestamp": "2026-06-03T09:06:39.503924", "user": "USER_009", "type": "email", "hour": 9, "external": false}
{"timestamp": "2026-06-03T09:06:40.005146", "user": "USER_017", "type": "email", "hour": 9, "external": false}
{"timestamp": "2026-06-03T09:06:40.506241", "user": "USER_002", "type": "file", "hour": 9, "filename": "doc_359.pdf"}
{"timestamp": "2026-06-03T09:06:41.007380", "user": "USER_019", "type": "file", "hour": 9, "filename": "doc_711.exe"}
{"timestamp": "2026-06-03T09:06:43.010125", "user": "USER_014", "type": "email", "hour": 9, "external": false}
{"timestamp": "2026-06-03T09:06:45.015071", "user": "USER_010", "type": "email", "hour": 9, "external": false}
{"timestamp": "2026-06-03T09:06:45.517824", "user": "USER_018", "type": "device", "hour": 9, "action": "disconnect"}
{"timestamp": "2026-06-03T09:06:46.019574", "user": "USER_010", "type": "email", "hour": 9, "external": false}
{"timestamp": "2026-06-03T09:06:46.521229", "user": "USER_011", "type": "file", "hour": 9, "filename": "doc_376.zip"}
{"timestamp": "2026-06-03T09:06:47.022595", "user": "USER_016", "type": "logon", "hour": 9}
{"timestamp": "2026-06-03T09:06:47.523362", "user": "USER_008", "type": "file", "hour": 9, "filename": "doc_499.exe"}
{"timestamp": "2026-06-03T09:06:48.526111", "user": "USER_007", "type": "email", "hour": 9, "external": true}
{"timestamp": "2026-06-03T09:06:49.027696", "user": "USER_009", "type": "email", "hour": 9, "external": true}
{"timestamp": "2026-06-03T09:06:49.529637", "user": "USER_016", "type": "email", "hour": 9, "external": false}
{"timestamp": "2026-06-03T09:06:50.032136", "user": "USER_007", "type": "email", "hour": 9, "external": true}
{"timestamp": "2026-06-03T09:06:50.534707", "user": "USER_007", "type": "email", "hour": 9, "external": false}
{"timestamp": "2026-06-03T09:06:51.036841", "user": "USER_007", "type": "file", "hour": 9, "filename": "doc_393.pdf"}
{"timestamp": "2026-06-03T09:06:51.538729", "user": "USER_009", "type": "logon", "hour": 9}
{"timestamp": "2026-06-03T09:06:52.040025", "user": "USER_019", "type": "file", "hour": 9, "filename": "doc_594.zip"}
{"timestamp": "2026-06-03T09:06:52.541374", "user": "USER_011", "type": "file", "hour": 9, "filename": "doc_104.docx"}
{"timestamp": "2026-06-03T09:06:53.546954", "user": "USER_009", "type": "file", "hour": 9, "filename": "doc_848.zip"}
{"timestamp": "2026-06-03T09:06:55.050795", "user": "USER_013", "type": "email", "hour": 9, "external": true}
{"timestamp": "2026-06-03T09:06:55.553775", "user": "USER_001", "type": "device", "hour": 9, "action": "disconnect"}
{"timestamp": "2026-06-03T09:06:56.056159", "user": "USER_014", "type": "logon", "hour": 9}
{"timestamp": "2026-06-03T09:06:57.058107", "user": "USER_012", "type": "email", "hour": 9, "external": true}
{"timestamp": "2026-06-03T09:06:57.559149", "user": "USER_001", "type": "file", "hour": 9, "filename": "doc_962.pdf"}
{"timestamp": "2026-06-03T09:06:58.560912", "user": "USER_006", "type": "file", "hour": 9, "filename": "doc_685.exe"}
{"timestamp": "2026-06-03T09:06:59.061516", "user": "USER_012", "type": "file", "hour": 9, "filename": "doc_648.docx"}
{"timestamp": "2026-06-03T09:06:59.562699", "user": "USER_006", "type": "email", "hour": 9, "external": true}
{"timestamp": "2026-06-03T09:07:01.565933", "user": "USER_006", "type": "email", "hour": 9, "external": false}
{"timestamp": "2026-06-03T09:07:02.066682", "user": "USER_003", "type": "logon", "hour": 9}
{"timestamp": "2026-06-03T09:07:02.567493", "user": "USER_011", "type": "logon", "hour": 9}
{"timestamp": "2026-06-03T09:07:03.068216", "user": "USER_017", "type": "file", "hour": 9, "filename": "doc_816.xlsx"}
{"timestamp": "2026-06-03T09:07:04.069222", "user": "USER_001", "type": "email", "hour": 9, "external": false}
{"timestamp": "2026-06-03T09:07:05.570912", "user": "USER_009", "type": "file", "hour": 9, "filename": "doc_156.pdf"}
{"timestamp": "2026-06-03T09:07:06.071996", "user": "USER_004", "type": "email", "hour": 9, "external": false}
{"timestamp": "2026-06-03T09:07:08.074417", "user": "USER_005", "type": "email", "hour": 9, "external": false}
{"timestamp": "2026-06-03T09:07:09.075755", "user": "USER_011", "type": "file", "hour": 9, "filename": "doc_352.xlsx"}
{"timestamp": "2026-06-03T09:07:09.576713", "user": "USER_004", "type": "file", "hour": 9, "filename": "doc_870.pdf"}
{"timestamp": "2026-06-03T09:07:10.077525", "user": "USER_001", "type": "email", "hour": 9, "external": true}
{"timestamp": "2026-06-03T09:07:10.578602", "user": "USER_012", "type": "email", "hour": 9, "external": false}
{"timestamp": "2026-06-03T09:07:11.079272", "user": "USER_009", "type": "email", "hour": 9, "external": true}
{"timestamp": "2026-06-03T09:07:11.580114", "user": "USER_016", "type": "email", "hour": 9, "external": false}
{"timestamp": "2026-06-03T09:07:12.581554", "user": "USER_013", "type": "email", "hour": 9, "external": false}
{"timestamp": "2026-06-03T09:07:13.082342", "user": "USER_005", "type": "email", "hour": 9, "external": false}
{"timestamp": "2026-06-03T09:07:13.583149", "user": "USER_008", "type": "email", "hour": 9, "external": false}
{"timestamp": "2026-06-03T09:07:13.583413", "user": "USER_008", "type": "file", "hour": 3, "filename": "sensitive_data_72.zip"}
{"timestamp": "2026-06-03T09:07:13.583413", "user": "USER_008", "type": "file", "hour": 3, "filename": "sensitive_data_4.zip"}
{"timestamp": "2026-06-03T09:07:13.583413", "user": "USER_008", "type": "file", "hour": 3, "filename": "sensitive_data_58.zip"}
{"timestamp": "2026-06-03T09:07:13.583413", "user": "USER_008", "type": "file", "hour": 3, "filename": "sensitive_data_16.zip"}
{"timestamp": "2026-06-03T09:07:13.583413", "user": "USER_008", "type": "file", "hour": 3, "filename": "sensitive_data_100.zip"}
{"timestamp": "2026-06-03T09:07:13.583413", "user": "USER_008", "type": "file", "hour": 3, "filename": "sensitive_data_53.zip"}
{"timestamp": "2026-06-03T09:07:13.583413", "user": "USER_008", "type": "file", "hour": 3, "filename": "sensitive_data_100.zip"}
{"timestamp": "2026-06-03T09:07:13.583413", "user": "USER_008", "type": "file", "hour": 3, "filename": "sensitive_data_10.zip"}
{"timestamp": "2026-06-03T09:07:13.583413", "user": "USER_008", "type": "file", "hour": 3, "filename": "sensitive_data_3.zip"}
{"timestamp": "2026-06-03T09:07:13.583413", "user": "USER_008", "type": "file", "hour": 3, "filename": "sensitive_data_64.zip"}
{"timestamp": "2026-06-03T09:07:13.583413", "user": "USER_008", "type": "file", "hour": 3, "filename": "sensitive_data_26.zip"}
{"timestamp": "2026-06-03T09:07:13.583413", "user": "USER_008", "type": "file", "hour": 3, "filename": "sensitive_data_27.zip"}
{"timestamp": "2026-06-03T09:07:13.583413", "user": "USER_008", "type": "file", "hour": 3, "filename": "sensitive_data_50.zip"}
{"timestamp": "2026-06-03T09:07:13.583413", "user": "USER_008", "type": "file", "hour": 3, "filename": "sensitive_data_4.zip"}
{"timestamp": "2026-06-03T09:07:13.583413", "user": "USER_008", "type": "file", "hour": 3, "filename": "sensitive_data_35.zip"}
{"timestamp": "2026-06-03T09:07:13.583413", "user": "USER_008", "type": "file", "hour": 3, "filename": "sensitive_data_83.zip"}
{"timestamp": "2026-06-03T09:07:13.583413", "user": "USER_008", "type": "file", "hour": 3, "filename": "sensitive_data_94.zip"}
{"timestamp": "2026-06-03T09:07:13.583413", "user": "USER_008", "type": "file", "hour": 3, "filename": "sensitive_data_8.zip"}
{"timestamp": "2026-06-03T09:07:13.583413", "user": "USER_008", "type": "file", "hour": 3, "filename": "sensitive_data_2.zip"}
{"timestamp": "2026-06-03T09:07:13.583413", "user": "USER_008", "type": "file", "hour": 3, "filename": "sensitive_data_68.zip"}
{"timestamp": "2026-06-03T09:07:13.583413", "user": "USER_008", "type": "file", "hour": 3, "filename": "sensitive_data_39.zip"}
{"timestamp": "2026-06-03T09:07:13.583413", "user": "USER_008", "type": "file", "hour": 3, "filename": "sensitive_data_83.zip"}
{"timestamp": "2026-06-03T09:07:13.583413", "user": "USER_008", "type": "file", "hour": 3, "filename": "sensitive_data_52.zip"}
{"timestamp": "2026-06-03T09:07:13.583413", "user": "USER_008", "type": "file", "hour": 3, "filename": "sensitive_data_73.zip"}
{"timestamp": "2026-06-03T09:07:13.583413", "user": "USER_008", "type": "file", "hour": 3, "filename": "sensitive_data_59.zip"}
{"timestamp": "2026-06-03T09:07:13.583413", "user": "USER_008", "type": "file", "hour": 3, "filename": "sensitive_data_17.zip"}
{"timestamp": "2026-06-03T09:07:13.583413", "user": "USER_008", "type": "file", "hour": 3, "filename": "sensitive_data_85.zip"}
{"timestamp": "2026-06-03T09:07:13.583413", "user": "USER_008", "type": "file", "hour": 3, "filename": "sensitive_data_15.zip"}
{"timestamp": "2026-06-03T09:07:13.583413", "user": "USER_008", "type": "file", "hour": 3, "filename": "sensitive_data_39.zip"}
{"timestamp": "2026-06-03T09:07:13.583413", "user": "USER_008", "type": "file", "hour": 3, "filename": "sensitive_data_77.zip"}
{"timestamp": "2026-06-03T09:07:13.583413", "user": "USER_008", "type": "file", "hour": 3, "filename": "sensitive_data_30.zip"}
{"timestamp": "2026-06-03T09:07:13.583413", "user": "USER_008", "type": "file", "hour": 3, "filename": "sensitive_data_15.zip"}
{"timestamp": "2026-06-03T09:07:13.583413", "user": "USER_008", "type": "file", "hour": 3, "filename": "sensitive_data_33.zip"}
{"timestamp": "2026-06-03T09:07:13.583413", "user": "USER_008", "type": "file", "hour": 3, "filename": "sensitive_data_42.zip"}
{"timestamp": "2026-06-03T09:07:13.583413", "user": "USER_008", "type": "email", "hour": 3, "external": true}
{"timestamp": "2026-06-03T09:07:13.583413", "user": "USER_008", "type": "email", "hour": 3, "external": true}
{"timestamp": "2026-06-03T09:07:13.583413", "user": "USER_008", "type": "email", "hour": 3, "external": true}
{"timestamp": "2026-06-03T09:07:13.583413", "user": "USER_008", "type": "email", "hour": 3, "external": true}
{"timestamp": "2026-06-03T09:07:13.583413", "user": "USER_008", "type": "email", "hour": 3, "external": true}
{"timestamp": "2026-06-03T09:07:13.583413", "user": "USER_008", "type": "email", "hour": 3, "external": true}
{"timestamp": "2026-06-03T09:07:13.583413", "user": "USER_008", "type": "email", "hour": 3, "external": true}
{"timestamp": "2026-06-03T09:07:13.583413", "user": "USER_008", "type": "email", "hour": 3, "external": true}
{"timestamp": "2026-06-03T09:07:13.583413", "user": "USER_008", "type": "email", "hour": 3, "external": true}
{"timestamp": "2026-06-03T09:07:13.583413", "user": "USER_008", "type": "email", "hour": 3, "external": true}
{"timestamp": "2026-06-03T09:07:13.583413", "user": "USER_008", "type": "email", "hour": 3, "external": true}
{"timestamp": "2026-06-03T09:07:13.583413", "user": "USER_008", "type": "email", "hour": 3, "external": true}
{"timestamp": "2026-06-03T09:07:13.583413", "user": "USER_008", "type": "email", "hour": 3, "external": true}
{"timestamp": "2026-06-03T09:07:13.583413", "user": "USER_008", "type": "email", "hour": 3, "external": true}
{"timestamp": "2026-06-03T09:07:14.084921", "user": "USER_001", "type": "file", "hour": 9, "filename": "doc_514.xlsx"}
{"timestamp": "2026-06-03T09:07:15.086712", "user": "USER_002", "type": "email", "hour": 9, "external": false}
{"timestamp": "2026-06-03T09:07:15.587560", "user": "USER_007", "type": "file", "hour": 9, "filename": "doc_107.pdf"}
{"timestamp": "2026-06-03T09:07:16.088624", "user": "USER_005", "type": "email", "hour": 9, "external": false}
{"timestamp": "2026-06-03T09:07:17.090169", "user": "USER_013", "type": "email", "hour": 9, "external": false}
{"timestamp": "2026-06-03T09:07:17.591096", "user": "USER_008", "type": "email", "hour": 9, "external": false}
{"timestamp": "2026-06-03T09:07:18.091672", "user": "USER_011", "type": "email", "hour": 9, "external": false}
{"timestamp": "2026-06-03T09:07:18.592622", "user": "USER_007", "type": "email", "hour": 9, "external": false}
{"timestamp": "2026-06-03T09:07:19.093409", "user": "USER_018", "type": "device", "hour": 9, "action": "connect"}
{"timestamp": "2026-06-03T09:07:19.594514", "user": "USER_014", "type": "file", "hour": 9, "filename": "doc_152.exe"}
{"timestamp": "2026-06-03T09:07:20.095348", "user": "USER_017", "type": "file", "hour": 9, "filename": "doc_560.xlsx"}
{"timestamp": "2026-06-03T09:07:21.097957", "user": "USER_009", "type": "device", "hour": 9, "action": "connect"}
{"timestamp": "2026-06-03T09:07:21.599270", "user": "USER_005", "type": "email", "hour": 9, "external": false}
{"timestamp": "2026-06-03T09:07:22.601931", "user": "USER_002", "type": "device", "hour": 9, "action": "connect"}
{"timestamp": "2026-06-03T09:07:23.102930", "user": "USER_012", "type": "email", "hour": 9, "external": false}
{"timestamp": "2026-06-03T09:07:23.605104", "user": "USER_005", "type": "file", "hour": 9, "filename": "doc_781.pdf"}
{"timestamp": "2026-06-03T09:07:24.106333", "user": "USER_011", "type": "file", "hour": 9, "filename": "doc_428.docx"}
{"timestamp": "2026-06-03T09:07:24.607472", "user": "USER_006", "type": "file", "hour": 9, "filename": "doc_790.xlsx"}
{"timestamp": "2026-06-03T09:07:25.608816", "user": "USER_010", "type": "logon", "hour": 9}
{"timestamp": "2026-06-03T09:07:26.110302", "user": "USER_006", "type": "file", "hour": 9, "filename": "doc_974.docx"}
{"timestamp": "2026-06-03T09:07:27.613713", "user": "USER_013", "type": "file", "hour": 9, "filename": "doc_963.xlsx"}
{"timestamp": "2026-06-03T09:07:28.115226", "user": "USER_002", "type": "email", "hour": 9, "external": false}
{"timestamp": "2026-06-03T09:07:28.616190", "user": "USER_017", "type": "email", "hour": 9, "external": false}
{"timestamp": "2026-06-03T09:07:29.618549", "user": "USER_002", "type": "email", "hour": 9, "external": false}
{"timestamp": "2026-06-03T09:07:30.120266", "user": "USER_012", "type": "email", "hour": 9, "external": true}
{"timestamp": "2026-06-03T09:07:31.623552", "user": "USER_010", "type": "email", "hour": 9, "external": false}
{"timestamp": "2026-06-03T09:07:33.127479", "user": "USER_001", "type": "file", "hour": 9, "filename": "doc_401.xlsx"}
{"timestamp": "2026-06-03T09:07:33.629504", "user": "USER_006", "type": "file", "hour": 9, "filename": "doc_979.xlsx"}
{"timestamp": "2026-06-03T09:07:34.632110", "user": "USER_002", "type": "email", "hour": 9, "external": false}
{"timestamp": "2026-06-03T09:07:35.133725", "user": "USER_013", "type": "file", "hour": 9, "filename": "doc_520.pdf"}
{"timestamp": "2026-06-03T09:07:36.139392", "user": "USER_016", "type": "logon", "hour": 9}
{"timestamp": "2026-06-03T09:07:37.142561", "user": "USER_014", "type": "file", "hour": 9, "filename": "doc_431.pdf"}
{"timestamp": "2026-06-03T09:07:37.643529", "user": "USER_002", "type": "device", "hour": 9, "action": "connect"}
{"timestamp": "2026-06-03T09:07:38.144466", "user": "USER_016", "type": "email", "hour": 9, "external": false}
{"timestamp": "2026-06-03T09:07:38.646455", "user": "USER_011", "type": "file", "hour": 9, "filename": "doc_309.docx"}
{"timestamp": "2026-06-03T09:07:39.650146", "user": "USER_001", "type": "file", "hour": 9, "filename": "doc_109.xlsx"}
{"timestamp": "2026-06-03T09:07:40.653194", "user": "USER_001", "type": "email", "hour": 9, "external": false}
{"timestamp": "2026-06-03T09:07:41.155873", "user": "USER_013", "type": "logon", "hour": 9}
{"timestamp": "2026-06-03T09:07:43.159689", "user": "USER_016", "type": "file", "hour": 9, "filename": "doc_927.exe"}
{"timestamp": "2026-06-03T09:07:43.661558", "user": "USER_008", "type": "device", "hour": 9, "action": "disconnect"}
{"timestamp": "2026-06-03T09:07:44.162830", "user": "USER_011", "type": "file", "hour": 9, "filename": "doc_656.docx"}
{"timestamp": "2026-06-03T09:07:46.167086", "user": "USER_017", "type": "file", "hour": 9, "filename": "doc_964.zip"}
{"timestamp": "2026-06-03T09:07:46.669384", "user": "USER_017", "type": "email", "hour": 9, "external": true}
{"timestamp": "2026-06-03T09:07:47.672521", "user": "USER_015", "type": "email", "hour": 9, "external": true}
{"timestamp": "2026-06-03T09:07:48.173994", "user": "USER_004", "type": "device", "hour": 9, "action": "disconnect"}
{"timestamp": "2026-06-03T09:07:48.675090", "user": "USER_008", "type": "email", "hour": 9, "external": false}
{"timestamp": "2026-06-03T09:07:50.178559", "user": "USER_011", "type": "email", "hour": 9, "external": false}
{"timestamp": "2026-06-03T09:07:50.680478", "user": "USER_003", "type": "email", "hour": 9, "external": false}
{"timestamp": "2026-06-03T09:07:51.683759", "user": "USER_018", "type": "email", "hour": 9, "external": false}
{"timestamp": "2026-06-03T09:07:52.185985", "user": "USER_018", "type": "file", "hour": 9, "filename": "doc_789.pdf"}
{"timestamp": "2026-06-03T09:07:52.687535", "user": "USER_005", "type": "file", "hour": 9, "filename": "doc_888.zip"}
{"timestamp": "2026-06-03T09:07:53.189033", "user": "USER_011", "type": "email", "hour": 9, "external": false}
{"timestamp": "2026-06-03T09:07:53.690969", "user": "USER_008", "type": "device", "hour": 9, "action": "disconnect"}
{"timestamp": "2026-06-03T09:07:54.193130", "user": "USER_007", "type": "file", "hour": 9, "filename": "doc_204.docx"}
{"timestamp": "2026-06-03T09:07:54.695037", "user": "USER_016", "type": "email", "hour": 9, "external": false}
{"timestamp": "2026-06-03T09:07:55.196819", "user": "USER_018", "type": "file", "hour": 9, "filename": "doc_691.exe"}
{"timestamp": "2026-06-03T09:07:55.698546", "user": "USER_013", "type": "file", "hour": 9, "filename": "doc_259.pdf"}
{"timestamp": "2026-06-03T09:07:57.203277", "user": "USER_014", "type": "logon", "hour": 9}
{"timestamp": "2026-06-03T09:07:57.705152", "user": "USER_006", "type": "email", "hour": 9, "external": false}
{"timestamp": "2026-06-03T09:07:58.206489", "user": "USER_002", "type": "email", "hour": 9, "external": true}
{"timestamp": "2026-06-03T09:07:58.708269", "user": "USER_015", "type": "email", "hour": 9, "external": false}
{"timestamp": "2026-06-03T09:07:59.209620", "user": "USER_003", "type": "file", "hour": 9, "filename": "doc_500.xlsx"}
{"timestamp": "2026-06-03T09:07:59.710614", "user": "USER_016", "type": "email", "hour": 9, "external": true}
{"timestamp": "2026-06-03T09:08:00.211762", "user": "USER_003", "type": "file", "hour": 9, "filename": "doc_277.pdf"}
{"timestamp": "2026-06-03T09:08:01.213945", "user": "USER_003", "type": "file", "hour": 9, "filename": "doc_596.docx"}
{"timestamp": "2026-06-03T09:08:02.217815", "user": "USER_005", "type": "email", "hour": 9, "external": false}
{"timestamp": "2026-06-03T09:08:02.719673", "user": "USER_002", "type": "file", "hour": 9, "filename": "doc_209.pdf"}
{"timestamp": "2026-06-03T09:08:03.221784", "user": "USER_002", "type": "file", "hour": 9, "filename": "doc_205.docx"}
{"timestamp": "2026-06-03T09:08:03.222667", "user": "USER_005", "type": "file", "hour": 3, "filename": "sensitive_data_82.zip"}
{"timestamp": "2026-06-03T09:08:03.222667", "user": "USER_005", "type": "file", "hour": 3, "filename": "sensitive_data_26.zip"}
{"timestamp": "2026-06-03T09:08:03.222667", "user": "USER_005", "type": "file", "hour": 3, "filename": "sensitive_data_80.zip"}
{"timestamp": "2026-06-03T09:08:03.222667", "user": "USER_005", "type": "file", "hour": 3, "filename": "sensitive_data_71.zip"}
{"timestamp": "2026-06-03T09:08:03.222667", "user": "USER_005", "type": "file", "hour": 3, "filename": "sensitive_data_45.zip"}
{"timestamp": "2026-06-03T09:08:03.222667", "user": "USER_005", "type": "file", "hour": 3, "filename": "sensitive_data_65.zip"}
{"timestamp": "2026-06-03T09:08:03.222667", "user": "USER_005", "type": "file", "hour": 3, "filename": "sensitive_data_98.zip"}
{"timestamp": "2026-06-03T09:08:03.222667", "user": "USER_005", "type": "file", "hour": 3, "filename": "sensitive_data_67.zip"}
{"timestamp": "2026-06-03T09:08:03.222667", "user": "USER_005", "type": "file", "hour": 3, "filename": "sensitive_data_43.zip"}
{"timestamp": "2026-06-03T09:08:03.222667", "user": "USER_005", "type": "file", "hour": 3, "filename": "sensitive_data_8.zip"}
{"timestamp": "2026-06-03T09:08:03.222667", "user": "USER_005", "type": "file", "hour": 3, "filename": "sensitive_data_95.zip"}
{"timestamp": "2026-06-03T09:08:03.222667", "user": "USER_005", "type": "file", "hour": 3, "filename": "sensitive_data_100.zip"}
{"timestamp": "2026-06-03T09:08:03.222667", "user": "USER_005", "type": "file", "hour": 3, "filename": "sensitive_data_32.zip"}
{"timestamp": "2026-06-03T09:08:03.222667", "user": "USER_005", "type": "file", "hour": 3, "filename": "sensitive_data_58.zip"}
{"timestamp": "2026-06-03T09:08:03.222667", "user": "USER_005", "type": "file", "hour": 3, "filename": "sensitive_data_53.zip"}
{"timestamp": "2026-06-03T09:08:03.222667", "user": "USER_005", "type": "file", "hour": 3, "filename": "sensitive_data_69.zip"}
{"timestamp": "2026-06-03T09:08:03.222667", "user": "USER_005", "type": "file", "hour": 3, "filename": "sensitive_data_96.zip"}
{"timestamp": "2026-06-03T09:08:03.222667", "user": "USER_005", "type": "file", "hour": 3, "filename": "sensitive_data_45.zip"}
{"timestamp": "2026-06-03T09:08:03.222667", "user": "USER_005", "type": "file", "hour": 3, "filename": "sensitive_data_86.zip"}
{"timestamp": "2026-06-03T09:08:03.222667", "user": "USER_005", "type": "file", "hour": 3, "filename": "sensitive_data_10.zip"}
{"timestamp": "2026-06-03T09:08:03.222667", "user": "USER_005", "type": "file", "hour": 3, "filename": "sensitive_data_91.zip"}
{"timestamp": "2026-06-03T09:08:03.222667", "user": "USER_005", "type": "file", "hour": 3, "filename": "sensitive_data_28.zip"}
{"timestamp": "2026-06-03T09:08:03.222667", "user": "USER_005", "type": "file", "hour": 3, "filename": "sensitive_data_94.zip"}
{"timestamp": "2026-06-03T09:08:03.222667", "user": "USER_005", "type": "file", "hour": 3, "filename": "sensitive_data_1.zip"}
{"timestamp": "2026-06-03T09:08:03.222667", "user": "USER_005", "type": "file", "hour": 3, "filename": "sensitive_data_36.zip"}
{"timestamp": "2026-06-03T09:08:03.222667", "user": "USER_005", "type": "file", "hour": 3, "filename": "sensitive_data_25.zip"}
{"timestamp": "2026-06-03T09:08:03.222667", "user": "USER_005", "type": "file", "hour": 3, "filename": "sensitive_data_53.zip"}
{"timestamp": "2026-06-03T09:08:03.222667", "user": "USER_005", "type": "file", "hour": 3, "filename": "sensitive_data_58.zip"}
{"timestamp": "2026-06-03T09:08:03.222667", "user": "USER_005", "type": "file", "hour": 3, "filename": "sensitive_data_80.zip"}
{"timestamp": "2026-06-03T09:08:03.222667", "user": "USER_005", "type": "file", "hour": 3, "filename": "sensitive_data_88.zip"}
{"timestamp": "2026-06-03T09:08:03.222667", "user": "USER_005", "type": "file", "hour": 3, "filename": "sensitive_data_45.zip"}
{"timestamp": "2026-06-03T09:08:03.222667", "user": "USER_005", "type": "file", "hour": 3, "filename": "sensitive_data_23.zip"}
{"timestamp": "2026-06-03T09:08:03.222667", "user": "USER_005", "type": "file", "hour": 3, "filename": "sensitive_data_40.zip"}
{"timestamp": "2026-06-03T09:08:03.222667", "user": "USER_005", "type": "file", "hour": 3, "filename": "sensitive_data_61.zip"}
{"timestamp": "2026-06-03T09:08:03.222667", "user": "USER_005", "type": "file", "hour": 3, "filename": "sensitive_data_13.zip"}
{"timestamp": "2026-06-03T09:08:03.222667", "user": "USER_005", "type": "file", "hour": 3, "filename": "sensitive_data_75.zip"}
{"timestamp": "2026-06-03T09:08:03.222667", "user": "USER_005", "type": "file", "hour": 3, "filename": "sensitive_data_23.zip"}
{"timestamp": "2026-06-03T09:08:03.222667", "user": "USER_005", "type": "file", "hour": 3, "filename": "sensitive_data_40.zip"}
{"timestamp": "2026-06-03T09:08:03.222667", "user": "USER_005", "type": "file", "hour": 3, "filename": "sensitive_data_1.zip"}
{"timestamp": "2026-06-03T09:08:03.222667", "user": "USER_005", "type": "file", "hour": 3, "filename": "sensitive_data_9.zip"}
{"timestamp": "2026-06-03T09:08:03.222667", "user": "USER_005", "type": "file", "hour": 3, "filename": "sensitive_data_87.zip"}
{"timestamp": "2026-06-03T09:08:03.222667", "user": "USER_005", "type": "file", "hour": 3, "filename": "sensitive_data_19.zip"}
{"timestamp": "2026-06-03T09:08:03.222667", "user": "USER_005", "type": "file", "hour": 3, "filename": "sensitive_data_66.zip"}
{"timestamp": "2026-06-03T09:08:03.222667", "user": "USER_005", "type": "file", "hour": 3, "filename": "sensitive_data_86.zip"}
{"timestamp": "2026-06-03T09:08:03.222667", "user": "USER_005", "type": "file", "hour": 3, "filename": "sensitive_data_69.zip"}
{"timestamp": "2026-06-03T09:08:03.222667", "user": "USER_005", "type": "file", "hour": 3, "filename": "sensitive_data_45.zip"}
{"timestamp": "2026-06-03T09:08:03.222667", "user": "USER_005", "type": "file", "hour": 3, "filename": "sensitive_data_45.zip"}
{"timestamp": "2026-06-03T09:08:03.222667", "user": "USER_005", "type": "file", "hour": 3, "filename": "sensitive_data_93.zip"}
{"timestamp": "2026-06-03T09:08:03.222667", "user": "USER_005", "type": "file", "hour": 3, "filename": "sensitive_data_97.zip"}
{"timestamp": "2026-06-03T09:08:03.222667", "user": "USER_005", "type": "file", "hour": 3, "filename": "sensitive_data_67.zip"}
{"timestamp": "2026-06-03T09:08:03.222667", "user": "USER_005", "type": "email", "hour": 3, "external": true}
{"timestamp": "2026-06-03T09:08:03.222667", "user": "USER_005", "type": "email", "hour": 3, "external": true}
{"timestamp": "2026-06-03T09:08:03.222667", "user": "USER_005", "type": "email", "hour": 3, "external": true}
{"timestamp": "2026-06-03T09:08:03.222667", "user": "USER_005", "type": "email", "hour": 3, "external": true}
{"timestamp": "2026-06-03T09:08:03.222667", "user": "USER_005", "type": "email", "hour": 3, "external": true}
{"timestamp": "2026-06-03T09:08:03.222667", "user": "USER_005", "type": "email", "hour": 3, "external": true}
{"timestamp": "2026-06-03T09:08:03.222667", "user": "USER_005", "type": "email", "hour": 3, "external": true}
{"timestamp": "2026-06-03T09:08:03.222667", "user": "USER_005", "type": "email", "hour": 3, "external": true}
{"timestamp": "2026-06-03T09:08:03.222667", "user": "USER_005", "type": "email", "hour": 3, "external": true}
{"timestamp": "2026-06-03T09:08:03.222667", "user": "USER_005", "type": "email", "hour": 3, "external": true}
{"timestamp": "2026-06-03T09:08:03.222667", "user": "USER_005", "type": "email", "hour": 3, "external": true}
{"timestamp": "2026-06-03T09:08:03.222667", "user": "USER_005", "type": "email", "hour": 3, "external": true}
{"timestamp": "2026-06-03T09:08:03.222667", "user": "USER_005", "type": "email", "hour": 3, "external": true}
{"timestamp": "2026-06-03T09:08:03.222667", "user": "USER_005", "type": "email", "hour": 3, "external": true}
{"timestamp": "2026-06-03T09:08:03.222667", "user": "USER_005", "type": "email", "hour": 3, "external": true}
{"timestamp": "2026-06-03T09:08:03.222667", "user": "USER_005", "type": "email", "hour": 3, "external": true}
{"timestamp": "2026-06-03T09:08:03.222667", "user": "USER_005", "type": "email", "hour": 3, "external": true}
{"timestamp": "2026-06-03T09:08:03.222667", "user": "USER_005", "type": "email", "hour": 3, "external": true}
{"timestamp": "2026-06-03T09:08:03.222667", "user": "USER_005", "type": "email", "hour": 3, "external": true}
{"timestamp": "2026-06-03T09:08:03.222667", "user": "USER_005", "type": "email", "hour": 3, "external": true}
{"timestamp": "2026-06-03T09:08:03.725114", "user": "USER_019", "type": "file", "hour": 9, "filename": "doc_542.xlsx"}
{"timestamp": "2026-06-03T09:08:04.226485", "user": "USER_001", "type": "email", "hour": 9, "external": false}
{"timestamp": "2026-06-03T09:08:04.728437", "user": "USER_006", "type": "file", "hour": 9, "filename": "doc_463.xlsx"}
{"timestamp": "2026-06-03T09:08:05.229682", "user": "USER_001", "type": "email", "hour": 9, "external": true}
{"timestamp": "2026-06-03T09:08:05.730780", "user": "USER_012", "type": "file", "hour": 9, "filename": "doc_562.xlsx"}
{"timestamp": "2026-06-03T09:08:06.232841", "user": "USER_014", "type": "file", "hour": 9, "filename": "doc_402.zip"}
{"timestamp": "2026-06-03T09:08:07.236322", "user": "USER_012", "type": "email", "hour": 9, "external": false}
{"timestamp": "2026-06-03T09:08:07.738530", "user": "USER_015", "type": "file", "hour": 9, "filename": "doc_225.pdf"}
{"timestamp": "2026-06-03T09:08:08.240505", "user": "USER_020", "type": "file", "hour": 9, "filename": "doc_308.xlsx"}
{"timestamp": "2026-06-03T09:08:08.742095", "user": "USER_018", "type": "email", "hour": 9, "external": false}
{"timestamp": "2026-06-03T09:08:09.243400", "user": "USER_020", "type": "file", "hour": 9, "filename": "doc_598.docx"}
{"timestamp": "2026-06-03T09:08:09.745298", "user": "USER_018", "type": "email", "hour": 9, "external": false}
{"timestamp": "2026-06-03T09:08:10.748016", "user": "USER_014", "type": "email", "hour": 9, "external": false}
{"timestamp": "2026-06-03T09:08:11.249912", "user": "USER_005", "type": "file", "hour": 9, "filename": "doc_574.xlsx"}
{"timestamp": "2026-06-03T09:08:12.252211", "user": "USER_016", "type": "email", "hour": 9, "external": false}
{"timestamp": "2026-06-03T09:08:12.753540", "user": "USER_015", "type": "file", "hour": 9, "filename": "doc_603.docx"}
{"timestamp": "2026-06-03T09:08:13.254798", "user": "USER_005", "type": "file", "hour": 9, "filename": "doc_390.docx"}
{"timestamp": "2026-06-03T09:08:13.756368", "user": "USER_002", "type": "file", "hour": 9, "filename": "doc_883.docx"}
{"timestamp": "2026-06-03T09:08:14.257635", "user": "USER_008", "type": "file", "hour": 9, "filename": "doc_929.docx"}
{"timestamp": "2026-06-03T09:08:14.758948", "user": "USER_006", "type": "file", "hour": 9, "filename": "doc_179.pdf"}
{"timestamp": "2026-06-03T09:08:15.761397", "user": "USER_014", "type": "email", "hour": 9, "external": true}
{"timestamp": "2026-06-03T09:08:16.263579", "user": "USER_018", "type": "email", "hour": 9, "external": false}
{"timestamp": "2026-06-03T09:08:16.765023", "user": "USER_002", "type": "file", "hour": 9, "filename": "doc_621.pdf"}
{"timestamp": "2026-06-03T09:08:17.266576", "user": "USER_005", "type": "file", "hour": 9, "filename": "doc_298.docx"}
{"timestamp": "2026-06-03T09:08:17.767779", "user": "USER_011", "type": "logon", "hour": 9}
{"timestamp": "2026-06-03T09:08:18.268859", "user": "USER_019", "type": "logon", "hour": 9}
{"timestamp": "2026-06-03T09:08:18.770114", "user": "USER_013", "type": "email", "hour": 9, "external": false}
{"timestamp": "2026-06-03T09:08:19.270939", "user": "USER_001", "type": "file", "hour": 9, "filename": "doc_319.exe"}
{"timestamp": "2026-06-03T09:08:20.273009", "user": "USER_017", "type": "file", "hour": 9, "filename": "doc_757.zip"}
{"timestamp": "2026-06-03T09:08:20.774404", "user": "USER_007", "type": "file", "hour": 9, "filename": "doc_328.xlsx"}
{"timestamp": "2026-06-03T09:08:21.275684", "user": "USER_004", "type": "device", "hour": 9, "action": "connect"}
{"timestamp": "2026-06-03T09:08:21.776808", "user": "USER_019", "type": "device", "hour": 9, "action": "disconnect"}
{"timestamp": "2026-06-03T09:08:22.278619", "user": "USER_012", "type": "file", "hour": 9, "filename": "doc_580.pdf"}
{"timestamp": "2026-06-03T09:08:23.280933", "user": "USER_011", "type": "email", "hour": 9, "external": true}
{"timestamp": "2026-06-03T09:08:23.782327", "user": "USER_013", "type": "device", "hour": 9, "action": "disconnect"}
{"timestamp": "2026-06-03T09:08:24.283661", "user": "USER_019", "type": "file", "hour": 9, "filename": "doc_846.zip"}
{"timestamp": "2026-06-03T09:08:24.786199", "user": "USER_008", "type": "email", "hour": 9, "external": false}
{"timestamp": "2026-06-03T09:08:25.288778", "user": "USER_003", "type": "file", "hour": 9, "filename": "doc_204.xlsx"}
{"timestamp": "2026-06-03T09:08:26.291284", "user": "USER_017", "type": "email", "hour": 9, "external": false}
{"timestamp": "2026-06-03T09:08:26.792031", "user": "USER_007", "type": "file", "hour": 9, "filename": "doc_409.xlsx"}
{"timestamp": "2026-06-03T09:08:27.793738", "user": "USER_017", "type": "email", "hour": 9, "external": false}
{"timestamp": "2026-06-03T09:08:28.294836", "user": "USER_017", "type": "email", "hour": 9, "external": false}
{"timestamp": "2026-06-03T09:08:29.297538", "user": "USER_020", "type": "email", "hour": 9, "external": false}
{"timestamp": "2026-06-03T09:08:29.798848", "user": "USER_005", "type": "email", "hour": 9, "external": true}
{"timestamp": "2026-06-03T09:08:30.300250", "user": "USER_001", "type": "file", "hour": 9, "filename": "doc_365.pdf"}
{"timestamp": "2026-06-03T09:08:31.305697", "user": "USER_015", "type": "email", "hour": 9, "external": false}
{"timestamp": "2026-06-03T09:08:31.806922", "user": "USER_010", "type": "email", "hour": 9, "external": false}
{"timestamp": "2026-06-03T09:08:32.809345", "user": "USER_011", "type": "logon", "hour": 9}
{"timestamp": "2026-06-03T09:08:33.310411", "user": "USER_008", "type": "file", "hour": 9, "filename": "doc_692.docx"}
{"timestamp": "2026-06-03T09:08:34.312878", "user": "USER_013", "type": "email", "hour": 9, "external": false}
{"timestamp": "2026-06-03T09:08:34.814429", "user": "USER_009", "type": "file", "hour": 9, "filename": "doc_852.zip"}
{"timestamp": "2026-06-03T09:08:35.316441", "user": "USER_009", "type": "file", "hour": 9, "filename": "doc_480.xlsx"}
{"timestamp": "2026-06-03T09:08:35.819057", "user": "USER_012", "type": "file", "hour": 9, "filename": "doc_665.zip"}
{"timestamp": "2026-06-03T09:08:36.821502", "user": "USER_010", "type": "file", "hour": 9, "filename": "doc_186.zip"}
{"timestamp": "2026-06-03T09:08:36.821863", "user": "USER_008", "type": "file", "hour": 3, "filename": "sensitive_data_100.zip"}
{"timestamp": "2026-06-03T09:08:36.821863", "user": "USER_008", "type": "file", "hour": 3, "filename": "sensitive_data_34.zip"}
{"timestamp": "2026-06-03T09:08:36.821863", "user": "USER_008", "type": "file", "hour": 3, "filename": "sensitive_data_43.zip"}
{"timestamp": "2026-06-03T09:08:36.821863", "user": "USER_008", "type": "file", "hour": 3, "filename": "sensitive_data_89.zip"}
{"timestamp": "2026-06-03T09:08:36.821863", "user": "USER_008", "type": "file", "hour": 3, "filename": "sensitive_data_24.zip"}
{"timestamp": "2026-06-03T09:08:36.821863", "user": "USER_008", "type": "file", "hour": 3, "filename": "sensitive_data_37.zip"}
{"timestamp": "2026-06-03T09:08:36.821863", "user": "USER_008", "type": "file", "hour": 3, "filename": "sensitive_data_77.zip"}
{"timestamp": "2026-06-03T09:08:36.821863", "user": "USER_008", "type": "file", "hour": 3, "filename": "sensitive_data_36.zip"}
{"timestamp": "2026-06-03T09:08:36.821863", "user": "USER_008", "type": "file", "hour": 3, "filename": "sensitive_data_57.zip"}
{"timestamp": "2026-06-03T09:08:36.821863", "user": "USER_008", "type": "file", "hour": 3, "filename": "sensitive_data_38.zip"}
{"timestamp": "2026-06-03T09:08:36.821863", "user": "USER_008", "type": "file", "hour": 3, "filename": "sensitive_data_36.zip"}
{"timestamp": "2026-06-03T09:08:36.821863", "user": "USER_008", "type": "file", "hour": 3, "filename": "sensitive_data_16.zip"}
{"timestamp": "2026-06-03T09:08:36.821863", "user": "USER_008", "type": "file", "hour": 3, "filename": "sensitive_data_43.zip"}
{"timestamp": "2026-06-03T09:08:36.821863", "user": "USER_008", "type": "file", "hour": 3, "filename": "sensitive_data_1.zip"}
{"timestamp": "2026-06-03T09:08:36.821863", "user": "USER_008", "type": "file", "hour": 3, "filename": "sensitive_data_86.zip"}
{"timestamp": "2026-06-03T09:08:36.821863", "user": "USER_008", "type": "file", "hour": 3, "filename": "sensitive_data_18.zip"}
{"timestamp": "2026-06-03T09:08:36.821863", "user": "USER_008", "type": "file", "hour": 3, "filename": "sensitive_data_56.zip"}
{"timestamp": "2026-06-03T09:08:36.821863", "user": "USER_008", "type": "file", "hour": 3, "filename": "sensitive_data_11.zip"}
{"timestamp": "2026-06-03T09:08:36.821863", "user": "USER_008", "type": "file", "hour": 3, "filename": "sensitive_data_60.zip"}
{"timestamp": "2026-06-03T09:08:36.821863", "user": "USER_008", "type": "file", "hour": 3, "filename": "sensitive_data_98.zip"}
{"timestamp": "2026-06-03T09:08:36.821863", "user": "USER_008", "type": "file", "hour": 3, "filename": "sensitive_data_75.zip"}
{"timestamp": "2026-06-03T09:08:36.821863", "user": "USER_008", "type": "file", "hour": 3, "filename": "sensitive_data_55.zip"}
{"timestamp": "2026-06-03T09:08:36.821863", "user": "USER_008", "type": "file", "hour": 3, "filename": "sensitive_data_74.zip"}
{"timestamp": "2026-06-03T09:08:36.821863", "user": "USER_008", "type": "file", "hour": 3, "filename": "sensitive_data_61.zip"}
{"timestamp": "2026-06-03T09:08:36.821863", "user": "USER_008", "type": "file", "hour": 3, "filename": "sensitive_data_94.zip"}
{"timestamp": "2026-06-03T09:08:36.821863", "user": "USER_008", "type": "file", "hour": 3, "filename": "sensitive_data_69.zip"}
{"timestamp": "2026-06-03T09:08:36.821863", "user": "USER_008", "type": "file", "hour": 3, "filename": "sensitive_data_73.zip"}
{"timestamp": "2026-06-03T09:08:36.821863", "user": "USER_008", "type": "file", "hour": 3, "filename": "sensitive_data_92.zip"}
{"timestamp": "2026-06-03T09:08:36.821863", "user": "USER_008", "type": "file", "hour": 3, "filename": "sensitive_data_31.zip"}
{"timestamp": "2026-06-03T09:08:36.821863", "user": "USER_008", "type": "file", "hour": 3, "filename": "sensitive_data_87.zip"}
{"timestamp": "2026-06-03T09:08:36.821863", "user": "USER_008", "type": "file", "hour": 3, "filename": "sensitive_data_69.zip"}
{"timestamp": "2026-06-03T09:08:36.821863", "user": "USER_008", "type": "file", "hour": 3, "filename": "sensitive_data_58.zip"}
{"timestamp": "2026-06-03T09:08:36.821863", "user": "USER_008", "type": "file", "hour": 3, "filename": "sensitive_data_91.zip"}
{"timestamp": "2026-06-03T09:08:36.821863", "user": "USER_008", "type": "file", "hour": 3, "filename": "sensitive_data_29.zip"}
{"timestamp": "2026-06-03T09:08:36.821863", "user": "USER_008", "type": "file", "hour": 3, "filename": "sensitive_data_12.zip"}
{"timestamp": "2026-06-03T09:08:36.821863", "user": "USER_008", "type": "file", "hour": 3, "filename": "sensitive_data_23.zip"}
{"timestamp": "2026-06-03T09:08:36.821863", "user": "USER_008", "type": "email", "hour": 3, "external": true}
{"timestamp": "2026-06-03T09:08:36.821863", "user": "USER_008", "type": "email", "hour": 3, "external": true}
{"timestamp": "2026-06-03T09:08:36.821863", "user": "USER_008", "type": "email", "hour": 3, "external": true}
{"timestamp": "2026-06-03T09:08:36.821863", "user": "USER_008", "type": "email", "hour": 3, "external": true}
{"timestamp": "2026-06-03T09:08:36.821863", "user": "USER_008", "type": "email", "hour": 3, "external": true}
{"timestamp": "2026-06-03T09:08:36.821863", "user": "USER_008", "type": "email", "hour": 3, "external": true}
{"timestamp": "2026-06-03T09:08:36.821863", "user": "USER_008", "type": "email", "hour": 3, "external": true}
{"timestamp": "2026-06-03T09:08:36.821863", "user": "USER_008", "type": "email", "hour": 3, "external": true}
{"timestamp": "2026-06-03T09:08:36.821863", "user": "USER_008", "type": "email", "hour": 3, "external": true}
{"timestamp": "2026-06-03T09:08:36.821863", "user": "USER_008", "type": "email", "hour": 3, "external": true}
{"timestamp": "2026-06-03T09:08:36.821863", "user": "USER_008", "type": "email", "hour": 3, "external": true}
{"timestamp": "2026-06-03T09:08:36.821863", "user": "USER_008", "type": "email", "hour": 3, "external": true}
{"timestamp": "2026-06-03T09:08:36.821863", "user": "USER_008", "type": "email", "hour": 3, "external": true}
{"timestamp": "2026-06-03T09:08:36.821863", "user": "USER_008", "type": "email", "hour": 3, "external": true}
{"timestamp": "2026-06-03T09:08:36.821863", "user": "USER_008", "type": "email", "hour": 3, "external": true}
{"timestamp": "2026-06-03T09:08:36.821863", "user": "USER_008", "type": "email", "hour": 3, "external": true}
{"timestamp": "2026-06-03T09:08:36.821863", "user": "USER_008", "type": "email", "hour": 3, "external": true}
{"timestamp": "2026-06-03T09:08:37.323776", "user": "USER_014", "type": "file", "hour": 9, "filename": "doc_939.pdf"}
{"timestamp": "2026-06-03T09:08:37.825119", "user": "USER_018", "type": "file", "hour": 9, "filename": "doc_741.pdf"}
{"timestamp": "2026-06-03T09:08:38.325979", "user": "USER_009", "type": "file", "hour": 9, "filename": "doc_539.docx"}
{"timestamp": "2026-06-03T09:08:40.329268", "user": "USER_010", "type": "file", "hour": 9, "filename": "doc_945.zip"}
{"timestamp": "2026-06-03T09:08:41.332199", "user": "USER_015", "type": "email", "hour": 9, "external": true}
{"timestamp": "2026-06-03T09:08:41.834202", "user": "USER_003", "type": "email", "hour": 9, "external": false}
{"timestamp": "2026-06-03T09:08:42.837244", "user": "USER_009", "type": "email", "hour": 9, "external": false}
{"timestamp": "2026-06-03T09:08:43.338771", "user": "USER_015", "type": "file", "hour": 9, "filename": "doc_775.exe"}
{"timestamp": "2026-06-03T09:08:43.839761", "user": "USER_014", "type": "email", "hour": 9, "external": false}
{"timestamp": "2026-06-03T09:08:44.340777", "user": "USER_009", "type": "logon", "hour": 9}
{"timestamp": "2026-06-03T09:08:45.342301", "user": "USER_014", "type": "file", "hour": 9, "filename": "doc_305.zip"}
{"timestamp": "2026-06-03T09:08:45.843480", "user": "USER_018", "type": "email", "hour": 9, "external": true}
{"timestamp": "2026-06-03T09:08:46.344937", "user": "USER_012", "type": "file", "hour": 9, "filename": "doc_266.docx"}
{"timestamp": "2026-06-03T09:08:46.846440", "user": "USER_018", "type": "email", "hour": 9, "external": true}
{"timestamp": "2026-06-03T09:08:47.348007", "user": "USER_020", "type": "email", "hour": 9, "external": false}
{"timestamp": "2026-06-03T09:08:48.351248", "user": "USER_009", "type": "file", "hour": 9, "filename": "doc_598.pdf"}
{"timestamp": "2026-06-03T09:08:48.852341", "user": "USER_014", "type": "email", "hour": 9, "external": false}
{"timestamp": "2026-06-03T09:08:49.854212", "user": "USER_019", "type": "file", "hour": 9, "filename": "doc_194.zip"}
{"timestamp": "2026-06-03T09:08:50.355056", "user": "USER_013", "type": "email", "hour": 9, "external": true}
{"timestamp": "2026-06-03T09:08:50.856085", "user": "USER_018", "type": "file", "hour": 9, "filename": "doc_725.exe"}
{"timestamp": "2026-06-03T09:08:51.357774", "user": "USER_001", "type": "logon", "hour": 9}
{"timestamp": "2026-06-03T09:08:51.859359", "user": "USER_011", "type": "file", "hour": 9, "filename": "doc_986.xlsx"}
{"timestamp": "2026-06-03T09:08:52.360980", "user": "USER_006", "type": "email", "hour": 9, "external": false}
{"timestamp": "2026-06-03T09:08:52.862129", "user": "USER_004", "type": "email", "hour": 9, "external": false}
{"timestamp": "2026-06-03T09:08:53.363040", "user": "USER_004", "type": "email", "hour": 9, "external": true}
{"timestamp": "2026-06-03T09:08:53.864771", "user": "USER_005", "type": "device", "hour": 9, "action": "connect"}
{"timestamp": "2026-06-03T09:08:54.365971", "user": "USER_019", "type": "file", "hour": 9, "filename": "doc_802.zip"}
{"timestamp": "2026-06-03T09:08:54.868059", "user": "USER_012", "type": "email", "hour": 9, "external": false}
{"timestamp": "2026-06-03T09:08:55.370013", "user": "USER_017", "type": "file", "hour": 9, "filename": "doc_228.xlsx"}
{"timestamp": "2026-06-03T09:08:55.871855", "user": "USER_002", "type": "file", "hour": 9, "filename": "doc_471.zip"}
{"timestamp": "2026-06-03T09:08:56.373571", "user": "USER_015", "type": "file", "hour": 9, "filename": "doc_299.exe"}
{"timestamp": "2026-06-03T09:08:56.875154", "user": "USER_017", "type": "email", "hour": 9, "external": false}
{"timestamp": "2026-06-03T09:08:57.376563", "user": "USER_018", "type": "file", "hour": 9, "filename": "doc_244.xlsx"}
{"timestamp": "2026-06-03T09:08:57.878067", "user": "USER_004", "type": "file", "hour": 9, "filename": "doc_539.exe"}
{"timestamp": "2026-06-03T09:08:58.379580", "user": "USER_013", "type": "file", "hour": 9, "filename": "doc_625.docx"}
{"timestamp": "2026-06-03T09:08:58.881286", "user": "USER_017", "type": "device", "hour": 9, "action": "disconnect"}
{"timestamp": "2026-06-03T09:08:59.383428", "user": "USER_006", "type": "file", "hour": 9, "filename": "doc_498.pdf"}
{"timestamp": "2026-06-03T09:08:59.885344", "user": "USER_002", "type": "file", "hour": 9, "filename": "doc_690.docx"}
{"timestamp": "2026-06-03T09:09:00.387449", "user": "USER_013", "type": "file", "hour": 9, "filename": "doc_174.docx"}
{"timestamp": "2026-06-03T09:09:00.888874", "user": "USER_018", "type": "file", "hour": 9, "filename": "doc_424.docx"}
{"timestamp": "2026-06-03T09:09:01.891600", "user": "USER_002", "type": "file", "hour": 9, "filename": "doc_165.exe"}
{"timestamp": "2026-06-03T09:09:02.392611", "user": "USER_013", "type": "email", "hour": 9, "external": false}
{"timestamp": "2026-06-03T09:09:02.893817", "user": "USER_015", "type": "email", "hour": 9, "external": false}
{"timestamp": "2026-06-03T09:09:03.896024", "user": "USER_020", "type": "device", "hour": 9, "action": "disconnect"}
{"timestamp": "2026-06-03T09:09:04.397657", "user": "USER_004", "type": "email", "hour": 9, "external": false}
{"timestamp": "2026-06-03T09:09:04.899549", "user": "USER_001", "type": "email", "hour": 9, "external": true}
{"timestamp": "2026-06-03T09:09:05.401423", "user": "USER_010", "type": "file", "hour": 9, "filename": "doc_904.docx"}
{"timestamp": "2026-06-03T09:09:05.902923", "user": "USER_017", "type": "file", "hour": 9, "filename": "doc_238.xlsx"}
{"timestamp": "2026-06-03T09:09:06.906075", "user": "USER_006", "type": "file", "hour": 9, "filename": "doc_662.xlsx"}
{"timestamp": "2026-06-03T09:09:07.908061", "user": "USER_016", "type": "email", "hour": 9, "external": false}
{"timestamp": "2026-06-03T09:09:08.408927", "user": "USER_004", "type": "email", "hour": 9, "external": false}
{"timestamp": "2026-06-03T09:09:08.909925", "user": "USER_019", "type": "file", "hour": 9, "filename": "doc_821.exe"}
{"timestamp": "2026-06-03T09:09:09.411099", "user": "USER_019", "type": "email", "hour": 9, "external": false}
{"timestamp": "2026-06-03T09:09:10.915808", "user": "USER_010", "type": "file", "hour": 9, "filename": "doc_357.docx"}
{"timestamp": "2026-06-03T09:09:11.418039", "user": "USER_001", "type": "email", "hour": 9, "external": false}
{"timestamp": "2026-06-03T09:09:11.920443", "user": "USER_002", "type": "email", "hour": 9, "external": true}
{"timestamp": "2026-06-03T09:09:12.421980", "user": "USER_001", "type": "email", "hour": 9, "external": true}
{"timestamp": "2026-06-03T09:09:12.922662", "user": "USER_008", "type": "file", "hour": 9, "filename": "doc_211.docx"}
{"timestamp": "2026-06-03T09:09:13.423979", "user": "USER_008", "type": "email", "hour": 9, "external": false}
{"timestamp": "2026-06-03T09:09:13.925425", "user": "USER_015", "type": "file", "hour": 9, "filename": "doc_150.exe"}
{"timestamp": "2026-06-03T09:09:14.927943", "user": "USER_016", "type": "file", "hour": 9, "filename": "doc_848.pdf"}
{"timestamp": "2026-06-03T09:09:15.429439", "user": "USER_016", "type": "device", "hour": 9, "action": "disconnect"}
{"timestamp": "2026-06-03T09:09:16.432465", "user": "USER_003", "type": "logon", "hour": 9}
{"timestamp": "2026-06-03T09:09:16.934559", "user": "USER_011", "type": "file", "hour": 9, "filename": "doc_858.exe"}
{"timestamp": "2026-06-03T09:09:17.436262", "user": "USER_018", "type": "email", "hour": 9, "external": false}
{"timestamp": "2026-06-03T09:09:18.940724", "user": "USER_016", "type": "file", "hour": 9, "filename": "doc_871.zip"}
{"timestamp": "2026-06-03T09:09:19.442013", "user": "USER_012", "type": "file", "hour": 9, "filename": "doc_378.docx"}
{"timestamp": "2026-06-03T09:09:19.943414", "user": "USER_003", "type": "file", "hour": 9, "filename": "doc_951.zip"}
{"timestamp": "2026-06-03T09:09:20.444631", "user": "USER_008", "type": "file", "hour": 9, "filename": "doc_121.docx"}
{"timestamp": "2026-06-03T09:09:21.447274", "user": "USER_010", "type": "file", "hour": 9, "filename": "doc_351.xlsx"}
{"timestamp": "2026-06-03T09:09:21.948778", "user": "USER_015", "type": "email", "hour": 9, "external": false}
{"timestamp": "2026-06-03T09:09:22.449909", "user": "USER_005", "type": "file", "hour": 9, "filename": "doc_697.zip"}
{"timestamp": "2026-06-03T09:09:22.951772", "user": "USER_020", "type": "file", "hour": 9, "filename": "doc_272.zip"}
{"timestamp": "2026-06-03T09:09:23.453954", "user": "USER_009", "type": "file", "hour": 9, "filename": "doc_961.pdf"}
{"timestamp": "2026-06-03T09:09:23.956532", "user": "USER_009", "type": "file", "hour": 9, "filename": "doc_413.docx"}
{"timestamp": "2026-06-03T09:09:24.457942", "user": "USER_012", "type": "email", "hour": 9, "external": false}
{"timestamp": "2026-06-03T09:09:24.959129", "user": "USER_008", "type": "file", "hour": 9, "filename": "doc_129.docx"}
{"timestamp": "2026-06-03T09:09:25.460582", "user": "USER_007", "type": "file", "hour": 9, "filename": "doc_158.zip"}
{"timestamp": "2026-06-03T09:09:25.962488", "user": "USER_003", "type": "file", "hour": 9, "filename": "doc_978.zip"}
{"timestamp": "2026-06-03T09:09:26.464721", "user": "USER_012", "type": "file", "hour": 9, "filename": "doc_519.exe"}
{"timestamp": "2026-06-03T09:09:26.966249", "user": "USER_003", "type": "email", "hour": 9, "external": false}
{"timestamp": "2026-06-03T09:09:27.969991", "user": "USER_015", "type": "email", "hour": 9, "external": false}
{"timestamp": "2026-06-03T09:09:28.471007", "user": "USER_002", "type": "file", "hour": 9, "filename": "doc_435.xlsx"}
{"timestamp": "2026-06-03T09:09:28.972096", "user": "USER_005", "type": "logon", "hour": 9}
{"timestamp": "2026-06-03T09:09:29.473354", "user": "USER_008", "type": "file", "hour": 9, "filename": "doc_474.pdf"}
{"timestamp": "2026-06-03T09:09:29.974707", "user": "USER_019", "type": "email", "hour": 9, "external": false}
{"timestamp": "2026-06-03T09:09:30.475832", "user": "USER_011", "type": "file", "hour": 9, "filename": "doc_853.zip"}
{"timestamp": "2026-06-03T09:09:30.977754", "user": "USER_003", "type": "file", "hour": 9, "filename": "doc_465.docx"}
{"timestamp": "2026-06-03T09:09:31.981351", "user": "USER_017", "type": "file", "hour": 9, "filename": "doc_228.docx"}
{"timestamp": "2026-06-03T09:09:32.482973", "user": "USER_010", "type": "file", "hour": 9, "filename": "doc_591.xlsx"}
{"timestamp": "2026-06-03T09:09:33.488667", "user": "USER_008", "type": "file", "hour": 9, "filename": "doc_152.docx"}
{"timestamp": "2026-06-03T09:09:33.989928", "user": "USER_020", "type": "file", "hour": 9, "filename": "doc_139.pdf"}
{"timestamp": "2026-06-03T09:09:34.992356", "user": "USER_009", "type": "email", "hour": 9, "external": true}
{"timestamp": "2026-06-03T09:09:35.493735", "user": "USER_002", "type": "email", "hour": 9, "external": false}
{"timestamp": "2026-06-03T09:09:35.995545", "user": "USER_005", "type": "email", "hour": 9, "external": true}
{"timestamp": "2026-06-03T09:09:36.497607", "user": "USER_004", "type": "email", "hour": 9, "external": false}
{"timestamp": "2026-06-03T09:09:36.498369", "user": "USER_012", "type": "file", "hour": 3, "filename": "sensitive_data_62.zip"}
{"timestamp": "2026-06-03T09:09:36.498369", "user": "USER_012", "type": "file", "hour": 3, "filename": "sensitive_data_21.zip"}
{"timestamp": "2026-06-03T09:09:36.498369", "user": "USER_012", "type": "file", "hour": 3, "filename": "sensitive_data_76.zip"}
{"timestamp": "2026-06-03T09:09:36.498369", "user": "USER_012", "type": "file", "hour": 3, "filename": "sensitive_data_58.zip"}
{"timestamp": "2026-06-03T09:09:36.498369", "user": "USER_012", "type": "file", "hour": 3, "filename": "sensitive_data_68.zip"}
{"timestamp": "2026-06-03T09:09:36.498369", "user": "USER_012", "type": "file", "hour": 3, "filename": "sensitive_data_18.zip"}
{"timestamp": "2026-06-03T09:09:36.498369", "user": "USER_012", "type": "file", "hour": 3, "filename": "sensitive_data_8.zip"}
{"timestamp": "2026-06-03T09:09:36.498369", "user": "USER_012", "type": "file", "hour": 3, "filename": "sensitive_data_90.zip"}
{"timestamp": "2026-06-03T09:09:36.498369", "user": "USER_012", "type": "file", "hour": 3, "filename": "sensitive_data_51.zip"}
{"timestamp": "2026-06-03T09:09:36.498369", "user": "USER_012", "type": "file", "hour": 3, "filename": "sensitive_data_31.zip"}
{"timestamp": "2026-06-03T09:09:36.498369", "user": "USER_012", "type": "file", "hour": 3, "filename": "sensitive_data_75.zip"}
{"timestamp": "2026-06-03T09:09:36.498369", "user": "USER_012", "type": "file", "hour": 3, "filename": "sensitive_data_6.zip"}
{"timestamp": "2026-06-03T09:09:36.498369", "user": "USER_012", "type": "file", "hour": 3, "filename": "sensitive_data_51.zip"}
{"timestamp": "2026-06-03T09:09:36.498369", "user": "USER_012", "type": "file", "hour": 3, "filename": "sensitive_data_33.zip"}
{"timestamp": "2026-06-03T09:09:36.498369", "user": "USER_012", "type": "file", "hour": 3, "filename": "sensitive_data_41.zip"}
{"timestamp": "2026-06-03T09:09:36.498369", "user": "USER_012", "type": "file", "hour": 3, "filename": "sensitive_data_25.zip"}
{"timestamp": "2026-06-03T09:09:36.498369", "user": "USER_012", "type": "file", "hour": 3, "filename": "sensitive_data_61.zip"}
{"timestamp": "2026-06-03T09:09:36.498369", "user": "USER_012", "type": "file", "hour": 3, "filename": "sensitive_data_8.zip"}
{"timestamp": "2026-06-03T09:09:36.498369", "user": "USER_012", "type": "file", "hour": 3, "filename": "sensitive_data_5.zip"}
{"timestamp": "2026-06-03T09:09:36.498369", "user": "USER_012", "type": "file", "hour": 3, "filename": "sensitive_data_2.zip"}
{"timestamp": "2026-06-03T09:09:36.498369", "user": "USER_012", "type": "file", "hour": 3, "filename": "sensitive_data_9.zip"}
{"timestamp": "2026-06-03T09:09:36.498369", "user": "USER_012", "type": "file", "hour": 3, "filename": "sensitive_data_71.zip"}
{"timestamp": "2026-06-03T09:09:36.498369", "user": "USER_012", "type": "file", "hour": 3, "filename": "sensitive_data_4.zip"}
{"timestamp": "2026-06-03T09:09:36.498369", "user": "USER_012", "type": "file", "hour": 3, "filename": "sensitive_data_92.zip"}
{"timestamp": "2026-06-03T09:09:36.498369", "user": "USER_012", "type": "file", "hour": 3, "filename": "sensitive_data_64.zip"}
{"timestamp": "2026-06-03T09:09:36.498369", "user": "USER_012", "type": "file", "hour": 3, "filename": "sensitive_data_82.zip"}
{"timestamp": "2026-06-03T09:09:36.498369", "user": "USER_012", "type": "file", "hour": 3, "filename": "sensitive_data_23.zip"}
{"timestamp": "2026-06-03T09:09:36.498369", "user": "USER_012", "type": "file", "hour": 3, "filename": "sensitive_data_91.zip"}
{"timestamp": "2026-06-03T09:09:36.498369", "user": "USER_012", "type": "file", "hour": 3, "filename": "sensitive_data_76.zip"}
{"timestamp": "2026-06-03T09:09:36.498369", "user": "USER_012", "type": "file", "hour": 3, "filename": "sensitive_data_43.zip"}
{"timestamp": "2026-06-03T09:09:36.498369", "user": "USER_012", "type": "file", "hour": 3, "filename": "sensitive_data_37.zip"}
{"timestamp": "2026-06-03T09:09:36.498369", "user": "USER_012", "type": "file", "hour": 3, "filename": "sensitive_data_66.zip"}
{"timestamp": "2026-06-03T09:09:36.498369", "user": "USER_012", "type": "file", "hour": 3, "filename": "sensitive_data_21.zip"}
{"timestamp": "2026-06-03T09:09:36.498369", "user": "USER_012", "type": "file", "hour": 3, "filename": "sensitive_data_43.zip"}
{"timestamp": "2026-06-03T09:09:36.498369", "user": "USER_012", "type": "file", "hour": 3, "filename": "sensitive_data_96.zip"}
{"timestamp": "2026-06-03T09:09:36.498369", "user": "USER_012", "type": "file", "hour": 3, "filename": "sensitive_data_18.zip"}
{"timestamp": "2026-06-03T09:09:36.498369", "user": "USER_012", "type": "email", "hour": 3, "external": true}
{"timestamp": "2026-06-03T09:09:36.498369", "user": "USER_012", "type": "email", "hour": 3, "external": true}
{"timestamp": "2026-06-03T09:09:36.498369", "user": "USER_012", "type": "email", "hour": 3, "external": true}
{"timestamp": "2026-06-03T09:09:36.498369", "user": "USER_012", "type": "email", "hour": 3, "external": true}
{"timestamp": "2026-06-03T09:09:36.498369", "user": "USER_012", "type": "email", "hour": 3, "external": true}
{"timestamp": "2026-06-03T09:09:36.498369", "user": "USER_012", "type": "email", "hour": 3, "external": true}
{"timestamp": "2026-06-03T09:09:36.498369", "user": "USER_012", "type": "email", "hour": 3, "external": true}
{"timestamp": "2026-06-03T09:09:36.498369", "user": "USER_012", "type": "email", "hour": 3, "external": true}
{"timestamp": "2026-06-03T09:09:36.498369", "user": "USER_012", "type": "email", "hour": 3, "external": true}
{"timestamp": "2026-06-03T09:09:36.498369", "user": "USER_012", "type": "email", "hour": 3, "external": true}
{"timestamp": "2026-06-03T09:09:36.498369", "user": "USER_012", "type": "email", "hour": 3, "external": true}
{"timestamp": "2026-06-03T09:09:36.498369", "user": "USER_012", "type": "email", "hour": 3, "external": true}
{"timestamp": "2026-06-03T09:09:36.498369", "user": "USER_012", "type": "email", "hour": 3, "external": true}
{"timestamp": "2026-06-03T09:09:36.498369", "user": "USER_012", "type": "email", "hour": 3, "external": true}
{"timestamp": "2026-06-03T09:09:36.498369", "user": "USER_012", "type": "email", "hour": 3, "external": true}
{"timestamp": "2026-06-03T09:09:36.498369", "user": "USER_012", "type": "email", "hour": 3, "external": true}
{"timestamp": "2026-06-03T09:09:36.498369", "user": "USER_012", "type": "email", "hour": 3, "external": true}
{"timestamp": "2026-06-03T09:09:36.498369", "user": "USER_012", "type": "email", "hour": 3, "external": true}
{"timestamp": "2026-06-03T09:09:36.498369", "user": "USER_012", "type": "email", "hour": 3, "external": true}
{"timestamp": "2026-06-03T09:09:36.498369", "user": "USER_012", "type": "email", "hour": 3, "external": true}
{"timestamp": "2026-06-03T09:09:37.000621", "user": "USER_009", "type": "email", "hour": 9, "external": false}
{"timestamp": "2026-06-03T09:09:37.501525", "user": "USER_006", "type": "email", "hour": 9, "external": false}
{"timestamp": "2026-06-03T09:09:38.002273", "user": "USER_019", "type": "logon", "hour": 9}
{"timestamp": "2026-06-03T09:09:38.505108", "user": "USER_015", "type": "email", "hour": 9, "external": false}
{"timestamp": "2026-06-03T09:09:39.508393", "user": "USER_005", "type": "file", "hour": 9, "filename": "doc_606.xlsx"}
{"timestamp": "2026-06-03T09:09:40.010440", "user": "USER_012", "type": "file", "hour": 9, "filename": "doc_637.xlsx"}
{"timestamp": "2026-06-03T09:09:40.511220", "user": "USER_003", "type": "logon", "hour": 9}
{"timestamp": "2026-06-03T09:09:41.011675", "user": "USER_020", "type": "device", "hour": 9, "action": "connect"}
{"timestamp": "2026-06-03T09:09:41.011854", "user": "USER_009", "type": "file", "hour": 3, "filename": "sensitive_data_47.zip"}
{"timestamp": "2026-06-03T09:09:41.011854", "user": "USER_009", "type": "file", "hour": 3, "filename": "sensitive_data_53.zip"}
{"timestamp": "2026-06-03T09:09:41.011854", "user": "USER_009", "type": "file", "hour": 3, "filename": "sensitive_data_43.zip"}
{"timestamp": "2026-06-03T09:09:41.011854", "user": "USER_009", "type": "file", "hour": 3, "filename": "sensitive_data_89.zip"}
{"timestamp": "2026-06-03T09:09:41.011854", "user": "USER_009", "type": "file", "hour": 3, "filename": "sensitive_data_87.zip"}
{"timestamp": "2026-06-03T09:09:41.011854", "user": "USER_009", "type": "file", "hour": 3, "filename": "sensitive_data_2.zip"}
{"timestamp": "2026-06-03T09:09:41.011854", "user": "USER_009", "type": "file", "hour": 3, "filename": "sensitive_data_84.zip"}
{"timestamp": "2026-06-03T09:09:41.011854", "user": "USER_009", "type": "file", "hour": 3, "filename": "sensitive_data_64.zip"}
{"timestamp": "2026-06-03T09:09:41.011854", "user": "USER_009", "type": "file", "hour": 3, "filename": "sensitive_data_92.zip"}
{"timestamp": "2026-06-03T09:09:41.011854", "user": "USER_009", "type": "file", "hour": 3, "filename": "sensitive_data_30.zip"}
{"timestamp": "2026-06-03T09:09:41.011854", "user": "USER_009", "type": "file", "hour": 3, "filename": "sensitive_data_71.zip"}
{"timestamp": "2026-06-03T09:09:41.011854", "user": "USER_009", "type": "file", "hour": 3, "filename": "sensitive_data_57.zip"}
{"timestamp": "2026-06-03T09:09:41.011854", "user": "USER_009", "type": "file", "hour": 3, "filename": "sensitive_data_29.zip"}
{"timestamp": "2026-06-03T09:09:41.011854", "user": "USER_009", "type": "file", "hour": 3, "filename": "sensitive_data_30.zip"}
{"timestamp": "2026-06-03T09:09:41.011854", "user": "USER_009", "type": "file", "hour": 3, "filename": "sensitive_data_17.zip"}
{"timestamp": "2026-06-03T09:09:41.011854", "user": "USER_009", "type": "file", "hour": 3, "filename": "sensitive_data_80.zip"}
{"timestamp": "2026-06-03T09:09:41.011854", "user": "USER_009", "type": "file", "hour": 3, "filename": "sensitive_data_66.zip"}
{"timestamp": "2026-06-03T09:09:41.011854", "user": "USER_009", "type": "file", "hour": 3, "filename": "sensitive_data_94.zip"}
{"timestamp": "2026-06-03T09:09:41.011854", "user": "USER_009", "type": "file", "hour": 3, "filename": "sensitive_data_92.zip"}
{"timestamp": "2026-06-03T09:09:41.011854", "user": "USER_009", "type": "file", "hour": 3, "filename": "sensitive_data_64.zip"}
{"timestamp": "2026-06-03T09:09:41.011854", "user": "USER_009", "type": "file", "hour": 3, "filename": "sensitive_data_20.zip"}
{"timestamp": "2026-06-03T09:09:41.011854", "user": "USER_009", "type": "file", "hour": 3, "filename": "sensitive_data_31.zip"}
{"timestamp": "2026-06-03T09:09:41.011854", "user": "USER_009", "type": "file", "hour": 3, "filename": "sensitive_data_89.zip"}
{"timestamp": "2026-06-03T09:09:41.011854", "user": "USER_009", "type": "file", "hour": 3, "filename": "sensitive_data_23.zip"}
{"timestamp": "2026-06-03T09:09:41.011854", "user": "USER_009", "type": "file", "hour": 3, "filename": "sensitive_data_13.zip"}
{"timestamp": "2026-06-03T09:09:41.011854", "user": "USER_009", "type": "file", "hour": 3, "filename": "sensitive_data_50.zip"}
{"timestamp": "2026-06-03T09:09:41.011854", "user": "USER_009", "type": "file", "hour": 3, "filename": "sensitive_data_82.zip"}
{"timestamp": "2026-06-03T09:09:41.011854", "user": "USER_009", "type": "file", "hour": 3, "filename": "sensitive_data_18.zip"}
{"timestamp": "2026-06-03T09:09:41.011854", "user": "USER_009", "type": "file", "hour": 3, "filename": "sensitive_data_88.zip"}
{"timestamp": "2026-06-03T09:09:41.011854", "user": "USER_009", "type": "file", "hour": 3, "filename": "sensitive_data_90.zip"}
{"timestamp": "2026-06-03T09:09:41.011854", "user": "USER_009", "type": "file", "hour": 3, "filename": "sensitive_data_62.zip"}
{"timestamp": "2026-06-03T09:09:41.011854", "user": "USER_009", "type": "file", "hour": 3, "filename": "sensitive_data_22.zip"}
{"timestamp": "2026-06-03T09:09:41.011854", "user": "USER_009", "type": "file", "hour": 3, "filename": "sensitive_data_25.zip"}
{"timestamp": "2026-06-03T09:09:41.011854", "user": "USER_009", "type": "file", "hour": 3, "filename": "sensitive_data_24.zip"}
{"timestamp": "2026-06-03T09:09:41.011854", "user": "USER_009", "type": "email", "hour": 3, "external": true}
{"timestamp": "2026-06-03T09:09:41.011854", "user": "USER_009", "type": "email", "hour": 3, "external": true}
{"timestamp": "2026-06-03T09:09:41.011854", "user": "USER_009", "type": "email", "hour": 3, "external": true}
{"timestamp": "2026-06-03T09:09:41.011854", "user": "USER_009", "type": "email", "hour": 3, "external": true}
{"timestamp": "2026-06-03T09:09:41.011854", "user": "USER_009", "type": "email", "hour": 3, "external": true}
{"timestamp": "2026-06-03T09:09:41.011854", "user": "USER_009", "type": "email", "hour": 3, "external": true}
{"timestamp": "2026-06-03T09:09:41.011854", "user": "USER_009", "type": "email", "hour": 3, "external": true}
{"timestamp": "2026-06-03T09:09:41.011854", "user": "USER_009", "type": "email", "hour": 3, "external": true}
{"timestamp": "2026-06-03T09:09:41.011854", "user": "USER_009", "type": "email", "hour": 3, "external": true}
{"timestamp": "2026-06-03T09:09:41.011854", "user": "USER_009", "type": "email", "hour": 3, "external": true}
{"timestamp": "2026-06-03T09:09:41.011854", "user": "USER_009", "type": "email", "hour": 3, "external": true}
{"timestamp": "2026-06-03T09:09:41.011854", "user": "USER_009", "type": "email", "hour": 3, "external": true}
{"timestamp": "2026-06-03T09:09:41.011854", "user": "USER_009", "type": "email", "hour": 3, "external": true}
{"timestamp": "2026-06-03T09:09:41.011854", "user": "USER_009", "type": "email", "hour": 3, "external": true}
{"timestamp": "2026-06-03T09:09:41.512741", "user": "USER_006", "type": "file", "hour": 9, "filename": "doc_354.pdf"}
{"timestamp": "2026-06-03T09:09:42.014251", "user": "USER_003", "type": "file", "hour": 9, "filename": "doc_678.exe"}
{"timestamp": "2026-06-03T09:09:42.515723", "user": "USER_010", "type": "file", "hour": 9, "filename": "doc_420.exe"}
{"timestamp": "2026-06-03T09:09:43.017439", "user": "USER_007", "type": "email", "hour": 9, "external": false}
{"timestamp": "2026-06-03T09:09:43.519342", "user": "USER_001", "type": "file", "hour": 9, "filename": "doc_455.exe"}
{"timestamp": "2026-06-03T09:09:44.021449", "user": "USER_016", "type": "email", "hour": 9, "external": false}
{"timestamp": "2026-06-03T09:09:44.522921", "user": "USER_001", "type": "file", "hour": 9, "filename": "doc_490.zip"}
{"timestamp": "2026-06-03T09:09:45.025354", "user": "USER_010", "type": "email", "hour": 9, "external": false}
{"timestamp": "2026-06-03T09:09:45.526760", "user": "USER_016", "type": "email", "hour": 9, "external": false}
{"timestamp": "2026-06-03T09:09:46.029116", "user": "USER_010", "type": "file", "hour": 9, "filename": "doc_927.zip"}
{"timestamp": "2026-06-03T09:09:46.531370", "user": "USER_002", "type": "email", "hour": 9, "external": true}
{"timestamp": "2026-06-03T09:09:47.033347", "user": "USER_008", "type": "file", "hour": 9, "filename": "doc_273.zip"}
{"timestamp": "2026-06-03T09:09:47.534986", "user": "USER_003", "type": "file", "hour": 9, "filename": "doc_755.exe"}
{"timestamp": "2026-06-03T09:09:48.037150", "user": "USER_004", "type": "file", "hour": 9, "filename": "doc_198.exe"}
{"timestamp": "2026-06-03T09:09:49.040711", "user": "USER_012", "type": "file", "hour": 9, "filename": "doc_453.xlsx"}
{"timestamp": "2026-06-03T09:09:49.542002", "user": "USER_009", "type": "email", "hour": 9, "external": false}
{"timestamp": "2026-06-03T09:09:50.042725", "user": "USER_008", "type": "email", "hour": 9, "external": false}
{"timestamp": "2026-06-03T09:09:50.543648", "user": "USER_003", "type": "email", "hour": 9, "external": false}
{"timestamp": "2026-06-03T09:09:51.045055", "user": "USER_006", "type": "email", "hour": 9, "external": false}
{"timestamp": "2026-06-03T09:09:51.546315", "user": "USER_017", "type": "file", "hour": 9, "filename": "doc_640.exe"}
{"timestamp": "2026-06-03T09:09:52.047978", "user": "USER_009", "type": "email", "hour": 9, "external": false}
{"timestamp": "2026-06-03T09:09:52.549550", "user": "USER_008", "type": "file", "hour": 9, "filename": "doc_332.pdf"}
{"timestamp": "2026-06-03T09:09:52.550739", "user": "USER_011", "type": "file", "hour": 3, "filename": "sensitive_data_18.zip"}
{"timestamp": "2026-06-03T09:09:52.550739", "user": "USER_011", "type": "file", "hour": 3, "filename": "sensitive_data_42.zip"}
{"timestamp": "2026-06-03T09:09:52.550739", "user": "USER_011", "type": "file", "hour": 3, "filename": "sensitive_data_34.zip"}
{"timestamp": "2026-06-03T09:09:52.550739", "user": "USER_011", "type": "file", "hour": 3, "filename": "sensitive_data_49.zip"}
{"timestamp": "2026-06-03T09:09:52.550739", "user": "USER_011", "type": "file", "hour": 3, "filename": "sensitive_data_77.zip"}
{"timestamp": "2026-06-03T09:09:52.550739", "user": "USER_011", "type": "file", "hour": 3, "filename": "sensitive_data_80.zip"}
{"timestamp": "2026-06-03T09:09:52.550739", "user": "USER_011", "type": "file", "hour": 3, "filename": "sensitive_data_98.zip"}
{"timestamp": "2026-06-03T09:09:52.550739", "user": "USER_011", "type": "file", "hour": 3, "filename": "sensitive_data_26.zip"}
{"timestamp": "2026-06-03T09:09:52.550739", "user": "USER_011", "type": "file", "hour": 3, "filename": "sensitive_data_57.zip"}
{"timestamp": "2026-06-03T09:09:52.550739", "user": "USER_011", "type": "file", "hour": 3, "filename": "sensitive_data_10.zip"}
{"timestamp": "2026-06-03T09:09:52.550739", "user": "USER_011", "type": "file", "hour": 3, "filename": "sensitive_data_50.zip"}
{"timestamp": "2026-06-03T09:09:52.550739", "user": "USER_011", "type": "file", "hour": 3, "filename": "sensitive_data_61.zip"}
{"timestamp": "2026-06-03T09:09:52.550739", "user": "USER_011", "type": "file", "hour": 3, "filename": "sensitive_data_27.zip"}
{"timestamp": "2026-06-03T09:09:52.550739", "user": "USER_011", "type": "file", "hour": 3, "filename": "sensitive_data_86.zip"}
{"timestamp": "2026-06-03T09:09:52.550739", "user": "USER_011", "type": "file", "hour": 3, "filename": "sensitive_data_76.zip"}
{"timestamp": "2026-06-03T09:09:52.550739", "user": "USER_011", "type": "file", "hour": 3, "filename": "sensitive_data_9.zip"}
{"timestamp": "2026-06-03T09:09:52.550739", "user": "USER_011", "type": "file", "hour": 3, "filename": "sensitive_data_59.zip"}
{"timestamp": "2026-06-03T09:09:52.550739", "user": "USER_011", "type": "file", "hour": 3, "filename": "sensitive_data_12.zip"}
{"timestamp": "2026-06-03T09:09:52.550739", "user": "USER_011", "type": "file", "hour": 3, "filename": "sensitive_data_61.zip"}
{"timestamp": "2026-06-03T09:09:52.550739", "user": "USER_011", "type": "file", "hour": 3, "filename": "sensitive_data_33.zip"}
{"timestamp": "2026-06-03T09:09:52.550739", "user": "USER_011", "type": "file", "hour": 3, "filename": "sensitive_data_10.zip"}
{"timestamp": "2026-06-03T09:09:52.550739", "user": "USER_011", "type": "file", "hour": 3, "filename": "sensitive_data_44.zip"}
{"timestamp": "2026-06-03T09:09:52.550739", "user": "USER_011", "type": "file", "hour": 3, "filename": "sensitive_data_57.zip"}
{"timestamp": "2026-06-03T09:09:52.550739", "user": "USER_011", "type": "file", "hour": 3, "filename": "sensitive_data_88.zip"}
{"timestamp": "2026-06-03T09:09:52.550739", "user": "USER_011", "type": "file", "hour": 3, "filename": "sensitive_data_70.zip"}
{"timestamp": "2026-06-03T09:09:52.550739", "user": "USER_011", "type": "file", "hour": 3, "filename": "sensitive_data_33.zip"}
{"timestamp": "2026-06-03T09:09:52.550739", "user": "USER_011", "type": "file", "hour": 3, "filename": "sensitive_data_32.zip"}
{"timestamp": "2026-06-03T09:09:52.550739", "user": "USER_011", "type": "file", "hour": 3, "filename": "sensitive_data_44.zip"}
{"timestamp": "2026-06-03T09:09:52.550739", "user": "USER_011", "type": "file", "hour": 3, "filename": "sensitive_data_27.zip"}
{"timestamp": "2026-06-03T09:09:52.550739", "user": "USER_011", "type": "file", "hour": 3, "filename": "sensitive_data_94.zip"}
{"timestamp": "2026-06-03T09:09:52.550739", "user": "USER_011", "type": "file", "hour": 3, "filename": "sensitive_data_95.zip"}
{"timestamp": "2026-06-03T09:09:52.550739", "user": "USER_011", "type": "file", "hour": 3, "filename": "sensitive_data_33.zip"}
{"timestamp": "2026-06-03T09:09:52.550739", "user": "USER_011", "type": "file", "hour": 3, "filename": "sensitive_data_70.zip"}
{"timestamp": "2026-06-03T09:09:52.550739", "user": "USER_011", "type": "file", "hour": 3, "filename": "sensitive_data_18.zip"}
{"timestamp": "2026-06-03T09:09:52.550739", "user": "USER_011", "type": "file", "hour": 3, "filename": "sensitive_data_48.zip"}
{"timestamp": "2026-06-03T09:09:52.550739", "user": "USER_011", "type": "file", "hour": 3, "filename": "sensitive_data_73.zip"}
{"timestamp": "2026-06-03T09:09:52.550739", "user": "USER_011", "type": "email", "hour": 3, "external": true}
{"timestamp": "2026-06-03T09:09:52.550739", "user": "USER_011", "type": "email", "hour": 3, "external": true}
{"timestamp": "2026-06-03T09:09:52.550739", "user": "USER_011", "type": "email", "hour": 3, "external": true}
{"timestamp": "2026-06-03T09:09:52.550739", "user": "USER_011", "type": "email", "hour": 3, "external": true}
{"timestamp": "2026-06-03T09:09:52.550739", "user": "USER_011", "type": "email", "hour": 3, "external": true}
{"timestamp": "2026-06-03T09:09:52.550739", "user": "USER_011", "type": "email", "hour": 3, "external": true}
{"timestamp": "2026-06-03T09:09:52.550739", "user": "USER_011", "type": "email", "hour": 3, "external": true}
{"timestamp": "2026-06-03T09:09:52.550739", "user": "USER_011", "type": "email", "hour": 3, "external": true}
{"timestamp": "2026-06-03T09:09:52.550739", "user": "USER_011", "type": "email", "hour": 3, "external": true}
{"timestamp": "2026-06-03T09:09:52.550739", "user": "USER_011", "type": "email", "hour": 3, "external": true}
{"timestamp": "2026-06-03T09:09:52.550739", "user": "USER_011", "type": "email", "hour": 3, "external": true}
{"timestamp": "2026-06-03T09:09:52.550739", "user": "USER_011", "type": "email", "hour": 3, "external": true}
{"timestamp": "2026-06-03T09:09:52.550739", "user": "USER_011", "type": "email", "hour": 3, "external": true}
{"timestamp": "2026-06-03T09:09:52.550739", "user": "USER_011", "type": "email", "hour": 3, "external": true}
{"timestamp": "2026-06-03T09:09:52.550739", "user": "USER_011", "type": "email", "hour": 3, "external": true}
{"timestamp": "2026-06-03T09:09:53.053971", "user": "USER_013", "type": "device", "hour": 9, "action": "connect"}
{"timestamp": "2026-06-03T09:09:53.555518", "user": "USER_020", "type": "file", "hour": 9, "filename": "doc_850.zip"}
{"timestamp": "2026-06-03T09:09:54.056554", "user": "USER_016", "type": "email", "hour": 9, "external": false}
{"timestamp": "2026-06-03T09:09:54.557598", "user": "USER_009", "type": "email", "hour": 9, "external": false}
{"timestamp": "2026-06-03T09:09:55.059445", "user": "USER_004", "type": "file", "hour": 9, "filename": "doc_775.zip"}
{"timestamp": "2026-06-03T09:09:55.560746", "user": "USER_013", "type": "file", "hour": 9, "filename": "doc_260.docx"}
{"timestamp": "2026-06-03T09:09:56.062187", "user": "USER_002", "type": "device", "hour": 9, "action": "disconnect"}
{"timestamp": "2026-06-03T09:09:57.063990", "user": "USER_016", "type": "logon", "hour": 9}
{"timestamp": "2026-06-03T09:09:57.064486", "user": "USER_004", "type": "file", "hour": 3, "filename": "sensitive_data_35.zip"}
{"timestamp": "2026-06-03T09:09:57.064486", "user": "USER_004", "type": "file", "hour": 3, "filename": "sensitive_data_92.zip"}
{"timestamp": "2026-06-03T09:09:57.064486", "user": "USER_004", "type": "file", "hour": 3, "filename": "sensitive_data_70.zip"}
{"timestamp": "2026-06-03T09:09:57.064486", "user": "USER_004", "type": "file", "hour": 3, "filename": "sensitive_data_100.zip"}
{"timestamp": "2026-06-03T09:09:57.064486", "user": "USER_004", "type": "file", "hour": 3, "filename": "sensitive_data_7.zip"}
{"timestamp": "2026-06-03T09:09:57.064486", "user": "USER_004", "type": "file", "hour": 3, "filename": "sensitive_data_39.zip"}
{"timestamp": "2026-06-03T09:09:57.064486", "user": "USER_004", "type": "file", "hour": 3, "filename": "sensitive_data_43.zip"}
{"timestamp": "2026-06-03T09:09:57.064486", "user": "USER_004", "type": "file", "hour": 3, "filename": "sensitive_data_32.zip"}
{"timestamp": "2026-06-03T09:09:57.064486", "user": "USER_004", "type": "file", "hour": 3, "filename": "sensitive_data_6.zip"}
{"timestamp": "2026-06-03T09:09:57.064486", "user": "USER_004", "type": "file", "hour": 3, "filename": "sensitive_data_76.zip"}
{"timestamp": "2026-06-03T09:09:57.064486", "user": "USER_004", "type": "file", "hour": 3, "filename": "sensitive_data_45.zip"}
{"timestamp": "2026-06-03T09:09:57.064486", "user": "USER_004", "type": "file", "hour": 3, "filename": "sensitive_data_6.zip"}
{"timestamp": "2026-06-03T09:09:57.064486", "user": "USER_004", "type": "file", "hour": 3, "filename": "sensitive_data_93.zip"}
{"timestamp": "2026-06-03T09:09:57.064486", "user": "USER_004", "type": "file", "hour": 3, "filename": "sensitive_data_67.zip"}
{"timestamp": "2026-06-03T09:09:57.064486", "user": "USER_004", "type": "file", "hour": 3, "filename": "sensitive_data_93.zip"}
{"timestamp": "2026-06-03T09:09:57.064486", "user": "USER_004", "type": "file", "hour": 3, "filename": "sensitive_data_14.zip"}
{"timestamp": "2026-06-03T09:09:57.064486", "user": "USER_004", "type": "file", "hour": 3, "filename": "sensitive_data_38.zip"}
{"timestamp": "2026-06-03T09:09:57.064486", "user": "USER_004", "type": "file", "hour": 3, "filename": "sensitive_data_31.zip"}
{"timestamp": "2026-06-03T09:09:57.064486", "user": "USER_004", "type": "file", "hour": 3, "filename": "sensitive_data_75.zip"}
{"timestamp": "2026-06-03T09:09:57.064486", "user": "USER_004", "type": "file", "hour": 3, "filename": "sensitive_data_94.zip"}
{"timestamp": "2026-06-03T09:09:57.064486", "user": "USER_004", "type": "file", "hour": 3, "filename": "sensitive_data_91.zip"}
{"timestamp": "2026-06-03T09:09:57.064486", "user": "USER_004", "type": "file", "hour": 3, "filename": "sensitive_data_61.zip"}
{"timestamp": "2026-06-03T09:09:57.064486", "user": "USER_004", "type": "file", "hour": 3, "filename": "sensitive_data_46.zip"}
{"timestamp": "2026-06-03T09:09:57.064486", "user": "USER_004", "type": "file", "hour": 3, "filename": "sensitive_data_23.zip"}
{"timestamp": "2026-06-03T09:09:57.064486", "user": "USER_004", "type": "file", "hour": 3, "filename": "sensitive_data_18.zip"}
{"timestamp": "2026-06-03T09:09:57.064486", "user": "USER_004", "type": "file", "hour": 3, "filename": "sensitive_data_4.zip"}
{"timestamp": "2026-06-03T09:09:57.064486", "user": "USER_004", "type": "file", "hour": 3, "filename": "sensitive_data_33.zip"}
{"timestamp": "2026-06-03T09:09:57.064486", "user": "USER_004", "type": "file", "hour": 3, "filename": "sensitive_data_30.zip"}
{"timestamp": "2026-06-03T09:09:57.064486", "user": "USER_004", "type": "file", "hour": 3, "filename": "sensitive_data_4.zip"}
{"timestamp": "2026-06-03T09:09:57.064486", "user": "USER_004", "type": "file", "hour": 3, "filename": "sensitive_data_8.zip"}
{"timestamp": "2026-06-03T09:09:57.064486", "user": "USER_004", "type": "file", "hour": 3, "filename": "sensitive_data_33.zip"}
{"timestamp": "2026-06-03T09:09:57.064486", "user": "USER_004", "type": "file", "hour": 3, "filename": "sensitive_data_7.zip"}
{"timestamp": "2026-06-03T09:09:57.064486", "user": "USER_004", "type": "file", "hour": 3, "filename": "sensitive_data_38.zip"}
{"timestamp": "2026-06-03T09:09:57.064486", "user": "USER_004", "type": "file", "hour": 3, "filename": "sensitive_data_68.zip"}
{"timestamp": "2026-06-03T09:09:57.064486", "user": "USER_004", "type": "file", "hour": 3, "filename": "sensitive_data_51.zip"}
{"timestamp": "2026-06-03T09:09:57.064486", "user": "USER_004", "type": "file", "hour": 3, "filename": "sensitive_data_94.zip"}
{"timestamp": "2026-06-03T09:09:57.064486", "user": "USER_004", "type": "file", "hour": 3, "filename": "sensitive_data_11.zip"}
{"timestamp": "2026-06-03T09:09:57.064486", "user": "USER_004", "type": "file", "hour": 3, "filename": "sensitive_data_76.zip"}
{"timestamp": "2026-06-03T09:09:57.064486", "user": "USER_004", "type": "file", "hour": 3, "filename": "sensitive_data_32.zip"}
{"timestamp": "2026-06-03T09:09:57.064486", "user": "USER_004", "type": "file", "hour": 3, "filename": "sensitive_data_2.zip"}
{"timestamp": "2026-06-03T09:09:57.064486", "user": "USER_004", "type": "email", "hour": 3, "external": true}
{"timestamp": "2026-06-03T09:09:57.064486", "user": "USER_004", "type": "email", "hour": 3, "external": true}
{"timestamp": "2026-06-03T09:09:57.064486", "user": "USER_004", "type": "email", "hour": 3, "external": true}
{"timestamp": "2026-06-03T09:09:57.064486", "user": "USER_004", "type": "email", "hour": 3, "external": true}
{"timestamp": "2026-06-03T09:09:57.064486", "user": "USER_004", "type": "email", "hour": 3, "external": true}
{"timestamp": "2026-06-03T09:09:57.064486", "user": "USER_004", "type": "email", "hour": 3, "external": true}
{"timestamp": "2026-06-03T09:09:57.064486", "user": "USER_004", "type": "email", "hour": 3, "external": true}
{"timestamp": "2026-06-03T09:09:57.064486", "user": "USER_004", "type": "email", "hour": 3, "external": true}
{"timestamp": "2026-06-03T09:09:57.064486", "user": "USER_004", "type": "email", "hour": 3, "external": true}
{"timestamp": "2026-06-03T09:09:57.064486", "user": "USER_004", "type": "email", "hour": 3, "external": true}
{"timestamp": "2026-06-03T09:09:57.064486", "user": "USER_004", "type": "email", "hour": 3, "external": true}
{"timestamp": "2026-06-03T09:09:57.064486", "user": "USER_004", "type": "email", "hour": 3, "external": true}
{"timestamp": "2026-06-03T09:09:57.566903", "user": "USER_004", "type": "email", "hour": 9, "external": false}
{"timestamp": "2026-06-03T09:09:58.570968", "user": "USER_008", "type": "file", "hour": 9, "filename": "doc_418.xlsx"}
{"timestamp": "2026-06-03T09:09:59.574045", "user": "USER_011", "type": "file", "hour": 9, "filename": "doc_966.zip"}
{"timestamp": "2026-06-03T09:10:00.075766", "user": "USER_012", "type": "email", "hour": 9, "external": false}
{"timestamp": "2026-06-03T09:10:00.577908", "user": "USER_009", "type": "file", "hour": 3, "filename": "sensitive_data_3.zip"}
{"timestamp": "2026-06-03T09:10:00.577908", "user": "USER_009", "type": "file", "hour": 3, "filename": "sensitive_data_50.zip"}
{"timestamp": "2026-06-03T09:10:00.577908", "user": "USER_009", "type": "file", "hour": 3, "filename": "sensitive_data_81.zip"}
{"timestamp": "2026-06-03T09:10:00.577908", "user": "USER_009", "type": "file", "hour": 3, "filename": "sensitive_data_30.zip"}
{"timestamp": "2026-06-03T09:10:00.577908", "user": "USER_009", "type": "file", "hour": 3, "filename": "sensitive_data_2.zip"}
{"timestamp": "2026-06-03T09:10:00.577908", "user": "USER_009", "type": "file", "hour": 3, "filename": "sensitive_data_44.zip"}
{"timestamp": "2026-06-03T09:10:00.577908", "user": "USER_009", "type": "file", "hour": 3, "filename": "sensitive_data_82.zip"}
{"timestamp": "2026-06-03T09:10:00.577908", "user": "USER_009", "type": "file", "hour": 3, "filename": "sensitive_data_24.zip"}
{"timestamp": "2026-06-03T09:10:00.577908", "user": "USER_009", "type": "file", "hour": 3, "filename": "sensitive_data_18.zip"}
{"timestamp": "2026-06-03T09:10:00.577908", "user": "USER_009", "type": "file", "hour": 3, "filename": "sensitive_data_57.zip"}
{"timestamp": "2026-06-03T09:10:00.577908", "user": "USER_009", "type": "file", "hour": 3, "filename": "sensitive_data_33.zip"}
{"timestamp": "2026-06-03T09:10:00.577908", "user": "USER_009", "type": "file", "hour": 3, "filename": "sensitive_data_24.zip"}
{"timestamp": "2026-06-03T09:10:00.577908", "user": "USER_009", "type": "file", "hour": 3, "filename": "sensitive_data_48.zip"}
{"timestamp": "2026-06-03T09:10:00.577908", "user": "USER_009", "type": "file", "hour": 3, "filename": "sensitive_data_26.zip"}
{"timestamp": "2026-06-03T09:10:00.577908", "user": "USER_009", "type": "file", "hour": 3, "filename": "sensitive_data_11.zip"}
{"timestamp": "2026-06-03T09:10:00.577908", "user": "USER_009", "type": "file", "hour": 3, "filename": "sensitive_data_31.zip"}
{"timestamp": "2026-06-03T09:10:00.577908", "user": "USER_009", "type": "file", "hour": 3, "filename": "sensitive_data_11.zip"}
{"timestamp": "2026-06-03T09:10:00.577908", "user": "USER_009", "type": "file", "hour": 3, "filename": "sensitive_data_53.zip"}
{"timestamp": "2026-06-03T09:10:00.577908", "user": "USER_009", "type": "file", "hour": 3, "filename": "sensitive_data_88.zip"}
{"timestamp": "2026-06-03T09:10:00.577908", "user": "USER_009", "type": "file", "hour": 3, "filename": "sensitive_data_87.zip"}
{"timestamp": "2026-06-03T09:10:00.577908", "user": "USER_009", "type": "file", "hour": 3, "filename": "sensitive_data_75.zip"}
{"timestamp": "2026-06-03T09:10:00.577908", "user": "USER_009", "type": "file", "hour": 3, "filename": "sensitive_data_79.zip"}
{"timestamp": "2026-06-03T09:10:00.577908", "user": "USER_009", "type": "file", "hour": 3, "filename": "sensitive_data_28.zip"}
{"timestamp": "2026-06-03T09:10:00.577908", "user": "USER_009", "type": "file", "hour": 3, "filename": "sensitive_data_1.zip"}
{"timestamp": "2026-06-03T09:10:00.577908", "user": "USER_009", "type": "file", "hour": 3, "filename": "sensitive_data_73.zip"}
{"timestamp": "2026-06-03T09:10:00.577908", "user": "USER_009", "type": "file", "hour": 3, "filename": "sensitive_data_28.zip"}
{"timestamp": "2026-06-03T09:10:00.577908", "user": "USER_009", "type": "file", "hour": 3, "filename": "sensitive_data_48.zip"}
{"timestamp": "2026-06-03T09:10:00.577908", "user": "USER_009", "type": "file", "hour": 3, "filename": "sensitive_data_57.zip"}
{"timestamp": "2026-06-03T09:10:00.577908", "user": "USER_009", "type": "file", "hour": 3, "filename": "sensitive_data_76.zip"}
{"timestamp": "2026-06-03T09:10:00.577908", "user": "USER_009", "type": "file", "hour": 3, "filename": "sensitive_data_56.zip"}
{"timestamp": "2026-06-03T09:10:00.577908", "user": "USER_009", "type": "file", "hour": 3, "filename": "sensitive_data_20.zip"}
{"timestamp": "2026-06-03T09:10:00.577908", "user": "USER_009", "type": "file", "hour": 3, "filename": "sensitive_data_89.zip"}
{"timestamp": "2026-06-03T09:10:00.577908", "user": "USER_009", "type": "file", "hour": 3, "filename": "sensitive_data_12.zip"}
{"timestamp": "2026-06-03T09:10:00.577908", "user": "USER_009", "type": "file", "hour": 3, "filename": "sensitive_data_12.zip"}
{"timestamp": "2026-06-03T09:10:00.577908", "user": "USER_009", "type": "file", "hour": 3, "filename": "sensitive_data_86.zip"}
{"timestamp": "2026-06-03T09:10:00.577908", "user": "USER_009", "type": "file", "hour": 3, "filename": "sensitive_data_24.zip"}
{"timestamp": "2026-06-03T09:10:00.577908", "user": "USER_009", "type": "file", "hour": 3, "filename": "sensitive_data_63.zip"}
{"timestamp": "2026-06-03T09:10:00.577908", "user": "USER_009", "type": "file", "hour": 3, "filename": "sensitive_data_37.zip"}
{"timestamp": "2026-06-03T09:10:00.577908", "user": "USER_009", "type": "file", "hour": 3, "filename": "sensitive_data_67.zip"}
{"timestamp": "2026-06-03T09:10:00.577908", "user": "USER_009", "type": "email", "hour": 3, "external": true}
{"timestamp": "2026-06-03T09:10:00.577908", "user": "USER_009", "type": "email", "hour": 3, "external": true}
{"timestamp": "2026-06-03T09:10:00.577908", "user": "USER_009", "type": "email", "hour": 3, "external": true}
{"timestamp": "2026-06-03T09:10:00.577908", "user": "USER_009", "type": "email", "hour": 3, "external": true}
{"timestamp": "2026-06-03T09:10:00.577908", "user": "USER_009", "type": "email", "hour": 3, "external": true}
{"timestamp": "2026-06-03T09:10:00.577908", "user": "USER_009", "type": "email", "hour": 3, "external": true}
{"timestamp": "2026-06-03T09:10:00.577908", "user": "USER_009", "type": "email", "hour": 3, "external": true}
{"timestamp": "2026-06-03T09:10:00.577908", "user": "USER_009", "type": "email", "hour": 3, "external": true}
{"timestamp": "2026-06-03T09:10:00.577908", "user": "USER_009", "type": "email", "hour": 3, "external": true}
{"timestamp": "2026-06-03T09:10:00.577908", "user": "USER_009", "type": "email", "hour": 3, "external": true}
{"timestamp": "2026-06-03T09:10:00.577908", "user": "USER_009", "type": "email", "hour": 3, "external": true}
{"timestamp": "2026-06-03T09:10:00.577908", "user": "USER_009", "type": "email", "hour": 3, "external": true}
{"timestamp": "2026-06-03T09:10:00.577908", "user": "USER_009", "type": "email", "hour": 3, "external": true}
{"timestamp": "2026-06-03T09:10:00.577908", "user": "USER_009", "type": "email", "hour": 3, "external": true}
{"timestamp": "2026-06-03T09:10:00.577908", "user": "USER_009", "type": "email", "hour": 3, "external": true}
{"timestamp": "2026-06-03T09:10:01.080071", "user": "USER_012", "type": "email", "hour": 9, "external": true}
{"timestamp": "2026-06-03T09:10:01.581454", "user": "USER_009", "type": "file", "hour": 9, "filename": "doc_158.xlsx"}
{"timestamp": "2026-06-03T09:10:02.585279", "user": "USER_016", "type": "email", "hour": 9, "external": false}
{"timestamp": "2026-06-03T09:10:03.087927", "user": "USER_006", "type": "file", "hour": 9, "filename": "doc_679.exe"}
{"timestamp": "2026-06-03T09:10:03.588919", "user": "USER_003", "type": "email", "hour": 9, "external": false}
{"timestamp": "2026-06-03T09:10:04.591045", "user": "USER_013", "type": "email", "hour": 9, "external": true}
{"timestamp": "2026-06-03T09:10:05.092581", "user": "USER_004", "type": "file", "hour": 9, "filename": "doc_302.pdf"}
{"timestamp": "2026-06-03T09:10:05.593896", "user": "USER_009", "type": "logon", "hour": 9}
{"timestamp": "2026-06-03T09:10:06.095926", "user": "USER_001", "type": "email", "hour": 9, "external": false}
{"timestamp": "2026-06-03T09:10:06.597842", "user": "USER_002", "type": "file", "hour": 9, "filename": "doc_381.zip"}
{"timestamp": "2026-06-03T09:10:07.099421", "user": "USER_012", "type": "logon", "hour": 9}
{"timestamp": "2026-06-03T09:10:08.101224", "user": "USER_020", "type": "email", "hour": 9, "external": false}
{"timestamp": "2026-06-03T09:10:08.602642", "user": "USER_015", "type": "file", "hour": 9, "filename": "doc_127.exe"}
{"timestamp": "2026-06-03T09:10:09.103772", "user": "USER_017", "type": "file", "hour": 9, "filename": "doc_901.pdf"}
{"timestamp": "2026-06-03T09:10:09.605599", "user": "USER_010", "type": "email", "hour": 9, "external": false}
{"timestamp": "2026-06-03T09:10:10.106913", "user": "USER_004", "type": "email", "hour": 9, "external": false}
{"timestamp": "2026-06-03T09:10:10.608373", "user": "USER_012", "type": "file", "hour": 3, "filename": "sensitive_data_45.zip"}
{"timestamp": "2026-06-03T09:10:10.608373", "user": "USER_012", "type": "file", "hour": 3, "filename": "sensitive_data_36.zip"}
{"timestamp": "2026-06-03T09:10:10.608373", "user": "USER_012", "type": "file", "hour": 3, "filename": "sensitive_data_79.zip"}
{"timestamp": "2026-06-03T09:10:10.608373", "user": "USER_012", "type": "file", "hour": 3, "filename": "sensitive_data_94.zip"}
{"timestamp": "2026-06-03T09:10:10.608373", "user": "USER_012", "type": "file", "hour": 3, "filename": "sensitive_data_50.zip"}
{"timestamp": "2026-06-03T09:10:10.608373", "user": "USER_012", "type": "file", "hour": 3, "filename": "sensitive_data_33.zip"}
{"timestamp": "2026-06-03T09:10:10.608373", "user": "USER_012", "type": "file", "hour": 3, "filename": "sensitive_data_21.zip"}
{"timestamp": "2026-06-03T09:10:10.608373", "user": "USER_012", "type": "file", "hour": 3, "filename": "sensitive_data_82.zip"}
{"timestamp": "2026-06-03T09:10:10.608373", "user": "USER_012", "type": "file", "hour": 3, "filename": "sensitive_data_80.zip"}
{"timestamp": "2026-06-03T09:10:10.608373", "user": "USER_012", "type": "file", "hour": 3, "filename": "sensitive_data_75.zip"}
{"timestamp": "2026-06-03T09:10:10.608373", "user": "USER_012", "type": "file", "hour": 3, "filename": "sensitive_data_14.zip"}
{"timestamp": "2026-06-03T09:10:10.608373", "user": "USER_012", "type": "file", "hour": 3, "filename": "sensitive_data_79.zip"}
{"timestamp": "2026-06-03T09:10:10.608373", "user": "USER_012", "type": "file", "hour": 3, "filename": "sensitive_data_17.zip"}
{"timestamp": "2026-06-03T09:10:10.608373", "user": "USER_012", "type": "file", "hour": 3, "filename": "sensitive_data_91.zip"}
{"timestamp": "2026-06-03T09:10:10.608373", "user": "USER_012", "type": "file", "hour": 3, "filename": "sensitive_data_90.zip"}
{"timestamp": "2026-06-03T09:10:10.608373", "user": "USER_012", "type": "file", "hour": 3, "filename": "sensitive_data_56.zip"}
{"timestamp": "2026-06-03T09:10:10.608373", "user": "USER_012", "type": "file", "hour": 3, "filename": "sensitive_data_67.zip"}
{"timestamp": "2026-06-03T09:10:10.608373", "user": "USER_012", "type": "file", "hour": 3, "filename": "sensitive_data_28.zip"}
{"timestamp": "2026-06-03T09:10:10.608373", "user": "USER_012", "type": "file", "hour": 3, "filename": "sensitive_data_38.zip"}
{"timestamp": "2026-06-03T09:10:10.608373", "user": "USER_012", "type": "file", "hour": 3, "filename": "sensitive_data_76.zip"}
{"timestamp": "2026-06-03T09:10:10.608373", "user": "USER_012", "type": "file", "hour": 3, "filename": "sensitive_data_77.zip"}
{"timestamp": "2026-06-03T09:10:10.608373", "user": "USER_012", "type": "file", "hour": 3, "filename": "sensitive_data_59.zip"}
{"timestamp": "2026-06-03T09:10:10.608373", "user": "USER_012", "type": "file", "hour": 3, "filename": "sensitive_data_4.zip"}
{"timestamp": "2026-06-03T09:10:10.608373", "user": "USER_012", "type": "file", "hour": 3, "filename": "sensitive_data_50.zip"}
{"timestamp": "2026-06-03T09:10:10.608373", "user": "USER_012", "type": "file", "hour": 3, "filename": "sensitive_data_51.zip"}
{"timestamp": "2026-06-03T09:10:10.608373", "user": "USER_012", "type": "file", "hour": 3, "filename": "sensitive_data_57.zip"}
{"timestamp": "2026-06-03T09:10:10.608373", "user": "USER_012", "type": "file", "hour": 3, "filename": "sensitive_data_36.zip"}
{"timestamp": "2026-06-03T09:10:10.608373", "user": "USER_012", "type": "file", "hour": 3, "filename": "sensitive_data_38.zip"}
{"timestamp": "2026-06-03T09:10:10.608373", "user": "USER_012", "type": "file", "hour": 3, "filename": "sensitive_data_89.zip"}
{"timestamp": "2026-06-03T09:10:10.608373", "user": "USER_012", "type": "file", "hour": 3, "filename": "sensitive_data_56.zip"}
{"timestamp": "2026-06-03T09:10:10.608373", "user": "USER_012", "type": "file", "hour": 3, "filename": "sensitive_data_10.zip"}
{"timestamp": "2026-06-03T09:10:10.608373", "user": "USER_012", "type": "file", "hour": 3, "filename": "sensitive_data_63.zip"}
{"timestamp": "2026-06-03T09:10:10.608373", "user": "USER_012", "type": "file", "hour": 3, "filename": "sensitive_data_88.zip"}
{"timestamp": "2026-06-03T09:10:10.608373", "user": "USER_012", "type": "file", "hour": 3, "filename": "sensitive_data_60.zip"}
{"timestamp": "2026-06-03T09:10:10.608373", "user": "USER_012", "type": "file", "hour": 3, "filename": "sensitive_data_42.zip"}
{"timestamp": "2026-06-03T09:10:10.608373", "user": "USER_012", "type": "file", "hour": 3, "filename": "sensitive_data_63.zip"}
{"timestamp": "2026-06-03T09:10:10.608373", "user": "USER_012", "type": "file", "hour": 3, "filename": "sensitive_data_4.zip"}
{"timestamp": "2026-06-03T09:10:10.608373", "user": "USER_012", "type": "file", "hour": 3, "filename": "sensitive_data_65.zip"}
{"timestamp": "2026-06-03T09:10:10.608373", "user": "USER_012", "type": "file", "hour": 3, "filename": "sensitive_data_79.zip"}
{"timestamp": "2026-06-03T09:10:10.608373", "user": "USER_012", "type": "file", "hour": 3, "filename": "sensitive_data_27.zip"}
{"timestamp": "2026-06-03T09:10:10.608373", "user": "USER_012", "type": "file", "hour": 3, "filename": "sensitive_data_81.zip"}
{"timestamp": "2026-06-03T09:10:10.608373", "user": "USER_012", "type": "file", "hour": 3, "filename": "sensitive_data_66.zip"}
{"timestamp": "2026-06-03T09:10:10.608373", "user": "USER_012", "type": "file", "hour": 3, "filename": "sensitive_data_75.zip"}
{"timestamp": "2026-06-03T09:10:10.608373", "user": "USER_012", "type": "file", "hour": 3, "filename": "sensitive_data_72.zip"}
{"timestamp": "2026-06-03T09:10:10.608373", "user": "USER_012", "type": "file", "hour": 3, "filename": "sensitive_data_54.zip"}
{"timestamp": "2026-06-03T09:10:10.608373", "user": "USER_012", "type": "email", "hour": 3, "external": true}
{"timestamp": "2026-06-03T09:10:10.608373", "user": "USER_012", "type": "email", "hour": 3, "external": true}
{"timestamp": "2026-06-03T09:10:10.608373", "user": "USER_012", "type": "email", "hour": 3, "external": true}
{"timestamp": "2026-06-03T09:10:10.608373", "user": "USER_012", "type": "email", "hour": 3, "external": true}
{"timestamp": "2026-06-03T09:10:10.608373", "user": "USER_012", "type": "email", "hour": 3, "external": true}
{"timestamp": "2026-06-03T09:10:10.608373", "user": "USER_012", "type": "email", "hour": 3, "external": true}
{"timestamp": "2026-06-03T09:10:10.608373", "user": "USER_012", "type": "email", "hour": 3, "external": true}
{"timestamp": "2026-06-03T09:10:10.608373", "user": "USER_012", "type": "email", "hour": 3, "external": true}
{"timestamp": "2026-06-03T09:10:10.608373", "user": "USER_012", "type": "email", "hour": 3, "external": true}
{"timestamp": "2026-06-03T09:10:10.608373", "user": "USER_012", "type": "email", "hour": 3, "external": true}
{"timestamp": "2026-06-03T09:10:10.608373", "user": "USER_012", "type": "email", "hour": 3, "external": true}
{"timestamp": "2026-06-03T09:10:10.608373", "user": "USER_012", "type": "email", "hour": 3, "external": true}
{"timestamp": "2026-06-03T09:10:10.608373", "user": "USER_012", "type": "email", "hour": 3, "external": true}
{"timestamp": "2026-06-03T09:10:10.608373", "user": "USER_012", "type": "email", "hour": 3, "external": true}
{"timestamp": "2026-06-03T09:10:10.608373", "user": "USER_012", "type": "email", "hour": 3, "external": true}
{"timestamp": "2026-06-03T09:10:10.608373", "user": "USER_012", "type": "email", "hour": 3, "external": true}
{"timestamp": "2026-06-03T09:10:10.608373", "user": "USER_012", "type": "email", "hour": 3, "external": true}
{"timestamp": "2026-06-03T09:10:10.608373", "user": "USER_012", "type": "email", "hour": 3, "external": true}
{"timestamp": "2026-06-03T09:10:10.608373", "user": "USER_012", "type": "email", "hour": 3, "external": true}
{"timestamp": "2026-06-03T09:10:11.109742", "user": "USER_019", "type": "email", "hour": 9, "external": true}
{"timestamp": "2026-06-03T09:10:12.111588", "user": "USER_013", "type": "email", "hour": 9, "external": false}
{"timestamp": "2026-06-03T09:10:12.613003", "user": "USER_016", "type": "file", "hour": 9, "filename": "doc_663.docx"}
{"timestamp": "2026-06-03T09:10:13.114815", "user": "USER_016", "type": "email", "hour": 9, "external": false}
{"timestamp": "2026-06-03T09:10:13.616897", "user": "USER_017", "type": "email", "hour": 9, "external": true}
{"timestamp": "2026-06-03T09:10:14.120659", "user": "USER_008", "type": "file", "hour": 9, "filename": "doc_188.pdf"}
{"timestamp": "2026-06-03T09:10:14.622853", "user": "USER_001", "type": "file", "hour": 9, "filename": "doc_355.xlsx"}
{"timestamp": "2026-06-03T09:10:15.124083", "user": "USER_001", "type": "file", "hour": 9, "filename": "doc_208.docx"}
{"timestamp": "2026-06-03T09:10:16.125628", "user": "USER_007", "type": "email", "hour": 9, "external": false}
{"timestamp": "2026-06-03T09:10:16.626879", "user": "USER_011", "type": "file", "hour": 9, "filename": "doc_112.docx"}
{"timestamp": "2026-06-03T09:10:17.128245", "user": "USER_001", "type": "file", "hour": 9, "filename": "doc_611.exe"}
{"timestamp": "2026-06-03T09:10:17.630867", "user": "USER_018", "type": "email", "hour": 9, "external": false}
{"timestamp": "2026-06-03T09:10:18.132492", "user": "USER_008", "type": "email", "hour": 9, "external": false}
{"timestamp": "2026-06-03T09:10:19.136177", "user": "USER_004", "type": "file", "hour": 9, "filename": "doc_711.exe"}
{"timestamp": "2026-06-03T09:10:19.638268", "user": "USER_001", "type": "email", "hour": 9, "external": false}
{"timestamp": "2026-06-03T09:10:20.139547", "user": "USER_014", "type": "email", "hour": 9, "external": false}
{"timestamp": "2026-06-03T09:10:20.640518", "user": "USER_006", "type": "file", "hour": 9, "filename": "doc_876.docx"}
{"timestamp": "2026-06-03T09:10:21.141635", "user": "USER_014", "type": "file", "hour": 9, "filename": "doc_581.zip"}
{"timestamp": "2026-06-03T09:10:21.642899", "user": "USER_004", "type": "email", "hour": 9, "external": false}
{"timestamp": "2026-06-03T09:10:22.144196", "user": "USER_012", "type": "file", "hour": 9, "filename": "doc_616.docx"}
{"timestamp": "2026-06-03T09:10:22.645782", "user": "USER_009", "type": "email", "hour": 9, "external": false}
{"timestamp": "2026-06-03T09:10:23.147254", "user": "USER_010", "type": "file", "hour": 9, "filename": "doc_857.docx"}
{"timestamp": "2026-06-03T09:10:23.648606", "user": "USER_008", "type": "email", "hour": 9, "external": false}
{"timestamp": "2026-06-03T09:10:24.151335", "user": "USER_004", "type": "device", "hour": 9, "action": "connect"}
{"timestamp": "2026-06-03T09:10:24.653456", "user": "USER_001", "type": "email", "hour": 9, "external": false}
{"timestamp": "2026-06-03T09:10:26.157746", "user": "USER_002", "type": "email", "hour": 9, "external": false}
{"timestamp": "2026-06-03T09:10:26.658680", "user": "USER_016", "type": "device", "hour": 9, "action": "disconnect"}
{"timestamp": "2026-06-03T09:10:27.159506", "user": "USER_009", "type": "email", "hour": 9, "external": true}
{"timestamp": "2026-06-03T09:10:28.162231", "user": "USER_009", "type": "email", "hour": 9, "external": false}
{"timestamp": "2026-06-03T09:10:28.664143", "user": "USER_006", "type": "file", "hour": 9, "filename": "doc_415.docx"}
{"timestamp": "2026-06-03T09:10:29.165957", "user": "USER_008", "type": "file", "hour": 9, "filename": "doc_131.docx"}
{"timestamp": "2026-06-03T09:10:29.667945", "user": "USER_019", "type": "email", "hour": 9, "external": true}
{"timestamp": "2026-06-03T09:10:30.169538", "user": "USER_011", "type": "file", "hour": 9, "filename": "doc_619.exe"}
{"timestamp": "2026-06-03T09:10:30.671177", "user": "USER_005", "type": "file", "hour": 9, "filename": "doc_907.pdf"}
{"timestamp": "2026-06-03T09:10:31.172832", "user": "USER_011", "type": "file", "hour": 9, "filename": "doc_463.xlsx"}
{"timestamp": "2026-06-03T09:10:31.674144", "user": "USER_002", "type": "email", "hour": 9, "external": false}
{"timestamp": "2026-06-03T09:10:32.175699", "user": "USER_004", "type": "email", "hour": 9, "external": false}
{"timestamp": "2026-06-03T09:10:32.677554", "user": "USER_009", "type": "email", "hour": 9, "external": false}
{"timestamp": "2026-06-03T09:10:33.179122", "user": "USER_018", "type": "email", "hour": 9, "external": false}
{"timestamp": "2026-06-03T09:10:33.681125", "user": "USER_009", "type": "email", "hour": 9, "external": true}
{"timestamp": "2026-06-03T09:10:34.183187", "user": "USER_003", "type": "file", "hour": 9, "filename": "doc_672.exe"}
{"timestamp": "2026-06-03T09:10:34.685456", "user": "USER_015", "type": "email", "hour": 9, "external": false}
{"timestamp": "2026-06-03T09:10:35.186878", "user": "USER_009", "type": "file", "hour": 9, "filename": "doc_538.pdf"}
{"timestamp": "2026-06-03T09:10:35.688618", "user": "USER_009", "type": "logon", "hour": 9}
{"timestamp": "2026-06-03T09:10:36.189753", "user": "USER_002", "type": "email", "hour": 9, "external": false}
{"timestamp": "2026-06-03T09:10:37.693006", "user": "USER_014", "type": "file", "hour": 9, "filename": "doc_116.zip"}
{"timestamp": "2026-06-03T09:10:38.194380", "user": "USER_018", "type": "file", "hour": 9, "filename": "doc_419.zip"}
{"timestamp": "2026-06-03T09:10:39.196314", "user": "USER_016", "type": "file", "hour": 9, "filename": "doc_870.docx"}
{"timestamp": "2026-06-03T09:10:39.697557", "user": "USER_009", "type": "email", "hour": 9, "external": true}
{"timestamp": "2026-06-03T09:10:40.198427", "user": "USER_001", "type": "email", "hour": 9, "external": true}
{"timestamp": "2026-06-03T09:10:40.700294", "user": "USER_016", "type": "email", "hour": 9, "external": false}
{"timestamp": "2026-06-03T09:10:41.201818", "user": "USER_020", "type": "file", "hour": 9, "filename": "doc_585.pdf"}
{"timestamp": "2026-06-03T09:10:41.702976", "user": "USER_008", "type": "email", "hour": 9, "external": true}
{"timestamp": "2026-06-03T09:10:42.204392", "user": "USER_003", "type": "file", "hour": 9, "filename": "doc_821.exe"}
{"timestamp": "2026-06-03T09:10:42.705954", "user": "USER_007", "type": "device", "hour": 9, "action": "disconnect"}
{"timestamp": "2026-06-03T09:10:43.707510", "user": "USER_005", "type": "file", "hour": 9, "filename": "doc_217.pdf"}
{"timestamp": "2026-06-03T09:10:44.208265", "user": "USER_014", "type": "logon", "hour": 9}
{"timestamp": "2026-06-03T09:10:44.709625", "user": "USER_019", "type": "email", "hour": 9, "external": true}
{"timestamp": "2026-06-03T09:10:45.711135", "user": "USER_006", "type": "file", "hour": 9, "filename": "doc_845.docx"}
{"timestamp": "2026-06-03T09:10:46.212151", "user": "USER_017", "type": "file", "hour": 9, "filename": "doc_321.xlsx"}
{"timestamp": "2026-06-03T09:10:46.713439", "user": "USER_020", "type": "file", "hour": 9, "filename": "doc_732.pdf"}
{"timestamp": "2026-06-03T09:10:47.214802", "user": "USER_001", "type": "email", "hour": 9, "external": true}
{"timestamp": "2026-06-03T09:10:47.716859", "user": "USER_008", "type": "device", "hour": 9, "action": "disconnect"}
{"timestamp": "2026-06-03T09:10:48.218715", "user": "USER_006", "type": "email", "hour": 9, "external": true}
{"timestamp": "2026-06-03T09:10:48.719859", "user": "USER_006", "type": "file", "hour": 9, "filename": "doc_139.pdf"}
{"timestamp": "2026-06-03T09:10:49.220720", "user": "USER_016", "type": "email", "hour": 9, "external": false}
{"timestamp": "2026-06-03T09:10:49.722353", "user": "USER_016", "type": "file", "hour": 9, "filename": "doc_733.pdf"}
{"timestamp": "2026-06-03T09:10:50.724268", "user": "USER_007", "type": "logon", "hour": 9}
{"timestamp": "2026-06-03T09:10:51.225130", "user": "USER_016", "type": "email", "hour": 9, "external": false}
{"timestamp": "2026-06-03T09:10:51.727987", "user": "USER_006", "type": "file", "hour": 9, "filename": "doc_431.exe"}
{"timestamp": "2026-06-03T09:10:52.229954", "user": "USER_018", "type": "file", "hour": 9, "filename": "doc_726.docx"}
{"timestamp": "2026-06-03T09:10:52.732149", "user": "USER_017", "type": "email", "hour": 9, "external": true}
{"timestamp": "2026-06-03T09:10:53.233773", "user": "USER_017", "type": "email", "hour": 9, "external": false}
{"timestamp": "2026-06-03T09:10:54.236657", "user": "USER_014", "type": "email", "hour": 9, "external": false}
{"timestamp": "2026-06-03T09:10:54.737521", "user": "USER_019", "type": "email", "hour": 9, "external": true}
{"timestamp": "2026-06-03T09:10:55.238942", "user": "USER_002", "type": "email", "hour": 9, "external": false}
{"timestamp": "2026-06-03T09:10:55.740157", "user": "USER_011", "type": "file", "hour": 9, "filename": "doc_784.xlsx"}
{"timestamp": "2026-06-03T09:10:56.241432", "user": "USER_014", "type": "file", "hour": 9, "filename": "doc_604.pdf"}
{"timestamp": "2026-06-03T09:10:56.742483", "user": "USER_006", "type": "email", "hour": 9, "external": false}
{"timestamp": "2026-06-03T09:10:57.743658", "user": "USER_011", "type": "file", "hour": 9, "filename": "doc_112.xlsx"}
{"timestamp": "2026-06-03T09:10:58.244718", "user": "USER_020", "type": "file", "hour": 9, "filename": "doc_923.exe"}
{"timestamp": "2026-06-03T09:10:58.745731", "user": "USER_004", "type": "email", "hour": 9, "external": true}
{"timestamp": "2026-06-03T09:10:59.247086", "user": "USER_010", "type": "file", "hour": 9, "filename": "doc_814.pdf"}
{"timestamp": "2026-06-03T09:11:01.251693", "user": "USER_002", "type": "email", "hour": 9, "external": false}
{"timestamp": "2026-06-03T09:11:01.752939", "user": "USER_006", "type": "logon", "hour": 9}
{"timestamp": "2026-06-03T09:11:02.254720", "user": "USER_018", "type": "file", "hour": 9, "filename": "doc_419.pdf"}
{"timestamp": "2026-06-03T09:11:02.756227", "user": "USER_014", "type": "email", "hour": 9, "external": true}
{"timestamp": "2026-06-03T09:11:03.257234", "user": "USER_004", "type": "email", "hour": 9, "external": true}
{"timestamp": "2026-06-03T09:11:04.260013", "user": "USER_016", "type": "file", "hour": 9, "filename": "doc_199.pdf"}
{"timestamp": "2026-06-03T09:11:04.761768", "user": "USER_016", "type": "file", "hour": 9, "filename": "doc_393.pdf"}
{"timestamp": "2026-06-03T09:11:05.263081", "user": "USER_007", "type": "email", "hour": 9, "external": false}
{"timestamp": "2026-06-03T09:11:06.767954", "user": "USER_011", "type": "file", "hour": 9, "filename": "doc_323.zip"}
{"timestamp": "2026-06-03T09:11:07.269924", "user": "USER_018", "type": "logon", "hour": 9}
{"timestamp": "2026-06-03T09:11:07.771557", "user": "USER_010", "type": "file", "hour": 9, "filename": "doc_905.pdf"}
{"timestamp": "2026-06-03T09:11:08.772927", "user": "USER_004", "type": "file", "hour": 9, "filename": "doc_578.docx"}
{"timestamp": "2026-06-03T09:11:09.274079", "user": "USER_002", "type": "file", "hour": 9, "filename": "doc_915.zip"}
{"timestamp": "2026-06-03T09:11:10.276065", "user": "USER_019", "type": "email", "hour": 9, "external": false}
{"timestamp": "2026-06-03T09:11:10.777644", "user": "USER_013", "type": "file", "hour": 9, "filename": "doc_527.docx"}
{"timestamp": "2026-06-03T09:11:11.278836", "user": "USER_002", "type": "file", "hour": 9, "filename": "doc_539.exe"}
{"timestamp": "2026-06-03T09:11:11.780877", "user": "USER_005", "type": "file", "hour": 9, "filename": "doc_871.exe"}
{"timestamp": "2026-06-03T09:11:12.283335", "user": "USER_006", "type": "logon", "hour": 9}
{"timestamp": "2026-06-03T09:11:12.784672", "user": "USER_001", "type": "logon", "hour": 9}
{"timestamp": "2026-06-03T09:11:13.285505", "user": "USER_002", "type": "email", "hour": 9, "external": false}
{"timestamp": "2026-06-03T09:11:14.287258", "user": "USER_003", "type": "email", "hour": 9, "external": true}
{"timestamp": "2026-06-03T09:11:14.787906", "user": "USER_010", "type": "email", "hour": 9, "external": false}
{"timestamp": "2026-06-03T09:11:15.289198", "user": "USER_008", "type": "file", "hour": 9, "filename": "doc_104.xlsx"}
{"timestamp": "2026-06-03T09:11:15.790340", "user": "USER_018", "type": "device", "hour": 9, "action": "connect"}
{"timestamp": "2026-06-03T09:11:16.792765", "user": "USER_002", "type": "email", "hour": 9, "external": false}
{"timestamp": "2026-06-03T09:11:17.796034", "user": "USER_004", "type": "file", "hour": 9, "filename": "doc_493.xlsx"}
{"timestamp": "2026-06-03T09:11:18.297596", "user": "USER_013", "type": "logon", "hour": 9}
{"timestamp": "2026-06-03T09:11:18.799272", "user": "USER_008", "type": "file", "hour": 9, "filename": "doc_758.docx"}
{"timestamp": "2026-06-03T09:11:19.300929", "user": "USER_013", "type": "logon", "hour": 9}
{"timestamp": "2026-06-03T09:11:19.802056", "user": "USER_015", "type": "email", "hour": 9, "external": false}
{"timestamp": "2026-06-03T09:11:20.303420", "user": "USER_003", "type": "file", "hour": 9, "filename": "doc_401.zip"}
{"timestamp": "2026-06-03T09:11:20.805163", "user": "USER_001", "type": "email", "hour": 9, "external": false}
{"timestamp": "2026-06-03T09:11:21.306835", "user": "USER_010", "type": "email", "hour": 9, "external": false}
{"timestamp": "2026-06-03T09:11:21.808701", "user": "USER_002", "type": "logon", "hour": 9}
{"timestamp": "2026-06-03T09:11:22.310895", "user": "USER_006", "type": "file", "hour": 9, "filename": "doc_837.xlsx"}
{"timestamp": "2026-06-03T09:11:23.813648", "user": "USER_016", "type": "email", "hour": 9, "external": false}
{"timestamp": "2026-06-03T09:11:24.315361", "user": "USER_004", "type": "file", "hour": 9, "filename": "doc_610.docx"}
{"timestamp": "2026-06-03T09:11:24.817444", "user": "USER_012", "type": "device", "hour": 9, "action": "disconnect"}
{"timestamp": "2026-06-03T09:11:25.320230", "user": "USER_016", "type": "file", "hour": 9, "filename": "doc_551.pdf"}
{"timestamp": "2026-06-03T09:11:25.822659", "user": "USER_018", "type": "logon", "hour": 9}
{"timestamp": "2026-06-03T09:11:26.323670", "user": "USER_014", "type": "file", "hour": 9, "filename": "doc_344.exe"}
{"timestamp": "2026-06-03T09:11:27.325908", "user": "USER_001", "type": "file", "hour": 9, "filename": "doc_521.xlsx"}
{"timestamp": "2026-06-03T09:11:27.827829", "user": "USER_004", "type": "file", "hour": 9, "filename": "doc_349.exe"}
{"timestamp": "2026-06-03T09:11:28.329119", "user": "USER_011", "type": "email", "hour": 9, "external": false}
{"timestamp": "2026-06-03T09:11:29.332751", "user": "USER_002", "type": "device", "hour": 9, "action": "connect"}
{"timestamp": "2026-06-03T09:11:29.834464", "user": "USER_018", "type": "email", "hour": 9, "external": false}
{"timestamp": "2026-06-03T09:11:30.336049", "user": "USER_018", "type": "logon", "hour": 9}
{"timestamp": "2026-06-03T09:11:30.838078", "user": "USER_010", "type": "file", "hour": 9, "filename": "doc_751.exe"}
{"timestamp": "2026-06-03T09:11:31.339764", "user": "USER_017", "type": "file", "hour": 9, "filename": "doc_796.docx"}
{"timestamp": "2026-06-03T09:11:31.840809", "user": "USER_007", "type": "email", "hour": 9, "external": false}
{"timestamp": "2026-06-03T09:11:32.342698", "user": "USER_008", "type": "logon", "hour": 9}
{"timestamp": "2026-06-03T09:11:32.844220", "user": "USER_001", "type": "email", "hour": 9, "external": false}
{"timestamp": "2026-06-03T09:11:33.345047", "user": "USER_006", "type": "file", "hour": 9, "filename": "doc_368.pdf"}
{"timestamp": "2026-06-03T09:11:33.846356", "user": "USER_007", "type": "file", "hour": 9, "filename": "doc_735.xlsx"}
{"timestamp": "2026-06-03T09:11:34.349781", "user": "USER_008", "type": "file", "hour": 9, "filename": "doc_889.pdf"}
{"timestamp": "2026-06-03T09:11:34.851130", "user": "USER_017", "type": "file", "hour": 9, "filename": "doc_972.exe"}
{"timestamp": "2026-06-03T09:11:35.355184", "user": "USER_011", "type": "device", "hour": 9, "action": "connect"}
{"timestamp": "2026-06-03T09:11:35.857171", "user": "USER_001", "type": "file", "hour": 9, "filename": "doc_705.zip"}
{"timestamp": "2026-06-03T09:11:37.360594", "user": "USER_005", "type": "email", "hour": 9, "external": false}
{"timestamp": "2026-06-03T09:11:38.362277", "user": "USER_002", "type": "email", "hour": 9, "external": false}
{"timestamp": "2026-06-03T09:11:38.863790", "user": "USER_009", "type": "file", "hour": 9, "filename": "doc_870.exe"}
{"timestamp": "2026-06-03T09:11:39.868049", "user": "USER_010", "type": "file", "hour": 9, "filename": "doc_513.exe"}
{"timestamp": "2026-06-03T09:11:40.872139", "user": "USER_019", "type": "logon", "hour": 9}
{"timestamp": "2026-06-03T09:11:41.374179", "user": "USER_018", "type": "file", "hour": 9, "filename": "doc_214.zip"}
{"timestamp": "2026-06-03T09:11:42.376754", "user": "USER_015", "type": "file", "hour": 9, "filename": "doc_510.pdf"}
{"timestamp": "2026-06-03T09:11:43.379352", "user": "USER_010", "type": "file", "hour": 9, "filename": "doc_622.xlsx"}
{"timestamp": "2026-06-03T09:11:43.881252", "user": "USER_019", "type": "file", "hour": 9, "filename": "doc_470.docx"}
{"timestamp": "2026-06-03T09:11:44.383958", "user": "USER_016", "type": "email", "hour": 9, "external": false}
{"timestamp": "2026-06-03T09:11:44.886375", "user": "USER_019", "type": "file", "hour": 9, "filename": "doc_443.docx"}
{"timestamp": "2026-06-03T09:11:45.387147", "user": "USER_019", "type": "email", "hour": 9, "external": false}
{"timestamp": "2026-06-03T09:11:46.890408", "user": "USER_017", "type": "file", "hour": 9, "filename": "doc_433.zip"}
{"timestamp": "2026-06-03T09:11:47.391721", "user": "USER_015", "type": "file", "hour": 9, "filename": "doc_337.docx"}
{"timestamp": "2026-06-03T09:11:48.394378", "user": "USER_002", "type": "email", "hour": 9, "external": true}
{"timestamp": "2026-06-03T09:11:48.896148", "user": "USER_010", "type": "file", "hour": 9, "filename": "doc_580.pdf"}
{"timestamp": "2026-06-03T09:11:49.398238", "user": "USER_003", "type": "file", "hour": 9, "filename": "doc_489.zip"}
{"timestamp": "2026-06-03T09:11:49.899914", "user": "USER_009", "type": "email", "hour": 9, "external": false}
{"timestamp": "2026-06-03T09:11:51.404470", "user": "USER_019", "type": "logon", "hour": 9}
{"timestamp": "2026-06-03T09:11:51.906283", "user": "USER_006", "type": "device", "hour": 9, "action": "connect"}
{"timestamp": "2026-06-03T09:11:52.407991", "user": "USER_003", "type": "email", "hour": 9, "external": false}
{"timestamp": "2026-06-03T09:11:52.909408", "user": "USER_020", "type": "file", "hour": 9, "filename": "doc_937.xlsx"}
{"timestamp": "2026-06-03T09:11:53.410756", "user": "USER_013", "type": "file", "hour": 9, "filename": "doc_931.pdf"}
{"timestamp": "2026-06-03T09:11:53.911661", "user": "USER_013", "type": "file", "hour": 9, "filename": "doc_101.pdf"}
{"timestamp": "2026-06-03T09:11:54.413613", "user": "USER_002", "type": "file", "hour": 9, "filename": "doc_922.exe"}
{"timestamp": "2026-06-03T09:11:54.916051", "user": "USER_001", "type": "email", "hour": 9, "external": false}
{"timestamp": "2026-06-03T09:11:55.418581", "user": "USER_007", "type": "file", "hour": 9, "filename": "doc_916.zip"}
{"timestamp": "2026-06-03T09:11:56.922426", "user": "USER_004", "type": "email", "hour": 9, "external": false}
{"timestamp": "2026-06-03T09:11:57.423831", "user": "USER_018", "type": "email", "hour": 9, "external": false}
{"timestamp": "2026-06-03T09:11:57.925414", "user": "USER_003", "type": "file", "hour": 9, "filename": "doc_651.docx"}
{"timestamp": "2026-06-03T09:11:58.426880", "user": "USER_001", "type": "logon", "hour": 9}
{"timestamp": "2026-06-03T09:11:58.927973", "user": "USER_013", "type": "email", "hour": 9, "external": false}
{"timestamp": "2026-06-03T09:11:59.429597", "user": "USER_013", "type": "email", "hour": 9, "external": false}
{"timestamp": "2026-06-03T09:11:59.930988", "user": "USER_012", "type": "email", "hour": 9, "external": false}
{"timestamp": "2026-06-03T09:12:00.431711", "user": "USER_019", "type": "logon", "hour": 9}
{"timestamp": "2026-06-03T09:12:01.434988", "user": "USER_010", "type": "email", "hour": 9, "external": true}
{"timestamp": "2026-06-03T09:12:02.439812", "user": "USER_015", "type": "email", "hour": 9, "external": false}
{"timestamp": "2026-06-03T09:12:02.941172", "user": "USER_001", "type": "logon", "hour": 9}
{"timestamp": "2026-06-03T09:12:03.442144", "user": "USER_005", "type": "file", "hour": 9, "filename": "doc_394.pdf"}
{"timestamp": "2026-06-03T09:12:03.942997", "user": "USER_006", "type": "file", "hour": 9, "filename": "doc_104.zip"}
{"timestamp": "2026-06-03T09:12:05.445784", "user": "USER_003", "type": "email", "hour": 9, "external": true}
{"timestamp": "2026-06-03T09:12:05.946972", "user": "USER_011", "type": "file", "hour": 9, "filename": "doc_937.pdf"}
{"timestamp": "2026-06-03T09:12:06.448346", "user": "USER_008", "type": "email", "hour": 9, "external": false}
{"timestamp": "2026-06-03T09:12:07.955164", "user": "USER_004", "type": "email", "hour": 9, "external": false}
{"timestamp": "2026-06-03T09:12:08.957998", "user": "USER_012", "type": "logon", "hour": 9}
{"timestamp": "2026-06-03T09:12:09.459228", "user": "USER_015", "type": "email", "hour": 9, "external": false}
{"timestamp": "2026-06-03T09:12:09.964210", "user": "USER_009", "type": "file", "hour": 9, "filename": "doc_244.exe"}
{"timestamp": "2026-06-03T09:12:10.465270", "user": "USER_004", "type": "file", "hour": 9, "filename": "doc_590.xlsx"}
{"timestamp": "2026-06-03T09:12:10.966136", "user": "USER_019", "type": "email", "hour": 9, "external": false}
{"timestamp": "2026-06-03T09:12:11.967895", "user": "USER_007", "type": "email", "hour": 9, "external": false}
{"timestamp": "2026-06-03T09:12:12.468393", "user": "USER_009", "type": "file", "hour": 9, "filename": "doc_709.docx"}
{"timestamp": "2026-06-03T09:12:14.470923", "user": "USER_010", "type": "file", "hour": 9, "filename": "doc_105.pdf"}
{"timestamp": "2026-06-03T09:12:14.971875", "user": "USER_007", "type": "file", "hour": 9, "filename": "doc_980.exe"}
{"timestamp": "2026-06-03T09:12:16.475011", "user": "USER_004", "type": "file", "hour": 9, "filename": "doc_663.docx"}
{"timestamp": "2026-06-03T09:12:16.976725", "user": "USER_019", "type": "email", "hour": 9, "external": true}
{"timestamp": "2026-06-03T09:12:17.478439", "user": "USER_019", "type": "file", "hour": 9, "filename": "doc_913.zip"}
{"timestamp": "2026-06-03T09:12:17.979768", "user": "USER_014", "type": "email", "hour": 9, "external": false}
{"timestamp": "2026-06-03T09:12:19.484538", "user": "USER_016", "type": "logon", "hour": 9}
{"timestamp": "2026-06-03T09:12:19.987249", "user": "USER_013", "type": "email", "hour": 9, "external": false}
{"timestamp": "2026-06-03T09:12:20.488701", "user": "USER_009", "type": "file", "hour": 9, "filename": "doc_380.exe"}
{"timestamp": "2026-06-03T09:12:21.991013", "user": "USER_002", "type": "file", "hour": 9, "filename": "doc_838.pdf"}
{"timestamp": "2026-06-03T09:12:22.491739", "user": "USER_020", "type": "email", "hour": 9, "external": false}
{"timestamp": "2026-06-03T09:12:22.992379", "user": "USER_009", "type": "logon", "hour": 9}
{"timestamp": "2026-06-03T09:12:23.493162", "user": "USER_015", "type": "file", "hour": 9, "filename": "doc_973.xlsx"}
{"timestamp": "2026-06-03T09:12:23.994378", "user": "USER_003", "type": "file", "hour": 9, "filename": "doc_354.xlsx"}
{"timestamp": "2026-06-03T09:12:24.495069", "user": "USER_016", "type": "file", "hour": 9, "filename": "doc_377.pdf"}
{"timestamp": "2026-06-03T09:12:24.995501", "user": "USER_014", "type": "file", "hour": 9, "filename": "doc_342.pdf"}
{"timestamp": "2026-06-03T09:12:25.496352", "user": "USER_013", "type": "email", "hour": 9, "external": false}
{"timestamp": "2026-06-03T09:12:25.996948", "user": "USER_015", "type": "file", "hour": 9, "filename": "doc_425.zip"}
{"timestamp": "2026-06-03T09:12:26.998032", "user": "USER_005", "type": "email", "hour": 9, "external": false}
{"timestamp": "2026-06-03T09:12:28.000444", "user": "USER_019", "type": "email", "hour": 9, "external": false}
{"timestamp": "2026-06-03T09:12:28.502242", "user": "USER_011", "type": "file", "hour": 9, "filename": "doc_966.pdf"}
{"timestamp": "2026-06-03T09:12:29.003753", "user": "USER_020", "type": "logon", "hour": 9}
{"timestamp": "2026-06-03T09:12:29.506045", "user": "USER_008", "type": "email", "hour": 9, "external": false}
{"timestamp": "2026-06-03T09:12:30.007787", "user": "USER_004", "type": "email", "hour": 9, "external": true}
{"timestamp": "2026-06-03T09:12:31.009726", "user": "USER_015", "type": "file", "hour": 9, "filename": "doc_599.zip"}
{"timestamp": "2026-06-03T09:12:32.011866", "user": "USER_008", "type": "email", "hour": 9, "external": false}
{"timestamp": "2026-06-03T09:12:32.513725", "user": "USER_020", "type": "email", "hour": 9, "external": false}
{"timestamp": "2026-06-03T09:12:33.014770", "user": "USER_020", "type": "file", "hour": 9, "filename": "doc_918.docx"}
{"timestamp": "2026-06-03T09:12:33.516122", "user": "USER_007", "type": "email", "hour": 9, "external": false}
{"timestamp": "2026-06-03T09:12:34.017881", "user": "USER_019", "type": "device", "hour": 9, "action": "disconnect"}
{"timestamp": "2026-06-03T09:12:34.519731", "user": "USER_010", "type": "email", "hour": 9, "external": true}
{"timestamp": "2026-06-03T09:12:35.021880", "user": "USER_008", "type": "file", "hour": 9, "filename": "doc_887.pdf"}
{"timestamp": "2026-06-03T09:12:36.024286", "user": "USER_016", "type": "file", "hour": 9, "filename": "doc_656.docx"}
{"timestamp": "2026-06-03T09:12:36.525440", "user": "USER_007", "type": "file", "hour": 9, "filename": "doc_107.docx"}
{"timestamp": "2026-06-03T09:12:37.026634", "user": "USER_019", "type": "email", "hour": 9, "external": false}
{"timestamp": "2026-06-03T09:12:38.027997", "user": "USER_005", "type": "file", "hour": 9, "filename": "doc_564.pdf"}
{"timestamp": "2026-06-03T09:12:38.528813", "user": "USER_007", "type": "file", "hour": 9, "filename": "doc_123.zip"}
{"timestamp": "2026-06-03T09:12:39.029790", "user": "USER_004", "type": "file", "hour": 9, "filename": "doc_359.pdf"}
{"timestamp": "2026-06-03T09:12:39.531267", "user": "USER_005", "type": "email", "hour": 9, "external": false}
{"timestamp": "2026-06-03T09:12:40.033026", "user": "USER_001", "type": "email", "hour": 9, "external": true}
{"timestamp": "2026-06-03T09:12:40.535280", "user": "USER_005", "type": "file", "hour": 9, "filename": "doc_507.docx"}
{"timestamp": "2026-06-03T09:12:41.038705", "user": "USER_020", "type": "email", "hour": 9, "external": false}
{"timestamp": "2026-06-03T09:12:41.540401", "user": "USER_009", "type": "file", "hour": 9, "filename": "doc_832.exe"}
{"timestamp": "2026-06-03T09:12:42.542206", "user": "USER_020", "type": "logon", "hour": 9}
{"timestamp": "2026-06-03T09:12:43.043734", "user": "USER_013", "type": "email", "hour": 9, "external": false}
{"timestamp": "2026-06-03T09:12:43.545424", "user": "USER_018", "type": "logon", "hour": 9}
{"timestamp": "2026-06-03T09:12:44.046194", "user": "USER_019", "type": "email", "hour": 9, "external": false}
{"timestamp": "2026-06-03T09:12:44.547931", "user": "USER_015", "type": "email", "hour": 9, "external": false}
{"timestamp": "2026-06-03T09:12:45.048692", "user": "USER_016", "type": "file", "hour": 9, "filename": "doc_733.zip"}
{"timestamp": "2026-06-03T09:12:45.550088", "user": "USER_011", "type": "file", "hour": 9, "filename": "doc_700.docx"}
{"timestamp": "2026-06-03T09:12:46.052138", "user": "USER_003", "type": "email", "hour": 9, "external": true}
{"timestamp": "2026-06-03T09:12:46.556850", "user": "USER_009", "type": "device", "hour": 9, "action": "connect"}
{"timestamp": "2026-06-03T09:12:47.558726", "user": "USER_012", "type": "email", "hour": 9, "external": false}
{"timestamp": "2026-06-03T09:12:48.060413", "user": "USER_006", "type": "email", "hour": 9, "external": false}
{"timestamp": "2026-06-03T09:12:48.562146", "user": "USER_001", "type": "file", "hour": 9, "filename": "doc_559.pdf"}
{"timestamp": "2026-06-03T09:12:49.063652", "user": "USER_007", "type": "email", "hour": 9, "external": false}
{"timestamp": "2026-06-03T09:12:49.565510", "user": "USER_005", "type": "file", "hour": 9, "filename": "doc_403.pdf"}
{"timestamp": "2026-06-03T09:12:50.066984", "user": "USER_008", "type": "file", "hour": 9, "filename": "doc_526.docx"}
{"timestamp": "2026-06-03T09:12:50.569332", "user": "USER_017", "type": "email", "hour": 9, "external": false}
{"timestamp": "2026-06-03T09:12:51.073264", "user": "USER_007", "type": "logon", "hour": 9}
{"timestamp": "2026-06-03T09:12:51.574874", "user": "USER_020", "type": "file", "hour": 9, "filename": "doc_573.zip"}
{"timestamp": "2026-06-03T09:12:52.076000", "user": "USER_005", "type": "email", "hour": 9, "external": false}
{"timestamp": "2026-06-03T09:12:52.576844", "user": "USER_019", "type": "file", "hour": 9, "filename": "doc_920.xlsx"}
{"timestamp": "2026-06-03T09:12:53.077701", "user": "USER_020", "type": "file", "hour": 9, "filename": "doc_907.pdf"}
{"timestamp": "2026-06-03T09:12:53.578120", "user": "USER_011", "type": "email", "hour": 9, "external": false}
{"timestamp": "2026-06-03T09:12:54.579129", "user": "USER_020", "type": "file", "hour": 9, "filename": "doc_176.pdf"}
{"timestamp": "2026-06-03T09:12:55.079915", "user": "USER_005", "type": "file", "hour": 9, "filename": "doc_746.exe"}
{"timestamp": "2026-06-03T09:12:55.580509", "user": "USER_010", "type": "file", "hour": 9, "filename": "doc_664.xlsx"}
{"timestamp": "2026-06-03T09:12:56.081158", "user": "USER_012", "type": "file", "hour": 9, "filename": "doc_525.docx"}
{"timestamp": "2026-06-03T09:12:56.582179", "user": "USER_001", "type": "email", "hour": 9, "external": false}
{"timestamp": "2026-06-03T09:12:57.082708", "user": "USER_012", "type": "file", "hour": 9, "filename": "doc_395.xlsx"}
{"timestamp": "2026-06-03T09:12:57.583523", "user": "USER_017", "type": "email", "hour": 9, "external": true}
{"timestamp": "2026-06-03T09:12:58.084364", "user": "USER_013", "type": "logon", "hour": 9}
{"timestamp": "2026-06-03T09:12:58.585521", "user": "USER_004", "type": "email", "hour": 9, "external": false}
{"timestamp": "2026-06-03T09:12:59.086339", "user": "USER_001", "type": "device", "hour": 9, "action": "disconnect"}
{"timestamp": "2026-06-03T09:12:59.587105", "user": "USER_013", "type": "email", "hour": 9, "external": false}
{"timestamp": "2026-06-03T09:13:00.588563", "user": "USER_008", "type": "file", "hour": 9, "filename": "doc_192.docx"}
{"timestamp": "2026-06-03T09:13:01.089475", "user": "USER_015", "type": "file", "hour": 9, "filename": "doc_182.zip"}
{"timestamp": "2026-06-03T09:13:02.591277", "user": "USER_006", "type": "file", "hour": 9, "filename": "doc_693.zip"}
{"timestamp": "2026-06-03T09:13:03.091975", "user": "USER_008", "type": "file", "hour": 9, "filename": "doc_597.zip"}
{"timestamp": "2026-06-03T09:13:03.592719", "user": "USER_004", "type": "email", "hour": 9, "external": true}
{"timestamp": "2026-06-03T09:13:04.093367", "user": "USER_002", "type": "email", "hour": 9, "external": false}
{"timestamp": "2026-06-03T09:13:05.094798", "user": "USER_005", "type": "file", "hour": 9, "filename": "doc_352.pdf"}
{"timestamp": "2026-06-03T09:13:06.096605", "user": "USER_013", "type": "file", "hour": 9, "filename": "doc_746.zip"}
{"timestamp": "2026-06-03T09:13:06.597485", "user": "USER_017", "type": "device", "hour": 9, "action": "connect"}
{"timestamp": "2026-06-03T09:13:07.098598", "user": "USER_019", "type": "file", "hour": 9, "filename": "doc_480.exe"}
{"timestamp": "2026-06-03T09:13:07.599851", "user": "USER_015", "type": "email", "hour": 9, "external": true}
{"timestamp": "2026-06-03T09:13:08.100688", "user": "USER_003", "type": "email", "hour": 9, "external": false}
{"timestamp": "2026-06-03T09:13:08.601706", "user": "USER_007", "type": "file", "hour": 9, "filename": "doc_810.pdf"}
{"timestamp": "2026-06-03T09:13:09.102568", "user": "USER_014", "type": "email", "hour": 9, "external": false}
{"timestamp": "2026-06-03T09:13:09.603643", "user": "USER_004", "type": "file", "hour": 9, "filename": "doc_826.exe"}
{"timestamp": "2026-06-03T09:13:10.104395", "user": "USER_005", "type": "file", "hour": 9, "filename": "doc_155.pdf"}
{"timestamp": "2026-06-03T09:13:11.606621", "user": "USER_011", "type": "email", "hour": 9, "external": false}
{"timestamp": "2026-06-03T09:13:12.107792", "user": "USER_012", "type": "file", "hour": 9, "filename": "doc_172.zip"}
{"timestamp": "2026-06-03T09:13:12.609128", "user": "USER_003", "type": "email", "hour": 9, "external": true}
{"timestamp": "2026-06-03T09:13:13.109865", "user": "USER_017", "type": "file", "hour": 9, "filename": "doc_351.xlsx"}
{"timestamp": "2026-06-03T09:13:14.111424", "user": "USER_006", "type": "file", "hour": 9, "filename": "doc_311.docx"}
{"timestamp": "2026-06-03T09:13:14.612172", "user": "USER_016", "type": "email", "hour": 9, "external": false}
{"timestamp": "2026-06-03T09:13:15.112760", "user": "USER_003", "type": "email", "hour": 9, "external": false}
{"timestamp": "2026-06-03T09:13:15.613461", "user": "USER_013", "type": "email", "hour": 9, "external": false}
{"timestamp": "2026-06-03T09:13:16.114407", "user": "USER_006", "type": "email", "hour": 9, "external": false}
{"timestamp": "2026-06-03T09:13:16.614958", "user": "USER_018", "type": "email", "hour": 9, "external": false}
{"timestamp": "2026-06-03T09:13:17.616191", "user": "USER_004", "type": "file", "hour": 9, "filename": "doc_547.exe"}
{"timestamp": "2026-06-03T09:13:18.116737", "user": "USER_004", "type": "email", "hour": 9, "external": false}
{"timestamp": "2026-06-03T09:13:18.617467", "user": "USER_005", "type": "logon", "hour": 9}
{"timestamp": "2026-06-03T09:13:19.118558", "user": "USER_012", "type": "email", "hour": 9, "external": false}
{"timestamp": "2026-06-03T09:13:19.619717", "user": "USER_008", "type": "email", "hour": 9, "external": false}
{"timestamp": "2026-06-03T09:13:21.122452", "user": "USER_001", "type": "email", "hour": 9, "external": true}
{"timestamp": "2026-06-03T09:13:21.623527", "user": "USER_011", "type": "file", "hour": 9, "filename": "doc_537.xlsx"}
{"timestamp": "2026-06-03T09:13:22.625233", "user": "USER_002", "type": "email", "hour": 9, "external": false}
{"timestamp": "2026-06-03T09:13:23.126332", "user": "USER_012", "type": "file", "hour": 9, "filename": "doc_927.exe"}
{"timestamp": "2026-06-03T09:13:23.627256", "user": "USER_014", "type": "email", "hour": 9, "external": true}
{"timestamp": "2026-06-03T09:13:25.129472", "user": "USER_003", "type": "file", "hour": 9, "filename": "doc_598.exe"}
{"timestamp": "2026-06-03T09:13:25.630418", "user": "USER_008", "type": "email", "hour": 9, "external": false}
{"timestamp": "2026-06-03T09:13:26.131349", "user": "USER_011", "type": "file", "hour": 9, "filename": "doc_823.docx"}
{"timestamp": "2026-06-03T09:13:26.633352", "user": "USER_010", "type": "email", "hour": 9, "external": false}
{"timestamp": "2026-06-03T09:13:27.134961", "user": "USER_001", "type": "email", "hour": 9, "external": false}
{"timestamp": "2026-06-03T09:13:27.636490", "user": "USER_006", "type": "logon", "hour": 9}
{"timestamp": "2026-06-03T09:13:28.137624", "user": "USER_012", "type": "file", "hour": 9, "filename": "doc_352.docx"}
{"timestamp": "2026-06-03T09:13:28.638921", "user": "USER_016", "type": "email", "hour": 9, "external": true}
{"timestamp": "2026-06-03T09:13:29.140492", "user": "USER_014", "type": "file", "hour": 9, "filename": "doc_651.zip"}
{"timestamp": "2026-06-03T09:13:29.641450", "user": "USER_018", "type": "file", "hour": 9, "filename": "doc_114.pdf"}
{"timestamp": "2026-06-03T09:13:30.142204", "user": "USER_007", "type": "logon", "hour": 9}
{"timestamp": "2026-06-03T09:13:30.645863", "user": "USER_006", "type": "file", "hour": 9, "filename": "doc_549.docx"}
{"timestamp": "2026-06-03T09:13:31.146907", "user": "USER_011", "type": "email", "hour": 9, "external": false}
{"timestamp": "2026-06-03T09:13:31.647401", "user": "USER_016", "type": "logon", "hour": 9}
{"timestamp": "2026-06-03T09:13:32.148096", "user": "USER_015", "type": "file", "hour": 9, "filename": "doc_448.pdf"}
{"timestamp": "2026-06-03T09:13:32.648894", "user": "USER_001", "type": "file", "hour": 9, "filename": "doc_438.exe"}
{"timestamp": "2026-06-03T09:13:33.149941", "user": "USER_008", "type": "email", "hour": 9, "external": true}
{"timestamp": "2026-06-03T09:13:33.650744", "user": "USER_001", "type": "email", "hour": 9, "external": false}
{"timestamp": "2026-06-03T09:13:34.653167", "user": "USER_001", "type": "email", "hour": 9, "external": false}
{"timestamp": "2026-06-03T09:13:35.654655", "user": "USER_017", "type": "email", "hour": 9, "external": false}
{"timestamp": "2026-06-03T09:13:36.155285", "user": "USER_001", "type": "email", "hour": 9, "external": false}
{"timestamp": "2026-06-03T09:13:36.656199", "user": "USER_006", "type": "logon", "hour": 9}
{"timestamp": "2026-06-03T09:13:37.157366", "user": "USER_009", "type": "email", "hour": 9, "external": false}
{"timestamp": "2026-06-03T09:13:37.658271", "user": "USER_003", "type": "email", "hour": 9, "external": true}
{"timestamp": "2026-06-03T09:13:38.158941", "user": "USER_007", "type": "email", "hour": 9, "external": false}
{"timestamp": "2026-06-03T09:13:38.659767", "user": "USER_008", "type": "file", "hour": 9, "filename": "doc_298.xlsx"}
{"timestamp": "2026-06-03T09:13:39.160337", "user": "USER_012", "type": "file", "hour": 9, "filename": "doc_534.zip"}
{"timestamp": "2026-06-03T09:13:39.661009", "user": "USER_015", "type": "file", "hour": 9, "filename": "doc_598.pdf"}
{"timestamp": "2026-06-03T09:13:42.163738", "user": "USER_008", "type": "email", "hour": 9, "external": false}
{"timestamp": "2026-06-03T09:13:42.664783", "user": "USER_013", "type": "file", "hour": 9, "filename": "doc_331.xlsx"}
{"timestamp": "2026-06-03T09:13:43.165497", "user": "USER_006", "type": "email", "hour": 9, "external": false}
{"timestamp": "2026-06-03T09:13:44.167338", "user": "USER_007", "type": "device", "hour": 9, "action": "disconnect"}
{"timestamp": "2026-06-03T09:13:44.668726", "user": "USER_020", "type": "email", "hour": 9, "external": false}
{"timestamp": "2026-06-03T09:13:45.169880", "user": "USER_013", "type": "email", "hour": 9, "external": false}
{"timestamp": "2026-06-03T09:13:45.670812", "user": "USER_017", "type": "email", "hour": 9, "external": false}
{"timestamp": "2026-06-03T09:13:46.672739", "user": "USER_015", "type": "file", "hour": 9, "filename": "doc_587.zip"}
{"timestamp": "2026-06-03T09:13:47.173830", "user": "USER_004", "type": "file", "hour": 9, "filename": "doc_688.xlsx"}
{"timestamp": "2026-06-03T09:13:47.675019", "user": "USER_008", "type": "email", "hour": 9, "external": false}
{"timestamp": "2026-06-03T09:13:49.177665", "user": "USER_005", "type": "file", "hour": 9, "filename": "doc_428.docx"}
{"timestamp": "2026-06-03T09:13:51.182243", "user": "USER_018", "type": "file", "hour": 9, "filename": "doc_416.exe"}
{"timestamp": "2026-06-03T09:13:51.683109", "user": "USER_013", "type": "email", "hour": 9, "external": false}
{"timestamp": "2026-06-03T09:13:52.183638", "user": "USER_015", "type": "file", "hour": 9, "filename": "doc_644.zip"}
{"timestamp": "2026-06-03T09:13:52.684345", "user": "USER_003", "type": "logon", "hour": 9}
{"timestamp": "2026-06-03T09:13:53.187260", "user": "USER_013", "type": "email", "hour": 9, "external": false}
{"timestamp": "2026-06-03T09:13:54.189017", "user": "USER_003", "type": "email", "hour": 9, "external": true}
{"timestamp": "2026-06-03T09:13:54.690047", "user": "USER_008", "type": "logon", "hour": 9}
{"timestamp": "2026-06-03T09:13:55.191221", "user": "USER_013", "type": "device", "hour": 9, "action": "disconnect"}
{"timestamp": "2026-06-03T09:13:56.192891", "user": "USER_004", "type": "email", "hour": 9, "external": true}
{"timestamp": "2026-06-03T09:13:56.693816", "user": "USER_019", "type": "logon", "hour": 9}
{"timestamp": "2026-06-03T09:13:57.194560", "user": "USER_012", "type": "file", "hour": 9, "filename": "doc_932.pdf"}
{"timestamp": "2026-06-03T09:13:58.195690", "user": "USER_006", "type": "email", "hour": 9, "external": false}
{"timestamp": "2026-06-03T09:13:58.696622", "user": "USER_017", "type": "file", "hour": 9, "filename": "doc_843.pdf"}
{"timestamp": "2026-06-03T09:13:59.197483", "user": "USER_008", "type": "file", "hour": 9, "filename": "doc_580.pdf"}
{"timestamp": "2026-06-03T09:13:59.698383", "user": "USER_015", "type": "email", "hour": 9, "external": true}
{"timestamp": "2026-06-03T09:14:00.199023", "user": "USER_005", "type": "email", "hour": 9, "external": false}
{"timestamp": "2026-06-03T09:14:00.700024", "user": "USER_010", "type": "file", "hour": 9, "filename": "doc_367.docx"}
{"timestamp": "2026-06-03T09:14:00.700788", "user": "USER_019", "type": "file", "hour": 3, "filename": "sensitive_data_29.zip"}
{"timestamp": "2026-06-03T09:14:00.700788", "user": "USER_019", "type": "file", "hour": 3, "filename": "sensitive_data_24.zip"}
{"timestamp": "2026-06-03T09:14:00.700788", "user": "USER_019", "type": "file", "hour": 3, "filename": "sensitive_data_68.zip"}
{"timestamp": "2026-06-03T09:14:00.700788", "user": "USER_019", "type": "file", "hour": 3, "filename": "sensitive_data_89.zip"}
{"timestamp": "2026-06-03T09:14:00.700788", "user": "USER_019", "type": "file", "hour": 3, "filename": "sensitive_data_13.zip"}
{"timestamp": "2026-06-03T09:14:00.700788", "user": "USER_019", "type": "file", "hour": 3, "filename": "sensitive_data_61.zip"}
{"timestamp": "2026-06-03T09:14:00.700788", "user": "USER_019", "type": "file", "hour": 3, "filename": "sensitive_data_9.zip"}
{"timestamp": "2026-06-03T09:14:00.700788", "user": "USER_019", "type": "file", "hour": 3, "filename": "sensitive_data_57.zip"}
{"timestamp": "2026-06-03T09:14:00.700788", "user": "USER_019", "type": "file", "hour": 3, "filename": "sensitive_data_47.zip"}
{"timestamp": "2026-06-03T09:14:00.700788", "user": "USER_019", "type": "file", "hour": 3, "filename": "sensitive_data_54.zip"}
{"timestamp": "2026-06-03T09:14:00.700788", "user": "USER_019", "type": "file", "hour": 3, "filename": "sensitive_data_41.zip"}
{"timestamp": "2026-06-03T09:14:00.700788", "user": "USER_019", "type": "file", "hour": 3, "filename": "sensitive_data_88.zip"}
{"timestamp": "2026-06-03T09:14:00.700788", "user": "USER_019", "type": "file", "hour": 3, "filename": "sensitive_data_81.zip"}
{"timestamp": "2026-06-03T09:14:00.700788", "user": "USER_019", "type": "file", "hour": 3, "filename": "sensitive_data_14.zip"}
{"timestamp": "2026-06-03T09:14:00.700788", "user": "USER_019", "type": "file", "hour": 3, "filename": "sensitive_data_67.zip"}
{"timestamp": "2026-06-03T09:14:00.700788", "user": "USER_019", "type": "file", "hour": 3, "filename": "sensitive_data_29.zip"}
{"timestamp": "2026-06-03T09:14:00.700788", "user": "USER_019", "type": "file", "hour": 3, "filename": "sensitive_data_39.zip"}
{"timestamp": "2026-06-03T09:14:00.700788", "user": "USER_019", "type": "file", "hour": 3, "filename": "sensitive_data_26.zip"}
{"timestamp": "2026-06-03T09:14:00.700788", "user": "USER_019", "type": "file", "hour": 3, "filename": "sensitive_data_39.zip"}
{"timestamp": "2026-06-03T09:14:00.700788", "user": "USER_019", "type": "file", "hour": 3, "filename": "sensitive_data_22.zip"}
{"timestamp": "2026-06-03T09:14:00.700788", "user": "USER_019", "type": "file", "hour": 3, "filename": "sensitive_data_42.zip"}
{"timestamp": "2026-06-03T09:14:00.700788", "user": "USER_019", "type": "file", "hour": 3, "filename": "sensitive_data_43.zip"}
{"timestamp": "2026-06-03T09:14:00.700788", "user": "USER_019", "type": "file", "hour": 3, "filename": "sensitive_data_54.zip"}
{"timestamp": "2026-06-03T09:14:00.700788", "user": "USER_019", "type": "file", "hour": 3, "filename": "sensitive_data_80.zip"}
{"timestamp": "2026-06-03T09:14:00.700788", "user": "USER_019", "type": "file", "hour": 3, "filename": "sensitive_data_62.zip"}
{"timestamp": "2026-06-03T09:14:00.700788", "user": "USER_019", "type": "file", "hour": 3, "filename": "sensitive_data_90.zip"}
{"timestamp": "2026-06-03T09:14:00.700788", "user": "USER_019", "type": "file", "hour": 3, "filename": "sensitive_data_58.zip"}
{"timestamp": "2026-06-03T09:14:00.700788", "user": "USER_019", "type": "file", "hour": 3, "filename": "sensitive_data_77.zip"}
{"timestamp": "2026-06-03T09:14:00.700788", "user": "USER_019", "type": "file", "hour": 3, "filename": "sensitive_data_94.zip"}
{"timestamp": "2026-06-03T09:14:00.700788", "user": "USER_019", "type": "file", "hour": 3, "filename": "sensitive_data_79.zip"}
{"timestamp": "2026-06-03T09:14:00.700788", "user": "USER_019", "type": "file", "hour": 3, "filename": "sensitive_data_47.zip"}
{"timestamp": "2026-06-03T09:14:00.700788", "user": "USER_019", "type": "file", "hour": 3, "filename": "sensitive_data_27.zip"}
{"timestamp": "2026-06-03T09:14:00.700788", "user": "USER_019", "type": "file", "hour": 3, "filename": "sensitive_data_30.zip"}
{"timestamp": "2026-06-03T09:14:00.700788", "user": "USER_019", "type": "file", "hour": 3, "filename": "sensitive_data_58.zip"}
{"timestamp": "2026-06-03T09:14:00.700788", "user": "USER_019", "type": "file", "hour": 3, "filename": "sensitive_data_27.zip"}
{"timestamp": "2026-06-03T09:14:00.700788", "user": "USER_019", "type": "file", "hour": 3, "filename": "sensitive_data_67.zip"}
{"timestamp": "2026-06-03T09:14:00.700788", "user": "USER_019", "type": "file", "hour": 3, "filename": "sensitive_data_97.zip"}
{"timestamp": "2026-06-03T09:14:00.700788", "user": "USER_019", "type": "file", "hour": 3, "filename": "sensitive_data_57.zip"}
{"timestamp": "2026-06-03T09:14:00.700788", "user": "USER_019", "type": "file", "hour": 3, "filename": "sensitive_data_83.zip"}
{"timestamp": "2026-06-03T09:14:00.700788", "user": "USER_019", "type": "file", "hour": 3, "filename": "sensitive_data_78.zip"}
{"timestamp": "2026-06-03T09:14:00.700788", "user": "USER_019", "type": "file", "hour": 3, "filename": "sensitive_data_76.zip"}
{"timestamp": "2026-06-03T09:14:00.700788", "user": "USER_019", "type": "file", "hour": 3, "filename": "sensitive_data_47.zip"}
{"timestamp": "2026-06-03T09:14:00.700788", "user": "USER_019", "type": "file", "hour": 3, "filename": "sensitive_data_35.zip"}
{"timestamp": "2026-06-03T09:14:00.700788", "user": "USER_019", "type": "file", "hour": 3, "filename": "sensitive_data_12.zip"}
{"timestamp": "2026-06-03T09:14:00.700788", "user": "USER_019", "type": "file", "hour": 3, "filename": "sensitive_data_35.zip"}
{"timestamp": "2026-06-03T09:14:00.700788", "user": "USER_019", "type": "file", "hour": 3, "filename": "sensitive_data_23.zip"}
{"timestamp": "2026-06-03T09:14:00.700788", "user": "USER_019", "type": "email", "hour": 3, "external": true}
{"timestamp": "2026-06-03T09:14:00.700788", "user": "USER_019", "type": "email", "hour": 3, "external": true}
{"timestamp": "2026-06-03T09:14:00.700788", "user": "USER_019", "type": "email", "hour": 3, "external": true}
{"timestamp": "2026-06-03T09:14:00.700788", "user": "USER_019", "type": "email", "hour": 3, "external": true}
{"timestamp": "2026-06-03T09:14:00.700788", "user": "USER_019", "type": "email", "hour": 3, "external": true}
{"timestamp": "2026-06-03T09:14:00.700788", "user": "USER_019", "type": "email", "hour": 3, "external": true}
{"timestamp": "2026-06-03T09:14:00.700788", "user": "USER_019", "type": "email", "hour": 3, "external": true}
{"timestamp": "2026-06-03T09:14:00.700788", "user": "USER_019", "type": "email", "hour": 3, "external": true}
{"timestamp": "2026-06-03T09:14:00.700788", "user": "USER_019", "type": "email", "hour": 3, "external": true}
{"timestamp": "2026-06-03T09:14:00.700788", "user": "USER_019", "type": "email", "hour": 3, "external": true}
{"timestamp": "2026-06-03T09:14:00.700788", "user": "USER_019", "type": "email", "hour": 3, "external": true}
{"timestamp": "2026-06-03T09:14:00.700788", "user": "USER_019", "type": "email", "hour": 3, "external": true}
{"timestamp": "2026-06-03T09:14:00.700788", "user": "USER_019", "type": "email", "hour": 3, "external": true}
{"timestamp": "2026-06-03T09:14:00.700788", "user": "USER_019", "type": "email", "hour": 3, "external": true}
{"timestamp": "2026-06-03T09:14:00.700788", "user": "USER_019", "type": "email", "hour": 3, "external": true}
{"timestamp": "2026-06-03T09:14:00.700788", "user": "USER_019", "type": "email", "hour": 3, "external": true}
{"timestamp": "2026-06-03T09:14:00.700788", "user": "USER_019", "type": "email", "hour": 3, "external": true}
{"timestamp": "2026-06-03T09:14:00.700788", "user": "USER_019", "type": "email", "hour": 3, "external": true}
{"timestamp": "2026-06-03T09:14:00.700788", "user": "USER_019", "type": "email", "hour": 3, "external": true}
{"timestamp": "2026-06-03T09:14:02.205041", "user": "USER_016", "type": "email", "hour": 9, "external": true}
{"timestamp": "2026-06-03T09:14:02.705887", "user": "USER_008", "type": "logon", "hour": 9}
{"timestamp": "2026-06-03T09:14:03.206854", "user": "USER_012", "type": "file", "hour": 9, "filename": "doc_436.pdf"}
{"timestamp": "2026-06-03T09:14:03.707965", "user": "USER_012", "type": "logon", "hour": 9}
{"timestamp": "2026-06-03T09:14:04.208671", "user": "USER_002", "type": "file", "hour": 9, "filename": "doc_561.exe"}
{"timestamp": "2026-06-03T09:14:04.709823", "user": "USER_007", "type": "file", "hour": 9, "filename": "doc_206.xlsx"}
{"timestamp": "2026-06-03T09:14:06.212146", "user": "USER_006", "type": "logon", "hour": 9}
{"timestamp": "2026-06-03T09:14:06.712683", "user": "USER_005", "type": "file", "hour": 9, "filename": "doc_226.pdf"}
{"timestamp": "2026-06-03T09:14:06.712978", "user": "USER_014", "type": "file", "hour": 3, "filename": "sensitive_data_54.zip"}
{"timestamp": "2026-06-03T09:14:06.712978", "user": "USER_014", "type": "file", "hour": 3, "filename": "sensitive_data_53.zip"}
{"timestamp": "2026-06-03T09:14:06.712978", "user": "USER_014", "type": "file", "hour": 3, "filename": "sensitive_data_53.zip"}
{"timestamp": "2026-06-03T09:14:06.712978", "user": "USER_014", "type": "file", "hour": 3, "filename": "sensitive_data_34.zip"}
{"timestamp": "2026-06-03T09:14:06.712978", "user": "USER_014", "type": "file", "hour": 3, "filename": "sensitive_data_32.zip"}
{"timestamp": "2026-06-03T09:14:06.712978", "user": "USER_014", "type": "file", "hour": 3, "filename": "sensitive_data_86.zip"}
{"timestamp": "2026-06-03T09:14:06.712978", "user": "USER_014", "type": "file", "hour": 3, "filename": "sensitive_data_90.zip"}
{"timestamp": "2026-06-03T09:14:06.712978", "user": "USER_014", "type": "file", "hour": 3, "filename": "sensitive_data_17.zip"}
{"timestamp": "2026-06-03T09:14:06.712978", "user": "USER_014", "type": "file", "hour": 3, "filename": "sensitive_data_13.zip"}
{"timestamp": "2026-06-03T09:14:06.712978", "user": "USER_014", "type": "file", "hour": 3, "filename": "sensitive_data_45.zip"}
{"timestamp": "2026-06-03T09:14:06.712978", "user": "USER_014", "type": "file", "hour": 3, "filename": "sensitive_data_1.zip"}
{"timestamp": "2026-06-03T09:14:06.712978", "user": "USER_014", "type": "file", "hour": 3, "filename": "sensitive_data_7.zip"}
{"timestamp": "2026-06-03T09:14:06.712978", "user": "USER_014", "type": "file", "hour": 3, "filename": "sensitive_data_43.zip"}
{"timestamp": "2026-06-03T09:14:06.712978", "user": "USER_014", "type": "file", "hour": 3, "filename": "sensitive_data_8.zip"}
{"timestamp": "2026-06-03T09:14:06.712978", "user": "USER_014", "type": "file", "hour": 3, "filename": "sensitive_data_64.zip"}
{"timestamp": "2026-06-03T09:14:06.712978", "user": "USER_014", "type": "file", "hour": 3, "filename": "sensitive_data_92.zip"}
{"timestamp": "2026-06-03T09:14:06.712978", "user": "USER_014", "type": "file", "hour": 3, "filename": "sensitive_data_29.zip"}
{"timestamp": "2026-06-03T09:14:06.712978", "user": "USER_014", "type": "file", "hour": 3, "filename": "sensitive_data_28.zip"}
{"timestamp": "2026-06-03T09:14:06.712978", "user": "USER_014", "type": "file", "hour": 3, "filename": "sensitive_data_58.zip"}
{"timestamp": "2026-06-03T09:14:06.712978", "user": "USER_014", "type": "file", "hour": 3, "filename": "sensitive_data_21.zip"}
{"timestamp": "2026-06-03T09:14:06.712978", "user": "USER_014", "type": "file", "hour": 3, "filename": "sensitive_data_94.zip"}
{"timestamp": "2026-06-03T09:14:06.712978", "user": "USER_014", "type": "file", "hour": 3, "filename": "sensitive_data_98.zip"}
{"timestamp": "2026-06-03T09:14:06.712978", "user": "USER_014", "type": "file", "hour": 3, "filename": "sensitive_data_69.zip"}
{"timestamp": "2026-06-03T09:14:06.712978", "user": "USER_014", "type": "file", "hour": 3, "filename": "sensitive_data_41.zip"}
{"timestamp": "2026-06-03T09:14:06.712978", "user": "USER_014", "type": "file", "hour": 3, "filename": "sensitive_data_24.zip"}
{"timestamp": "2026-06-03T09:14:06.712978", "user": "USER_014", "type": "file", "hour": 3, "filename": "sensitive_data_97.zip"}
{"timestamp": "2026-06-03T09:14:06.712978", "user": "USER_014", "type": "file", "hour": 3, "filename": "sensitive_data_17.zip"}
{"timestamp": "2026-06-03T09:14:06.712978", "user": "USER_014", "type": "file", "hour": 3, "filename": "sensitive_data_72.zip"}
{"timestamp": "2026-06-03T09:14:06.712978", "user": "USER_014", "type": "file", "hour": 3, "filename": "sensitive_data_67.zip"}
{"timestamp": "2026-06-03T09:14:06.712978", "user": "USER_014", "type": "file", "hour": 3, "filename": "sensitive_data_7.zip"}
{"timestamp": "2026-06-03T09:14:06.712978", "user": "USER_014", "type": "file", "hour": 3, "filename": "sensitive_data_32.zip"}
{"timestamp": "2026-06-03T09:14:06.712978", "user": "USER_014", "type": "file", "hour": 3, "filename": "sensitive_data_32.zip"}
{"timestamp": "2026-06-03T09:14:06.712978", "user": "USER_014", "type": "file", "hour": 3, "filename": "sensitive_data_55.zip"}
{"timestamp": "2026-06-03T09:14:06.712978", "user": "USER_014", "type": "file", "hour": 3, "filename": "sensitive_data_7.zip"}
{"timestamp": "2026-06-03T09:14:06.712978", "user": "USER_014", "type": "file", "hour": 3, "filename": "sensitive_data_97.zip"}
{"timestamp": "2026-06-03T09:14:06.712978", "user": "USER_014", "type": "file", "hour": 3, "filename": "sensitive_data_93.zip"}
{"timestamp": "2026-06-03T09:14:06.712978", "user": "USER_014", "type": "file", "hour": 3, "filename": "sensitive_data_74.zip"}
{"timestamp": "2026-06-03T09:14:06.712978", "user": "USER_014", "type": "file", "hour": 3, "filename": "sensitive_data_74.zip"}
{"timestamp": "2026-06-03T09:14:06.712978", "user": "USER_014", "type": "file", "hour": 3, "filename": "sensitive_data_81.zip"}
{"timestamp": "2026-06-03T09:14:06.712978", "user": "USER_014", "type": "file", "hour": 3, "filename": "sensitive_data_5.zip"}
{"timestamp": "2026-06-03T09:14:06.712978", "user": "USER_014", "type": "file", "hour": 3, "filename": "sensitive_data_13.zip"}
{"timestamp": "2026-06-03T09:14:06.712978", "user": "USER_014", "type": "file", "hour": 3, "filename": "sensitive_data_43.zip"}
{"timestamp": "2026-06-03T09:14:06.712978", "user": "USER_014", "type": "file", "hour": 3, "filename": "sensitive_data_94.zip"}
{"timestamp": "2026-06-03T09:14:06.712978", "user": "USER_014", "type": "file", "hour": 3, "filename": "sensitive_data_33.zip"}
{"timestamp": "2026-06-03T09:14:06.712978", "user": "USER_014", "type": "file", "hour": 3, "filename": "sensitive_data_98.zip"}
{"timestamp": "2026-06-03T09:14:06.712978", "user": "USER_014", "type": "file", "hour": 3, "filename": "sensitive_data_15.zip"}
{"timestamp": "2026-06-03T09:14:06.712978", "user": "USER_014", "type": "file", "hour": 3, "filename": "sensitive_data_95.zip"}
{"timestamp": "2026-06-03T09:14:06.712978", "user": "USER_014", "type": "file", "hour": 3, "filename": "sensitive_data_86.zip"}
{"timestamp": "2026-06-03T09:14:06.712978", "user": "USER_014", "type": "file", "hour": 3, "filename": "sensitive_data_41.zip"}
{"timestamp": "2026-06-03T09:14:06.712978", "user": "USER_014", "type": "file", "hour": 3, "filename": "sensitive_data_21.zip"}
{"timestamp": "2026-06-03T09:14:06.712978", "user": "USER_014", "type": "email", "hour": 3, "external": true}
{"timestamp": "2026-06-03T09:14:06.712978", "user": "USER_014", "type": "email", "hour": 3, "external": true}
{"timestamp": "2026-06-03T09:14:06.712978", "user": "USER_014", "type": "email", "hour": 3, "external": true}
{"timestamp": "2026-06-03T09:14:06.712978", "user": "USER_014", "type": "email", "hour": 3, "external": true}
{"timestamp": "2026-06-03T09:14:06.712978", "user": "USER_014", "type": "email", "hour": 3, "external": true}
{"timestamp": "2026-06-03T09:14:06.712978", "user": "USER_014", "type": "email", "hour": 3, "external": true}
{"timestamp": "2026-06-03T09:14:06.712978", "user": "USER_014", "type": "email", "hour": 3, "external": true}
{"timestamp": "2026-06-03T09:14:06.712978", "user": "USER_014", "type": "email", "hour": 3, "external": true}
{"timestamp": "2026-06-03T09:14:06.712978", "user": "USER_014", "type": "email", "hour": 3, "external": true}
{"timestamp": "2026-06-03T09:14:06.712978", "user": "USER_014", "type": "email", "hour": 3, "external": true}
{"timestamp": "2026-06-03T09:14:06.712978", "user": "USER_014", "type": "email", "hour": 3, "external": true}
{"timestamp": "2026-06-03T09:14:06.712978", "user": "USER_014", "type": "email", "hour": 3, "external": true}
{"timestamp": "2026-06-03T09:14:06.712978", "user": "USER_014", "type": "email", "hour": 3, "external": true}
{"timestamp": "2026-06-03T09:14:06.712978", "user": "USER_014", "type": "email", "hour": 3, "external": true}
{"timestamp": "2026-06-03T09:14:06.712978", "user": "USER_014", "type": "email", "hour": 3, "external": true}
{"timestamp": "2026-06-03T09:14:07.214501", "user": "USER_013", "type": "file", "hour": 9, "filename": "doc_124.xlsx"}
{"timestamp": "2026-06-03T09:14:07.715495", "user": "USER_016", "type": "email", "hour": 9, "external": true}
{"timestamp": "2026-06-03T09:14:08.216396", "user": "USER_006", "type": "email", "hour": 9, "external": false}
{"timestamp": "2026-06-03T09:14:08.717200", "user": "USER_012", "type": "file", "hour": 9, "filename": "doc_730.exe"}
{"timestamp": "2026-06-03T09:14:09.218724", "user": "USER_001", "type": "email", "hour": 9, "external": true}
{"timestamp": "2026-06-03T09:14:10.221708", "user": "USER_006", "type": "file", "hour": 9, "filename": "doc_585.exe"}
{"timestamp": "2026-06-03T09:14:11.223589", "user": "USER_008", "type": "email", "hour": 9, "external": true}
{"timestamp": "2026-06-03T09:14:12.225020", "user": "USER_003", "type": "file", "hour": 9, "filename": "doc_958.docx"}
{"timestamp": "2026-06-03T09:14:12.725780", "user": "USER_012", "type": "email", "hour": 9, "external": false}
{"timestamp": "2026-06-03T09:14:13.226701", "user": "USER_009", "type": "email", "hour": 9, "external": false}
{"timestamp": "2026-06-03T09:14:13.727620", "user": "USER_005", "type": "email", "hour": 9, "external": false}
{"timestamp": "2026-06-03T09:14:14.229152", "user": "USER_019", "type": "file", "hour": 9, "filename": "doc_376.xlsx"}
{"timestamp": "2026-06-03T09:14:14.729940", "user": "USER_009", "type": "email", "hour": 9, "external": false}
{"timestamp": "2026-06-03T09:14:15.230500", "user": "USER_006", "type": "email", "hour": 9, "external": false}
{"timestamp": "2026-06-03T09:14:15.731283", "user": "USER_003", "type": "email", "hour": 9, "external": false}
{"timestamp": "2026-06-03T09:14:16.232521", "user": "USER_007", "type": "file", "hour": 9, "filename": "doc_136.exe"}
{"timestamp": "2026-06-03T09:14:16.733638", "user": "USER_004", "type": "file", "hour": 9, "filename": "doc_334.docx"}
{"timestamp": "2026-06-03T09:14:17.234855", "user": "USER_013", "type": "email", "hour": 9, "external": false}
{"timestamp": "2026-06-03T09:14:17.736240", "user": "USER_016", "type": "file", "hour": 9, "filename": "doc_880.xlsx"}
{"timestamp": "2026-06-03T09:14:18.237229", "user": "USER_011", "type": "logon", "hour": 9}
{"timestamp": "2026-06-03T09:14:18.737893", "user": "USER_011", "type": "email", "hour": 9, "external": true}
{"timestamp": "2026-06-03T09:14:19.239212", "user": "USER_008", "type": "logon", "hour": 9}
{"timestamp": "2026-06-03T09:14:19.739840", "user": "USER_009", "type": "logon", "hour": 9}
{"timestamp": "2026-06-03T09:14:20.240728", "user": "USER_015", "type": "email", "hour": 9, "external": false}
{"timestamp": "2026-06-03T09:14:21.241732", "user": "USER_004", "type": "email", "hour": 9, "external": false}
{"timestamp": "2026-06-03T09:14:21.742711", "user": "USER_016", "type": "email", "hour": 9, "external": false}
{"timestamp": "2026-06-03T09:14:22.743845", "user": "USER_020", "type": "device", "hour": 9, "action": "disconnect"}
{"timestamp": "2026-06-03T09:14:23.745314", "user": "USER_006", "type": "email", "hour": 9, "external": false}
{"timestamp": "2026-06-03T09:14:24.246184", "user": "USER_017", "type": "file", "hour": 9, "filename": "doc_717.pdf"}
{"timestamp": "2026-06-03T09:14:24.747293", "user": "USER_003", "type": "file", "hour": 9, "filename": "doc_420.pdf"}
{"timestamp": "2026-06-03T09:14:26.250923", "user": "USER_005", "type": "file", "hour": 9, "filename": "doc_403.xlsx"}
{"timestamp": "2026-06-03T09:14:26.751629", "user": "USER_018", "type": "email", "hour": 9, "external": false}
{"timestamp": "2026-06-03T09:14:27.252772", "user": "USER_016", "type": "file", "hour": 9, "filename": "doc_238.exe"}
{"timestamp": "2026-06-03T09:14:27.753795", "user": "USER_007", "type": "email", "hour": 9, "external": false}
{"timestamp": "2026-06-03T09:14:28.255211", "user": "USER_001", "type": "email", "hour": 9, "external": false}
{"timestamp": "2026-06-03T09:14:28.756298", "user": "USER_008", "type": "email", "hour": 9, "external": false}
{"timestamp": "2026-06-03T09:14:29.257477", "user": "USER_002", "type": "file", "hour": 9, "filename": "doc_327.xlsx"}
{"timestamp": "2026-06-03T09:14:29.758209", "user": "USER_020", "type": "file", "hour": 9, "filename": "doc_734.docx"}
{"timestamp": "2026-06-03T09:14:30.258763", "user": "USER_011", "type": "file", "hour": 9, "filename": "doc_675.pdf"}
{"timestamp": "2026-06-03T09:14:30.760346", "user": "USER_011", "type": "email", "hour": 9, "external": false}
{"timestamp": "2026-06-03T09:14:31.261436", "user": "USER_007", "type": "email", "hour": 9, "external": false}
{"timestamp": "2026-06-03T09:14:31.762541", "user": "USER_010", "type": "file", "hour": 9, "filename": "doc_357.docx"}
{"timestamp": "2026-06-03T09:14:32.263808", "user": "USER_018", "type": "file", "hour": 9, "filename": "doc_298.exe"}
{"timestamp": "2026-06-03T09:14:32.764811", "user": "USER_003", "type": "file", "hour": 9, "filename": "doc_494.pdf"}
{"timestamp": "2026-06-03T09:14:33.265425", "user": "USER_014", "type": "file", "hour": 9, "filename": "doc_926.exe"}
{"timestamp": "2026-06-03T09:14:34.267190", "user": "USER_007", "type": "logon", "hour": 9}
{"timestamp": "2026-06-03T09:14:35.769182", "user": "USER_009", "type": "file", "hour": 9, "filename": "doc_704.exe"}
{"timestamp": "2026-06-03T09:14:36.270305", "user": "USER_020", "type": "file", "hour": 9, "filename": "doc_243.pdf"}
{"timestamp": "2026-06-03T09:14:36.772126", "user": "USER_015", "type": "email", "hour": 9, "external": false}
{"timestamp": "2026-06-03T09:14:37.774420", "user": "USER_011", "type": "file", "hour": 9, "filename": "doc_748.pdf"}
{"timestamp": "2026-06-03T09:14:39.276406", "user": "USER_014", "type": "email", "hour": 9, "external": false}
{"timestamp": "2026-06-03T09:14:39.777334", "user": "USER_001", "type": "file", "hour": 9, "filename": "doc_444.pdf"}
{"timestamp": "2026-06-03T09:14:40.278007", "user": "USER_017", "type": "email", "hour": 9, "external": false}
{"timestamp": "2026-06-03T09:14:40.778775", "user": "USER_006", "type": "file", "hour": 9, "filename": "doc_991.exe"}
{"timestamp": "2026-06-03T09:14:41.279553", "user": "USER_006", "type": "file", "hour": 9, "filename": "doc_252.zip"}
{"timestamp": "2026-06-03T09:14:41.780487", "user": "USER_007", "type": "file", "hour": 9, "filename": "doc_101.exe"}
{"timestamp": "2026-06-03T09:14:42.281423", "user": "USER_010", "type": "file", "hour": 9, "filename": "doc_235.exe"}
{"timestamp": "2026-06-03T09:14:42.782452", "user": "USER_009", "type": "file", "hour": 9, "filename": "doc_314.exe"}
{"timestamp": "2026-06-03T09:14:43.283798", "user": "USER_006", "type": "file", "hour": 9, "filename": "doc_925.xlsx"}
{"timestamp": "2026-06-03T09:14:43.784633", "user": "USER_017", "type": "email", "hour": 9, "external": false}
{"timestamp": "2026-06-03T09:14:44.285594", "user": "USER_012", "type": "email", "hour": 9, "external": false}
{"timestamp": "2026-06-03T09:14:44.786965", "user": "USER_010", "type": "email", "hour": 9, "external": false}
{"timestamp": "2026-06-03T09:14:45.288366", "user": "USER_020", "type": "file", "hour": 9, "filename": "doc_118.pdf"}
{"timestamp": "2026-06-03T09:14:46.290286", "user": "USER_019", "type": "email", "hour": 9, "external": false}
{"timestamp": "2026-06-03T09:14:47.792544", "user": "USER_001", "type": "email", "hour": 9, "external": false}
{"timestamp": "2026-06-03T09:14:48.293296", "user": "USER_002", "type": "file", "hour": 9, "filename": "doc_644.docx"}
{"timestamp": "2026-06-03T09:14:48.794298", "user": "USER_008", "type": "file", "hour": 9, "filename": "doc_898.docx"}
{"timestamp": "2026-06-03T09:14:49.295053", "user": "USER_001", "type": "email", "hour": 9, "external": true}
{"timestamp": "2026-06-03T09:14:49.796026", "user": "USER_004", "type": "file", "hour": 9, "filename": "doc_662.pdf"}
{"timestamp": "2026-06-03T09:14:51.798567", "user": "USER_006", "type": "email", "hour": 9, "external": false}
{"timestamp": "2026-06-03T09:14:52.299250", "user": "USER_014", "type": "file", "hour": 9, "filename": "doc_541.pdf"}
{"timestamp": "2026-06-03T09:14:52.800563", "user": "USER_019", "type": "file", "hour": 9, "filename": "doc_186.exe"}
{"timestamp": "2026-06-03T09:14:53.302145", "user": "USER_013", "type": "device", "hour": 9, "action": "disconnect"}
{"timestamp": "2026-06-03T09:14:53.803036", "user": "USER_007", "type": "email", "hour": 9, "external": true}
{"timestamp": "2026-06-03T09:14:54.304054", "user": "USER_010", "type": "email", "hour": 9, "external": false}
{"timestamp": "2026-06-03T09:14:54.804903", "user": "USER_008", "type": "email", "hour": 9, "external": false}
{"timestamp": "2026-06-03T09:14:55.306055", "user": "USER_020", "type": "file", "hour": 9, "filename": "doc_478.exe"}
{"timestamp": "2026-06-03T09:14:55.807619", "user": "USER_010", "type": "email", "hour": 9, "external": false}
{"timestamp": "2026-06-03T09:14:56.810072", "user": "USER_014", "type": "file", "hour": 9, "filename": "doc_540.xlsx"}
{"timestamp": "2026-06-03T09:14:57.811864", "user": "USER_010", "type": "email", "hour": 9, "external": false}
{"timestamp": "2026-06-03T09:14:58.813506", "user": "USER_018", "type": "email", "hour": 9, "external": false}
{"timestamp": "2026-06-03T09:14:59.314705", "user": "USER_015", "type": "file", "hour": 9, "filename": "doc_403.exe"}
{"timestamp": "2026-06-03T09:14:59.815429", "user": "USER_011", "type": "email", "hour": 9, "external": false}
{"timestamp": "2026-06-03T09:15:00.316390", "user": "USER_018", "type": "file", "hour": 9, "filename": "doc_890.xlsx"}
{"timestamp": "2026-06-03T09:15:00.817853", "user": "USER_004", "type": "email", "hour": 9, "external": false}
{"timestamp": "2026-06-03T09:15:01.319268", "user": "USER_003", "type": "email", "hour": 9, "external": false}
{"timestamp": "2026-06-03T09:15:01.820138", "user": "USER_007", "type": "file", "hour": 9, "filename": "doc_922.exe"}
{"timestamp": "2026-06-03T09:15:02.321173", "user": "USER_016", "type": "file", "hour": 9, "filename": "doc_560.docx"}
{"timestamp": "2026-06-03T09:15:02.821950", "user": "USER_015", "type": "file", "hour": 9, "filename": "doc_453.pdf"}
{"timestamp": "2026-06-03T09:15:03.323300", "user": "USER_013", "type": "file", "hour": 9, "filename": "doc_250.exe"}
{"timestamp": "2026-06-03T09:15:03.824370", "user": "USER_001", "type": "email", "hour": 9, "external": false}
{"timestamp": "2026-06-03T09:15:04.325341", "user": "USER_010", "type": "email", "hour": 9, "external": false}
{"timestamp": "2026-06-03T09:15:04.325628", "user": "USER_009", "type": "file", "hour": 3, "filename": "sensitive_data_90.zip"}
{"timestamp": "2026-06-03T09:15:04.325628", "user": "USER_009", "type": "file", "hour": 3, "filename": "sensitive_data_96.zip"}
{"timestamp": "2026-06-03T09:15:04.325628", "user": "USER_009", "type": "file", "hour": 3, "filename": "sensitive_data_28.zip"}
{"timestamp": "2026-06-03T09:15:04.325628", "user": "USER_009", "type": "file", "hour": 3, "filename": "sensitive_data_49.zip"}
{"timestamp": "2026-06-03T09:15:04.325628", "user": "USER_009", "type": "file", "hour": 3, "filename": "sensitive_data_8.zip"}
{"timestamp": "2026-06-03T09:15:04.325628", "user": "USER_009", "type": "file", "hour": 3, "filename": "sensitive_data_3.zip"}
{"timestamp": "2026-06-03T09:15:04.325628", "user": "USER_009", "type": "file", "hour": 3, "filename": "sensitive_data_21.zip"}
{"timestamp": "2026-06-03T09:15:04.325628", "user": "USER_009", "type": "file", "hour": 3, "filename": "sensitive_data_30.zip"}
{"timestamp": "2026-06-03T09:15:04.325628", "user": "USER_009", "type": "file", "hour": 3, "filename": "sensitive_data_17.zip"}
{"timestamp": "2026-06-03T09:15:04.325628", "user": "USER_009", "type": "file", "hour": 3, "filename": "sensitive_data_79.zip"}
{"timestamp": "2026-06-03T09:15:04.325628", "user": "USER_009", "type": "file", "hour": 3, "filename": "sensitive_data_32.zip"}
{"timestamp": "2026-06-03T09:15:04.325628", "user": "USER_009", "type": "file", "hour": 3, "filename": "sensitive_data_91.zip"}
{"timestamp": "2026-06-03T09:15:04.325628", "user": "USER_009", "type": "file", "hour": 3, "filename": "sensitive_data_62.zip"}
{"timestamp": "2026-06-03T09:15:04.325628", "user": "USER_009", "type": "file", "hour": 3, "filename": "sensitive_data_74.zip"}
{"timestamp": "2026-06-03T09:15:04.325628", "user": "USER_009", "type": "file", "hour": 3, "filename": "sensitive_data_30.zip"}
{"timestamp": "2026-06-03T09:15:04.325628", "user": "USER_009", "type": "file", "hour": 3, "filename": "sensitive_data_21.zip"}
{"timestamp": "2026-06-03T09:15:04.325628", "user": "USER_009", "type": "file", "hour": 3, "filename": "sensitive_data_19.zip"}
{"timestamp": "2026-06-03T09:15:04.325628", "user": "USER_009", "type": "file", "hour": 3, "filename": "sensitive_data_51.zip"}
{"timestamp": "2026-06-03T09:15:04.325628", "user": "USER_009", "type": "file", "hour": 3, "filename": "sensitive_data_28.zip"}
{"timestamp": "2026-06-03T09:15:04.325628", "user": "USER_009", "type": "file", "hour": 3, "filename": "sensitive_data_43.zip"}
{"timestamp": "2026-06-03T09:15:04.325628", "user": "USER_009", "type": "file", "hour": 3, "filename": "sensitive_data_30.zip"}
{"timestamp": "2026-06-03T09:15:04.325628", "user": "USER_009", "type": "file", "hour": 3, "filename": "sensitive_data_92.zip"}
{"timestamp": "2026-06-03T09:15:04.325628", "user": "USER_009", "type": "file", "hour": 3, "filename": "sensitive_data_24.zip"}
{"timestamp": "2026-06-03T09:15:04.325628", "user": "USER_009", "type": "file", "hour": 3, "filename": "sensitive_data_54.zip"}
{"timestamp": "2026-06-03T09:15:04.325628", "user": "USER_009", "type": "file", "hour": 3, "filename": "sensitive_data_30.zip"}
{"timestamp": "2026-06-03T09:15:04.325628", "user": "USER_009", "type": "file", "hour": 3, "filename": "sensitive_data_98.zip"}
{"timestamp": "2026-06-03T09:15:04.325628", "user": "USER_009", "type": "file", "hour": 3, "filename": "sensitive_data_77.zip"}
{"timestamp": "2026-06-03T09:15:04.325628", "user": "USER_009", "type": "file", "hour": 3, "filename": "sensitive_data_86.zip"}
{"timestamp": "2026-06-03T09:15:04.325628", "user": "USER_009", "type": "file", "hour": 3, "filename": "sensitive_data_89.zip"}
{"timestamp": "2026-06-03T09:15:04.325628", "user": "USER_009", "type": "file", "hour": 3, "filename": "sensitive_data_77.zip"}
{"timestamp": "2026-06-03T09:15:04.325628", "user": "USER_009", "type": "file", "hour": 3, "filename": "sensitive_data_48.zip"}
{"timestamp": "2026-06-03T09:15:04.325628", "user": "USER_009", "type": "file", "hour": 3, "filename": "sensitive_data_18.zip"}
{"timestamp": "2026-06-03T09:15:04.325628", "user": "USER_009", "type": "file", "hour": 3, "filename": "sensitive_data_64.zip"}
{"timestamp": "2026-06-03T09:15:04.325628", "user": "USER_009", "type": "file", "hour": 3, "filename": "sensitive_data_91.zip"}
{"timestamp": "2026-06-03T09:15:04.325628", "user": "USER_009", "type": "file", "hour": 3, "filename": "sensitive_data_30.zip"}
{"timestamp": "2026-06-03T09:15:04.325628", "user": "USER_009", "type": "file", "hour": 3, "filename": "sensitive_data_17.zip"}
{"timestamp": "2026-06-03T09:15:04.325628", "user": "USER_009", "type": "file", "hour": 3, "filename": "sensitive_data_9.zip"}
{"timestamp": "2026-06-03T09:15:04.325628", "user": "USER_009", "type": "email", "hour": 3, "external": true}
{"timestamp": "2026-06-03T09:15:04.325628", "user": "USER_009", "type": "email", "hour": 3, "external": true}
{"timestamp": "2026-06-03T09:15:04.325628", "user": "USER_009", "type": "email", "hour": 3, "external": true}
{"timestamp": "2026-06-03T09:15:04.325628", "user": "USER_009", "type": "email", "hour": 3, "external": true}
{"timestamp": "2026-06-03T09:15:04.325628", "user": "USER_009", "type": "email", "hour": 3, "external": true}
{"timestamp": "2026-06-03T09:15:04.325628", "user": "USER_009", "type": "email", "hour": 3, "external": true}
{"timestamp": "2026-06-03T09:15:04.325628", "user": "USER_009", "type": "email", "hour": 3, "external": true}
{"timestamp": "2026-06-03T09:15:04.325628", "user": "USER_009", "type": "email", "hour": 3, "external": true}
{"timestamp": "2026-06-03T09:15:04.325628", "user": "USER_009", "type": "email", "hour": 3, "external": true}
{"timestamp": "2026-06-03T09:15:04.325628", "user": "USER_009", "type": "email", "hour": 3, "external": true}
{"timestamp": "2026-06-03T09:15:04.325628", "user": "USER_009", "type": "email", "hour": 3, "external": true}
{"timestamp": "2026-06-03T09:15:04.325628", "user": "USER_009", "type": "email", "hour": 3, "external": true}
{"timestamp": "2026-06-03T09:15:04.325628", "user": "USER_009", "type": "email", "hour": 3, "external": true}
{"timestamp": "2026-06-03T09:15:04.325628", "user": "USER_009", "type": "email", "hour": 3, "external": true}
{"timestamp": "2026-06-03T09:15:04.325628", "user": "USER_009", "type": "email", "hour": 3, "external": true}
{"timestamp": "2026-06-03T09:15:04.325628", "user": "USER_009", "type": "email", "hour": 3, "external": true}
{"timestamp": "2026-06-03T09:15:04.325628", "user": "USER_009", "type": "email", "hour": 3, "external": true}
{"timestamp": "2026-06-03T09:15:04.325628", "user": "USER_009", "type": "email", "hour": 3, "external": true}
{"timestamp": "2026-06-03T09:15:04.325628", "user": "USER_009", "type": "email", "hour": 3, "external": true}
{"timestamp": "2026-06-03T09:15:05.327319", "user": "USER_020", "type": "file", "hour": 9, "filename": "doc_147.xlsx"}
{"timestamp": "2026-06-03T09:15:05.828058", "user": "USER_010", "type": "file", "hour": 9, "filename": "doc_124.pdf"}
{"timestamp": "2026-06-03T09:15:06.328752", "user": "USER_018", "type": "email", "hour": 9, "external": true}
{"timestamp": "2026-06-03T09:15:06.829746", "user": "USER_010", "type": "email", "hour": 9, "external": false}
{"timestamp": "2026-06-03T09:15:07.831385", "user": "USER_015", "type": "logon", "hour": 9}
{"timestamp": "2026-06-03T09:15:08.332218", "user": "USER_001", "type": "file", "hour": 9, "filename": "doc_629.xlsx"}
{"timestamp": "2026-06-03T09:15:08.833464", "user": "USER_019", "type": "file", "hour": 9, "filename": "doc_679.zip"}
{"timestamp": "2026-06-03T09:15:09.334508", "user": "USER_003", "type": "email", "hour": 9, "external": false}
{"timestamp": "2026-06-03T09:15:09.835324", "user": "USER_004", "type": "file", "hour": 9, "filename": "doc_995.docx"}
{"timestamp": "2026-06-03T09:15:10.837377", "user": "USER_010", "type": "email", "hour": 9, "external": false}
{"timestamp": "2026-06-03T09:15:11.338584", "user": "USER_013", "type": "email", "hour": 9, "external": false}
{"timestamp": "2026-06-03T09:15:12.340633", "user": "USER_010", "type": "email", "hour": 9, "external": true}
{"timestamp": "2026-06-03T09:15:12.841592", "user": "USER_017", "type": "email", "hour": 9, "external": false}
{"timestamp": "2026-06-03T09:15:13.843480", "user": "USER_006", "type": "device", "hour": 9, "action": "connect"}
{"timestamp": "2026-06-03T09:15:14.344818", "user": "USER_007", "type": "file", "hour": 9, "filename": "doc_536.exe"}
{"timestamp": "2026-06-03T09:15:14.845952", "user": "USER_020", "type": "file", "hour": 9, "filename": "doc_870.xlsx"}
{"timestamp": "2026-06-03T09:15:15.346659", "user": "USER_009", "type": "logon", "hour": 9}
{"timestamp": "2026-06-03T09:15:15.847680", "user": "USER_012", "type": "file", "hour": 9, "filename": "doc_278.docx"}
{"timestamp": "2026-06-03T09:15:16.348851", "user": "USER_012", "type": "email", "hour": 9, "external": false}
{"timestamp": "2026-06-03T09:15:16.849817", "user": "USER_013", "type": "email", "hour": 9, "external": false}
{"timestamp": "2026-06-03T09:15:17.350691", "user": "USER_017", "type": "file", "hour": 9, "filename": "doc_407.docx"}
{"timestamp": "2026-06-03T09:15:17.852259", "user": "USER_003", "type": "file", "hour": 9, "filename": "doc_445.exe"}
{"timestamp": "2026-06-03T09:15:18.353409", "user": "USER_004", "type": "logon", "hour": 9}
{"timestamp": "2026-06-03T09:15:18.854923", "user": "USER_015", "type": "email", "hour": 9, "external": true}
{"timestamp": "2026-06-03T09:15:19.355877", "user": "USER_007", "type": "email", "hour": 9, "external": true}
{"timestamp": "2026-06-03T09:15:19.856533", "user": "USER_015", "type": "file", "hour": 9, "filename": "doc_807.xlsx"}
{"timestamp": "2026-06-03T09:15:20.357660", "user": "USER_015", "type": "file", "hour": 9, "filename": "doc_589.docx"}
{"timestamp": "2026-06-03T09:15:21.860310", "user": "USER_009", "type": "email", "hour": 9, "external": false}
{"timestamp": "2026-06-03T09:15:22.361227", "user": "USER_002", "type": "email", "hour": 9, "external": false}
{"timestamp": "2026-06-03T09:15:23.363155", "user": "USER_007", "type": "file", "hour": 3, "filename": "sensitive_data_28.zip"}
{"timestamp": "2026-06-03T09:15:23.363155", "user": "USER_007", "type": "file", "hour": 3, "filename": "sensitive_data_88.zip"}
{"timestamp": "2026-06-03T09:15:23.363155", "user": "USER_007", "type": "file", "hour": 3, "filename": "sensitive_data_40.zip"}
{"timestamp": "2026-06-03T09:15:23.363155", "user": "USER_007", "type": "file", "hour": 3, "filename": "sensitive_data_87.zip"}
{"timestamp": "2026-06-03T09:15:23.363155", "user": "USER_007", "type": "file", "hour": 3, "filename": "sensitive_data_6.zip"}
{"timestamp": "2026-06-03T09:15:23.363155", "user": "USER_007", "type": "file", "hour": 3, "filename": "sensitive_data_54.zip"}
{"timestamp": "2026-06-03T09:15:23.363155", "user": "USER_007", "type": "file", "hour": 3, "filename": "sensitive_data_90.zip"}
{"timestamp": "2026-06-03T09:15:23.363155", "user": "USER_007", "type": "file", "hour": 3, "filename": "sensitive_data_85.zip"}
{"timestamp": "2026-06-03T09:15:23.363155", "user": "USER_007", "type": "file", "hour": 3, "filename": "sensitive_data_32.zip"}
{"timestamp": "2026-06-03T09:15:23.363155", "user": "USER_007", "type": "file", "hour": 3, "filename": "sensitive_data_11.zip"}
{"timestamp": "2026-06-03T09:15:23.363155", "user": "USER_007", "type": "file", "hour": 3, "filename": "sensitive_data_45.zip"}
{"timestamp": "2026-06-03T09:15:23.363155", "user": "USER_007", "type": "file", "hour": 3, "filename": "sensitive_data_47.zip"}
{"timestamp": "2026-06-03T09:15:23.363155", "user": "USER_007", "type": "file", "hour": 3, "filename": "sensitive_data_52.zip"}
{"timestamp": "2026-06-03T09:15:23.363155", "user": "USER_007", "type": "file", "hour": 3, "filename": "sensitive_data_6.zip"}
{"timestamp": "2026-06-03T09:15:23.363155", "user": "USER_007", "type": "file", "hour": 3, "filename": "sensitive_data_70.zip"}
{"timestamp": "2026-06-03T09:15:23.363155", "user": "USER_007", "type": "file", "hour": 3, "filename": "sensitive_data_95.zip"}
{"timestamp": "2026-06-03T09:15:23.363155", "user": "USER_007", "type": "file", "hour": 3, "filename": "sensitive_data_77.zip"}
{"timestamp": "2026-06-03T09:15:23.363155", "user": "USER_007", "type": "file", "hour": 3, "filename": "sensitive_data_75.zip"}
{"timestamp": "2026-06-03T09:15:23.363155", "user": "USER_007", "type": "file", "hour": 3, "filename": "sensitive_data_84.zip"}
{"timestamp": "2026-06-03T09:15:23.363155", "user": "USER_007", "type": "file", "hour": 3, "filename": "sensitive_data_52.zip"}
{"timestamp": "2026-06-03T09:15:23.363155", "user": "USER_007", "type": "file", "hour": 3, "filename": "sensitive_data_7.zip"}
{"timestamp": "2026-06-03T09:15:23.363155", "user": "USER_007", "type": "file", "hour": 3, "filename": "sensitive_data_25.zip"}
{"timestamp": "2026-06-03T09:15:23.363155", "user": "USER_007", "type": "file", "hour": 3, "filename": "sensitive_data_65.zip"}
{"timestamp": "2026-06-03T09:15:23.363155", "user": "USER_007", "type": "file", "hour": 3, "filename": "sensitive_data_42.zip"}
{"timestamp": "2026-06-03T09:15:23.363155", "user": "USER_007", "type": "file", "hour": 3, "filename": "sensitive_data_28.zip"}
{"timestamp": "2026-06-03T09:15:23.363155", "user": "USER_007", "type": "file", "hour": 3, "filename": "sensitive_data_2.zip"}
{"timestamp": "2026-06-03T09:15:23.363155", "user": "USER_007", "type": "file", "hour": 3, "filename": "sensitive_data_37.zip"}
{"timestamp": "2026-06-03T09:15:23.363155", "user": "USER_007", "type": "file", "hour": 3, "filename": "sensitive_data_64.zip"}
{"timestamp": "2026-06-03T09:15:23.363155", "user": "USER_007", "type": "file", "hour": 3, "filename": "sensitive_data_98.zip"}
{"timestamp": "2026-06-03T09:15:23.363155", "user": "USER_007", "type": "file", "hour": 3, "filename": "sensitive_data_21.zip"}
{"timestamp": "2026-06-03T09:15:23.363155", "user": "USER_007", "type": "file", "hour": 3, "filename": "sensitive_data_85.zip"}
{"timestamp": "2026-06-03T09:15:23.363155", "user": "USER_007", "type": "file", "hour": 3, "filename": "sensitive_data_91.zip"}
{"timestamp": "2026-06-03T09:15:23.363155", "user": "USER_007", "type": "file", "hour": 3, "filename": "sensitive_data_37.zip"}
{"timestamp": "2026-06-03T09:15:23.363155", "user": "USER_007", "type": "file", "hour": 3, "filename": "sensitive_data_8.zip"}
{"timestamp": "2026-06-03T09:15:23.363155", "user": "USER_007", "type": "file", "hour": 3, "filename": "sensitive_data_66.zip"}
{"timestamp": "2026-06-03T09:15:23.363155", "user": "USER_007", "type": "file", "hour": 3, "filename": "sensitive_data_84.zip"}
{"timestamp": "2026-06-03T09:15:23.363155", "user": "USER_007", "type": "file", "hour": 3, "filename": "sensitive_data_69.zip"}
{"timestamp": "2026-06-03T09:15:23.363155", "user": "USER_007", "type": "file", "hour": 3, "filename": "sensitive_data_17.zip"}
{"timestamp": "2026-06-03T09:15:23.363155", "user": "USER_007", "type": "file", "hour": 3, "filename": "sensitive_data_59.zip"}
{"timestamp": "2026-06-03T09:15:23.363155", "user": "USER_007", "type": "file", "hour": 3, "filename": "sensitive_data_74.zip"}
{"timestamp": "2026-06-03T09:15:23.363155", "user": "USER_007", "type": "email", "hour": 3, "external": true}
{"timestamp": "2026-06-03T09:15:23.363155", "user": "USER_007", "type": "email", "hour": 3, "external": true}
{"timestamp": "2026-06-03T09:15:23.363155", "user": "USER_007", "type": "email", "hour": 3, "external": true}
{"timestamp": "2026-06-03T09:15:23.363155", "user": "USER_007", "type": "email", "hour": 3, "external": true}
{"timestamp": "2026-06-03T09:15:23.363155", "user": "USER_007", "type": "email", "hour": 3, "external": true}
{"timestamp": "2026-06-03T09:15:23.363155", "user": "USER_007", "type": "email", "hour": 3, "external": true}
{"timestamp": "2026-06-03T09:15:23.363155", "user": "USER_007", "type": "email", "hour": 3, "external": true}
{"timestamp": "2026-06-03T09:15:23.363155", "user": "USER_007", "type": "email", "hour": 3, "external": true}
{"timestamp": "2026-06-03T09:15:23.363155", "user": "USER_007", "type": "email", "hour": 3, "external": true}
{"timestamp": "2026-06-03T09:15:23.363155", "user": "USER_007", "type": "email", "hour": 3, "external": true}
{"timestamp": "2026-06-03T09:15:23.363155", "user": "USER_007", "type": "email", "hour": 3, "external": true}
{"timestamp": "2026-06-03T09:15:24.364899", "user": "USER_013", "type": "device", "hour": 9, "action": "disconnect"}
{"timestamp": "2026-06-03T09:15:25.366413", "user": "USER_016", "type": "email", "hour": 9, "external": false}
{"timestamp": "2026-06-03T09:15:25.867125", "user": "USER_013", "type": "file", "hour": 9, "filename": "doc_151.xlsx"}
{"timestamp": "2026-06-03T09:15:26.368165", "user": "USER_005", "type": "file", "hour": 9, "filename": "doc_456.zip"}
{"timestamp": "2026-06-03T09:15:27.370248", "user": "USER_017", "type": "file", "hour": 9, "filename": "doc_174.zip"}
{"timestamp": "2026-06-03T09:15:27.871109", "user": "USER_006", "type": "file", "hour": 9, "filename": "doc_845.pdf"}
{"timestamp": "2026-06-03T09:15:28.372547", "user": "USER_001", "type": "email", "hour": 9, "external": false}
{"timestamp": "2026-06-03T09:15:28.874335", "user": "USER_020", "type": "email", "hour": 9, "external": true}
{"timestamp": "2026-06-03T09:15:29.375593", "user": "USER_010", "type": "file", "hour": 9, "filename": "doc_811.zip"}
{"timestamp": "2026-06-03T09:15:29.876963", "user": "USER_004", "type": "email", "hour": 9, "external": false}
{"timestamp": "2026-06-03T09:15:30.878301", "user": "USER_016", "type": "file", "hour": 9, "filename": "doc_995.exe"}
{"timestamp": "2026-06-03T09:15:31.379330", "user": "USER_017", "type": "email", "hour": 9, "external": false}
{"timestamp": "2026-06-03T09:15:31.880435", "user": "USER_013", "type": "email", "hour": 9, "external": true}
{"timestamp": "2026-06-03T09:15:32.381496", "user": "USER_012", "type": "file", "hour": 9, "filename": "doc_105.docx"}
{"timestamp": "2026-06-03T09:15:33.383258", "user": "USER_003", "type": "file", "hour": 9, "filename": "doc_508.xlsx"}
{"timestamp": "2026-06-03T09:15:34.384887", "user": "USER_017", "type": "email", "hour": 9, "external": false}
{"timestamp": "2026-06-03T09:15:34.885650", "user": "USER_001", "type": "device", "hour": 9, "action": "disconnect"}
{"timestamp": "2026-06-03T09:15:35.386576", "user": "USER_003", "type": "file", "hour": 9, "filename": "doc_897.zip"}
{"timestamp": "2026-06-03T09:15:35.887888", "user": "USER_002", "type": "file", "hour": 9, "filename": "doc_263.docx"}
{"timestamp": "2026-06-03T09:15:36.388593", "user": "USER_016", "type": "email", "hour": 9, "external": false}
{"timestamp": "2026-06-03T09:15:36.889822", "user": "USER_008", "type": "email", "hour": 9, "external": false}
{"timestamp": "2026-06-03T09:15:37.390883", "user": "USER_015", "type": "file", "hour": 9, "filename": "doc_431.xlsx"}
{"timestamp": "2026-06-03T09:15:37.892456", "user": "USER_014", "type": "email", "hour": 9, "external": true}
{"timestamp": "2026-06-03T09:15:38.393491", "user": "USER_007", "type": "email", "hour": 9, "external": false}
{"timestamp": "2026-06-03T09:15:38.894203", "user": "USER_010", "type": "file", "hour": 9, "filename": "doc_433.docx"}
{"timestamp": "2026-06-03T09:15:39.395286", "user": "USER_001", "type": "file", "hour": 9, "filename": "doc_501.zip"}
{"timestamp": "2026-06-03T09:15:39.896501", "user": "USER_012", "type": "file", "hour": 9, "filename": "doc_453.zip"}
{"timestamp": "2026-06-03T09:15:40.397450", "user": "USER_016", "type": "email", "hour": 9, "external": false}
{"timestamp": "2026-06-03T09:15:40.899049", "user": "USER_010", "type": "email", "hour": 9, "external": false}
{"timestamp": "2026-06-03T09:15:41.400470", "user": "USER_020", "type": "file", "hour": 9, "filename": "doc_988.xlsx"}
{"timestamp": "2026-06-03T09:15:41.901456", "user": "USER_012", "type": "email", "hour": 9, "external": false}
{"timestamp": "2026-06-03T09:15:42.402438", "user": "USER_003", "type": "device", "hour": 9, "action": "disconnect"}
{"timestamp": "2026-06-03T09:15:42.903687", "user": "USER_020", "type": "file", "hour": 9, "filename": "doc_311.docx"}
{"timestamp": "2026-06-03T09:15:43.404486", "user": "USER_006", "type": "email", "hour": 9, "external": false}
{"timestamp": "2026-06-03T09:15:44.406244", "user": "USER_011", "type": "logon", "hour": 9}
{"timestamp": "2026-06-03T09:15:44.907541", "user": "USER_004", "type": "email", "hour": 9, "external": false}
{"timestamp": "2026-06-03T09:15:45.408720", "user": "USER_002", "type": "email", "hour": 9, "external": true}
{"timestamp": "2026-06-03T09:15:45.909626", "user": "USER_019", "type": "email", "hour": 9, "external": false}
{"timestamp": "2026-06-03T09:15:46.410405", "user": "USER_007", "type": "email", "hour": 9, "external": true}
{"timestamp": "2026-06-03T09:15:46.911647", "user": "USER_014", "type": "file", "hour": 9, "filename": "doc_192.docx"}
{"timestamp": "2026-06-03T09:15:47.412988", "user": "USER_009", "type": "file", "hour": 9, "filename": "doc_129.docx"}
{"timestamp": "2026-06-03T09:15:47.915242", "user": "USER_009", "type": "device", "hour": 9, "action": "connect"}
{"timestamp": "2026-06-03T09:15:48.415961", "user": "USER_009", "type": "file", "hour": 9, "filename": "doc_267.zip"}
{"timestamp": "2026-06-03T09:15:49.417747", "user": "USER_010", "type": "logon", "hour": 9}
{"timestamp": "2026-06-03T09:15:49.919113", "user": "USER_004", "type": "file", "hour": 9, "filename": "doc_980.xlsx"}
{"timestamp": "2026-06-03T09:15:50.420350", "user": "USER_013", "type": "logon", "hour": 9}
{"timestamp": "2026-06-03T09:15:51.422525", "user": "USER_014", "type": "email", "hour": 9, "external": false}
{"timestamp": "2026-06-03T09:15:51.924039", "user": "USER_013", "type": "email", "hour": 9, "external": false}
{"timestamp": "2026-06-03T09:15:52.424864", "user": "USER_020", "type": "email", "hour": 9, "external": false}
{"timestamp": "2026-06-03T09:15:52.925978", "user": "USER_015", "type": "file", "hour": 9, "filename": "doc_890.exe"}
{"timestamp": "2026-06-03T09:15:53.426722", "user": "USER_011", "type": "email", "hour": 9, "external": false}
{"timestamp": "2026-06-03T09:15:53.927807", "user": "USER_015", "type": "email", "hour": 9, "external": false}
{"timestamp": "2026-06-03T09:15:54.428676", "user": "USER_013", "type": "email", "hour": 9, "external": false}
{"timestamp": "2026-06-03T09:15:54.929845", "user": "USER_010", "type": "file", "hour": 9, "filename": "doc_292.docx"}
{"timestamp": "2026-06-03T09:15:55.431349", "user": "USER_012", "type": "email", "hour": 9, "external": false}
{"timestamp": "2026-06-03T09:15:55.932395", "user": "USER_013", "type": "email", "hour": 9, "external": true}
{"timestamp": "2026-06-03T09:15:56.433245", "user": "USER_011", "type": "email", "hour": 9, "external": true}
{"timestamp": "2026-06-03T09:15:56.933841", "user": "USER_020", "type": "email", "hour": 9, "external": true}
{"timestamp": "2026-06-03T09:15:57.434367", "user": "USER_019", "type": "email", "hour": 9, "external": false}
{"timestamp": "2026-06-03T09:15:57.935858", "user": "USER_020", "type": "email", "hour": 9, "external": false}
{"timestamp": "2026-06-03T09:15:58.436882", "user": "USER_006", "type": "email", "hour": 9, "external": false}
{"timestamp": "2026-06-03T09:15:58.938017", "user": "USER_010", "type": "file", "hour": 9, "filename": "doc_980.zip"}
{"timestamp": "2026-06-03T09:15:59.439235", "user": "USER_013", "type": "file", "hour": 9, "filename": "doc_332.docx"}
{"timestamp": "2026-06-03T09:15:59.940901", "user": "USER_007", "type": "email", "hour": 9, "external": false}
{"timestamp": "2026-06-03T09:16:00.442016", "user": "USER_010", "type": "file", "hour": 9, "filename": "doc_980.docx"}
{"timestamp": "2026-06-03T09:16:00.942775", "user": "USER_012", "type": "email", "hour": 9, "external": false}
{"timestamp": "2026-06-03T09:16:01.443345", "user": "USER_008", "type": "file", "hour": 9, "filename": "doc_656.zip"}
{"timestamp": "2026-06-03T09:16:01.944306", "user": "USER_018", "type": "file", "hour": 9, "filename": "doc_767.xlsx"}
{"timestamp": "2026-06-03T09:16:02.945291", "user": "USER_016", "type": "email", "hour": 9, "external": false}
{"timestamp": "2026-06-03T09:16:03.446033", "user": "USER_019", "type": "file", "hour": 9, "filename": "doc_902.zip"}
{"timestamp": "2026-06-03T09:16:03.946911", "user": "USER_010", "type": "file", "hour": 9, "filename": "doc_167.docx"}
{"timestamp": "2026-06-03T09:16:04.447748", "user": "USER_009", "type": "file", "hour": 9, "filename": "doc_586.exe"}
{"timestamp": "2026-06-03T09:16:04.948478", "user": "USER_015", "type": "file", "hour": 9, "filename": "doc_257.docx"}
{"timestamp": "2026-06-03T09:16:05.449489", "user": "USER_005", "type": "email", "hour": 9, "external": false}
{"timestamp": "2026-06-03T09:16:05.950115", "user": "USER_009", "type": "device", "hour": 9, "action": "disconnect"}
{"timestamp": "2026-06-03T09:16:06.451036", "user": "USER_020", "type": "file", "hour": 9, "filename": "doc_481.pdf"}
{"timestamp": "2026-06-03T09:16:06.952092", "user": "USER_005", "type": "file", "hour": 9, "filename": "doc_928.exe"}
{"timestamp": "2026-06-03T09:16:07.453179", "user": "USER_003", "type": "device", "hour": 9, "action": "connect"}
{"timestamp": "2026-06-03T09:16:07.953914", "user": "USER_011", "type": "file", "hour": 9, "filename": "doc_956.xlsx"}
{"timestamp": "2026-06-03T09:16:08.454828", "user": "USER_011", "type": "email", "hour": 9, "external": true}
{"timestamp": "2026-06-03T09:16:09.456402", "user": "USER_004", "type": "file", "hour": 9, "filename": "doc_452.xlsx"}
{"timestamp": "2026-06-03T09:16:09.957297", "user": "USER_009", "type": "file", "hour": 9, "filename": "doc_171.xlsx"}
{"timestamp": "2026-06-03T09:16:10.958914", "user": "USER_014", "type": "file", "hour": 9, "filename": "doc_272.zip"}
{"timestamp": "2026-06-03T09:16:11.459890", "user": "USER_018", "type": "file", "hour": 9, "filename": "doc_588.exe"}
{"timestamp": "2026-06-03T09:16:11.960837", "user": "USER_006", "type": "logon", "hour": 9}
{"timestamp": "2026-06-03T09:16:12.961913", "user": "USER_004", "type": "file", "hour": 9, "filename": "doc_298.pdf"}
{"timestamp": "2026-06-03T09:16:13.462794", "user": "USER_020", "type": "logon", "hour": 9}
{"timestamp": "2026-06-03T09:16:14.464249", "user": "USER_013", "type": "file", "hour": 3, "filename": "sensitive_data_98.zip"}
{"timestamp": "2026-06-03T09:16:14.464249", "user": "USER_013", "type": "file", "hour": 3, "filename": "sensitive_data_90.zip"}
{"timestamp": "2026-06-03T09:16:14.464249", "user": "USER_013", "type": "file", "hour": 3, "filename": "sensitive_data_86.zip"}
{"timestamp": "2026-06-03T09:16:14.464249", "user": "USER_013", "type": "file", "hour": 3, "filename": "sensitive_data_15.zip"}
{"timestamp": "2026-06-03T09:16:14.464249", "user": "USER_013", "type": "file", "hour": 3, "filename": "sensitive_data_18.zip"}
{"timestamp": "2026-06-03T09:16:14.464249", "user": "USER_013", "type": "file", "hour": 3, "filename": "sensitive_data_30.zip"}
{"timestamp": "2026-06-03T09:16:14.464249", "user": "USER_013", "type": "file", "hour": 3, "filename": "sensitive_data_51.zip"}
{"timestamp": "2026-06-03T09:16:14.464249", "user": "USER_013", "type": "file", "hour": 3, "filename": "sensitive_data_53.zip"}
{"timestamp": "2026-06-03T09:16:14.464249", "user": "USER_013", "type": "file", "hour": 3, "filename": "sensitive_data_82.zip"}
{"timestamp": "2026-06-03T09:16:14.464249", "user": "USER_013", "type": "file", "hour": 3, "filename": "sensitive_data_30.zip"}
{"timestamp": "2026-06-03T09:16:14.464249", "user": "USER_013", "type": "file", "hour": 3, "filename": "sensitive_data_45.zip"}
{"timestamp": "2026-06-03T09:16:14.464249", "user": "USER_013", "type": "file", "hour": 3, "filename": "sensitive_data_28.zip"}
{"timestamp": "2026-06-03T09:16:14.464249", "user": "USER_013", "type": "file", "hour": 3, "filename": "sensitive_data_36.zip"}
{"timestamp": "2026-06-03T09:16:14.464249", "user": "USER_013", "type": "file", "hour": 3, "filename": "sensitive_data_95.zip"}
{"timestamp": "2026-06-03T09:16:14.464249", "user": "USER_013", "type": "file", "hour": 3, "filename": "sensitive_data_2.zip"}
{"timestamp": "2026-06-03T09:16:14.464249", "user": "USER_013", "type": "file", "hour": 3, "filename": "sensitive_data_98.zip"}
{"timestamp": "2026-06-03T09:16:14.464249", "user": "USER_013", "type": "file", "hour": 3, "filename": "sensitive_data_17.zip"}
{"timestamp": "2026-06-03T09:16:14.464249", "user": "USER_013", "type": "file", "hour": 3, "filename": "sensitive_data_26.zip"}
{"timestamp": "2026-06-03T09:16:14.464249", "user": "USER_013", "type": "file", "hour": 3, "filename": "sensitive_data_67.zip"}
{"timestamp": "2026-06-03T09:16:14.464249", "user": "USER_013", "type": "file", "hour": 3, "filename": "sensitive_data_93.zip"}
{"timestamp": "2026-06-03T09:16:14.464249", "user": "USER_013", "type": "file", "hour": 3, "filename": "sensitive_data_93.zip"}
{"timestamp": "2026-06-03T09:16:14.464249", "user": "USER_013", "type": "file", "hour": 3, "filename": "sensitive_data_91.zip"}
{"timestamp": "2026-06-03T09:16:14.464249", "user": "USER_013", "type": "file", "hour": 3, "filename": "sensitive_data_84.zip"}
{"timestamp": "2026-06-03T09:16:14.464249", "user": "USER_013", "type": "file", "hour": 3, "filename": "sensitive_data_86.zip"}
{"timestamp": "2026-06-03T09:16:14.464249", "user": "USER_013", "type": "file", "hour": 3, "filename": "sensitive_data_45.zip"}
{"timestamp": "2026-06-03T09:16:14.464249", "user": "USER_013", "type": "file", "hour": 3, "filename": "sensitive_data_51.zip"}
{"timestamp": "2026-06-03T09:16:14.464249", "user": "USER_013", "type": "file", "hour": 3, "filename": "sensitive_data_70.zip"}
{"timestamp": "2026-06-03T09:16:14.464249", "user": "USER_013", "type": "file", "hour": 3, "filename": "sensitive_data_66.zip"}
{"timestamp": "2026-06-03T09:16:14.464249", "user": "USER_013", "type": "file", "hour": 3, "filename": "sensitive_data_49.zip"}
{"timestamp": "2026-06-03T09:16:14.464249", "user": "USER_013", "type": "file", "hour": 3, "filename": "sensitive_data_50.zip"}
{"timestamp": "2026-06-03T09:16:14.464249", "user": "USER_013", "type": "file", "hour": 3, "filename": "sensitive_data_77.zip"}
{"timestamp": "2026-06-03T09:16:14.464249", "user": "USER_013", "type": "file", "hour": 3, "filename": "sensitive_data_95.zip"}
{"timestamp": "2026-06-03T09:16:14.464249", "user": "USER_013", "type": "file", "hour": 3, "filename": "sensitive_data_45.zip"}
{"timestamp": "2026-06-03T09:16:14.464249", "user": "USER_013", "type": "file", "hour": 3, "filename": "sensitive_data_66.zip"}
{"timestamp": "2026-06-03T09:16:14.464249", "user": "USER_013", "type": "file", "hour": 3, "filename": "sensitive_data_8.zip"}
{"timestamp": "2026-06-03T09:16:14.464249", "user": "USER_013", "type": "file", "hour": 3, "filename": "sensitive_data_88.zip"}
{"timestamp": "2026-06-03T09:16:14.464249", "user": "USER_013", "type": "file", "hour": 3, "filename": "sensitive_data_33.zip"}
{"timestamp": "2026-06-03T09:16:14.464249", "user": "USER_013", "type": "file", "hour": 3, "filename": "sensitive_data_59.zip"}
{"timestamp": "2026-06-03T09:16:14.464249", "user": "USER_013", "type": "email", "hour": 3, "external": true}
{"timestamp": "2026-06-03T09:16:14.464249", "user": "USER_013", "type": "email", "hour": 3, "external": true}
{"timestamp": "2026-06-03T09:16:14.464249", "user": "USER_013", "type": "email", "hour": 3, "external": true}
{"timestamp": "2026-06-03T09:16:14.464249", "user": "USER_013", "type": "email", "hour": 3, "external": true}
{"timestamp": "2026-06-03T09:16:14.464249", "user": "USER_013", "type": "email", "hour": 3, "external": true}
{"timestamp": "2026-06-03T09:16:14.464249", "user": "USER_013", "type": "email", "hour": 3, "external": true}
{"timestamp": "2026-06-03T09:16:14.464249", "user": "USER_013", "type": "email", "hour": 3, "external": true}
{"timestamp": "2026-06-03T09:16:14.464249", "user": "USER_013", "type": "email", "hour": 3, "external": true}
{"timestamp": "2026-06-03T09:16:14.464249", "user": "USER_013", "type": "email", "hour": 3, "external": true}
{"timestamp": "2026-06-03T09:16:14.464249", "user": "USER_013", "type": "email", "hour": 3, "external": true}
{"timestamp": "2026-06-03T09:16:14.464249", "user": "USER_013", "type": "email", "hour": 3, "external": true}
{"timestamp": "2026-06-03T09:16:14.464249", "user": "USER_013", "type": "email", "hour": 3, "external": true}
{"timestamp": "2026-06-03T09:16:14.464249", "user": "USER_013", "type": "email", "hour": 3, "external": true}
{"timestamp": "2026-06-03T09:16:14.464249", "user": "USER_013", "type": "email", "hour": 3, "external": true}
{"timestamp": "2026-06-03T09:16:14.464249", "user": "USER_013", "type": "email", "hour": 3, "external": true}
{"timestamp": "2026-06-03T09:16:14.464249", "user": "USER_013", "type": "email", "hour": 3, "external": true}
{"timestamp": "2026-06-03T09:16:14.464249", "user": "USER_013", "type": "email", "hour": 3, "external": true}
{"timestamp": "2026-06-03T09:16:14.464249", "user": "USER_013", "type": "email", "hour": 3, "external": true}
{"timestamp": "2026-06-03T09:16:14.464249", "user": "USER_013", "type": "email", "hour": 3, "external": true}
{"timestamp": "2026-06-03T09:16:14.464249", "user": "USER_013", "type": "email", "hour": 3, "external": true}
{"timestamp": "2026-06-03T09:16:14.965442", "user": "USER_017", "type": "logon", "hour": 9}
{"timestamp": "2026-06-03T09:16:15.966432", "user": "USER_001", "type": "file", "hour": 9, "filename": "doc_195.xlsx"}
{"timestamp": "2026-06-03T09:16:16.467421", "user": "USER_013", "type": "email", "hour": 9, "external": false}
{"timestamp": "2026-06-03T09:16:16.968429", "user": "USER_011", "type": "file", "hour": 9, "filename": "doc_983.zip"}
{"timestamp": "2026-06-03T09:16:17.469458", "user": "USER_015", "type": "email", "hour": 9, "external": false}
{"timestamp": "2026-06-03T09:16:17.970290", "user": "USER_015", "type": "logon", "hour": 9}
