{"timestamp": "2026-06-03T08:45:38.988376", "user": "USER_014", "type": "email", "hour": 8, "external": false}
{"timestamp": "2026-06-03T08:45:39.989669", "user": "USER_002", "type": "logon", "hour": 8}
{"timestamp": "2026-06-03T08:45:40.490652", "user": "USER_012", "type": "file", "hour": 8, "filename": "doc_797.exe"}
{"timestamp": "2026-06-03T08:45:40.991322", "user": "USER_007", "type": "logon", "hour": 8}
{"timestamp": "2026-06-03T08:45:41.492258", "user": "USER_015", "type": "file", "hour": 8, "filename": "doc_983.docx"}
{"timestamp": "2026-06-03T08:45:42.493669", "user": "USER_014", "type": "file", "hour": 8, "filename": "doc_650.exe"}
{"timestamp": "2026-06-03T08:45:42.994820", "user": "USER_011", "type": "email", "hour": 8, "external": false}
{"timestamp": "2026-06-03T08:45:43.496463", "user": "USER_013", "type": "email", "hour": 8, "external": false}
{"timestamp": "2026-06-03T08:45:44.499945", "user": "USER_015", "type": "file", "hour": 8, "filename": "doc_874.zip"}
{"timestamp": "2026-06-03T08:45:45.001579", "user": "USER_015", "type": "file", "hour": 8, "filename": "doc_623.docx"}
{"timestamp": "2026-06-03T08:45:45.503663", "user": "USER_001", "type": "logon", "hour": 8}
{"timestamp": "2026-06-03T08:45:46.004917", "user": "USER_003", "type": "file", "hour": 8, "filename": "doc_180.docx"}
{"timestamp": "2026-06-03T08:45:47.507044", "user": "USER_001", "type": "logon", "hour": 8}
{"timestamp": "2026-06-03T08:45:48.008115", "user": "USER_019", "type": "file", "hour": 8, "filename": "doc_389.exe"}
{"timestamp": "2026-06-03T08:45:48.508851", "user": "USER_015", "type": "file", "hour": 8, "filename": "doc_759.docx"}
{"timestamp": "2026-06-03T08:45:49.009681", "user": "USER_003", "type": "device", "hour": 8, "action": "connect"}
{"timestamp": "2026-06-03T08:45:50.011125", "user": "USER_018", "type": "file", "hour": 8, "filename": "doc_647.pdf"}
{"timestamp": "2026-06-03T08:45:51.012525", "user": "USER_002", "type": "email", "hour": 8, "external": false}
{"timestamp": "2026-06-03T08:45:51.012773", "user": "USER_016", "type": "file", "hour": 3, "filename": "sensitive_data_17.zip"}
{"timestamp": "2026-06-03T08:45:51.012773", "user": "USER_016", "type": "file", "hour": 3, "filename": "sensitive_data_41.zip"}
{"timestamp": "2026-06-03T08:45:51.012773", "user": "USER_016", "type": "file", "hour": 3, "filename": "sensitive_data_13.zip"}
{"timestamp": "2026-06-03T08:45:51.012773", "user": "USER_016", "type": "file", "hour": 3, "filename": "sensitive_data_11.zip"}
{"timestamp": "2026-06-03T08:45:51.012773", "user": "USER_016", "type": "file", "hour": 3, "filename": "sensitive_data_21.zip"}
{"timestamp": "2026-06-03T08:45:51.012773", "user": "USER_016", "type": "file", "hour": 3, "filename": "sensitive_data_69.zip"}
{"timestamp": "2026-06-03T08:45:51.012773", "user": "USER_016", "type": "file", "hour": 3, "filename": "sensitive_data_55.zip"}
{"timestamp": "2026-06-03T08:45:51.012773", "user": "USER_016", "type": "file", "hour": 3, "filename": "sensitive_data_17.zip"}
{"timestamp": "2026-06-03T08:45:51.012773", "user": "USER_016", "type": "file", "hour": 3, "filename": "sensitive_data_21.zip"}
{"timestamp": "2026-06-03T08:45:51.012773", "user": "USER_016", "type": "file", "hour": 3, "filename": "sensitive_data_41.zip"}
{"timestamp": "2026-06-03T08:45:51.012773", "user": "USER_016", "type": "file", "hour": 3, "filename": "sensitive_data_87.zip"}
{"timestamp": "2026-06-03T08:45:51.012773", "user": "USER_016", "type": "file", "hour": 3, "filename": "sensitive_data_57.zip"}
{"timestamp": "2026-06-03T08:45:51.012773", "user": "USER_016", "type": "file", "hour": 3, "filename": "sensitive_data_68.zip"}
{"timestamp": "2026-06-03T08:45:51.012773", "user": "USER_016", "type": "file", "hour": 3, "filename": "sensitive_data_90.zip"}
{"timestamp": "2026-06-03T08:45:51.012773", "user": "USER_016", "type": "file", "hour": 3, "filename": "sensitive_data_34.zip"}
{"timestamp": "2026-06-03T08:45:51.012773", "user": "USER_016", "type": "file", "hour": 3, "filename": "sensitive_data_58.zip"}
{"timestamp": "2026-06-03T08:45:51.012773", "user": "USER_016", "type": "file", "hour": 3, "filename": "sensitive_data_30.zip"}
{"timestamp": "2026-06-03T08:45:51.012773", "user": "USER_016", "type": "file", "hour": 3, "filename": "sensitive_data_41.zip"}
{"timestamp": "2026-06-03T08:45:51.012773", "user": "USER_016", "type": "file", "hour": 3, "filename": "sensitive_data_80.zip"}
{"timestamp": "2026-06-03T08:45:51.012773", "user": "USER_016", "type": "file", "hour": 3, "filename": "sensitive_data_40.zip"}
{"timestamp": "2026-06-03T08:45:51.012773", "user": "USER_016", "type": "file", "hour": 3, "filename": "sensitive_data_59.zip"}
{"timestamp": "2026-06-03T08:45:51.012773", "user": "USER_016", "type": "file", "hour": 3, "filename": "sensitive_data_82.zip"}
{"timestamp": "2026-06-03T08:45:51.012773", "user": "USER_016", "type": "file", "hour": 3, "filename": "sensitive_data_76.zip"}
{"timestamp": "2026-06-03T08:45:51.012773", "user": "USER_016", "type": "file", "hour": 3, "filename": "sensitive_data_85.zip"}
{"timestamp": "2026-06-03T08:45:51.012773", "user": "USER_016", "type": "file", "hour": 3, "filename": "sensitive_data_36.zip"}
{"timestamp": "2026-06-03T08:45:51.012773", "user": "USER_016", "type": "file", "hour": 3, "filename": "sensitive_data_18.zip"}
{"timestamp": "2026-06-03T08:45:51.012773", "user": "USER_016", "type": "file", "hour": 3, "filename": "sensitive_data_28.zip"}
{"timestamp": "2026-06-03T08:45:51.012773", "user": "USER_016", "type": "file", "hour": 3, "filename": "sensitive_data_100.zip"}
{"timestamp": "2026-06-03T08:45:51.012773", "user": "USER_016", "type": "file", "hour": 3, "filename": "sensitive_data_66.zip"}
{"timestamp": "2026-06-03T08:45:51.012773", "user": "USER_016", "type": "file", "hour": 3, "filename": "sensitive_data_35.zip"}
{"timestamp": "2026-06-03T08:45:51.012773", "user": "USER_016", "type": "file", "hour": 3, "filename": "sensitive_data_59.zip"}
{"timestamp": "2026-06-03T08:45:51.012773", "user": "USER_016", "type": "file", "hour": 3, "filename": "sensitive_data_72.zip"}
{"timestamp": "2026-06-03T08:45:51.012773", "user": "USER_016", "type": "file", "hour": 3, "filename": "sensitive_data_27.zip"}
{"timestamp": "2026-06-03T08:45:51.012773", "user": "USER_016", "type": "file", "hour": 3, "filename": "sensitive_data_38.zip"}
{"timestamp": "2026-06-03T08:45:51.012773", "user": "USER_016", "type": "file", "hour": 3, "filename": "sensitive_data_4.zip"}
{"timestamp": "2026-06-03T08:45:51.012773", "user": "USER_016", "type": "file", "hour": 3, "filename": "sensitive_data_94.zip"}
{"timestamp": "2026-06-03T08:45:51.012773", "user": "USER_016", "type": "file", "hour": 3, "filename": "sensitive_data_49.zip"}
{"timestamp": "2026-06-03T08:45:51.012773", "user": "USER_016", "type": "file", "hour": 3, "filename": "sensitive_data_35.zip"}
{"timestamp": "2026-06-03T08:45:51.012773", "user": "USER_016", "type": "file", "hour": 3, "filename": "sensitive_data_44.zip"}
{"timestamp": "2026-06-03T08:45:51.012773", "user": "USER_016", "type": "file", "hour": 3, "filename": "sensitive_data_55.zip"}
{"timestamp": "2026-06-03T08:45:51.012773", "user": "USER_016", "type": "email", "hour": 3, "external": true}
{"timestamp": "2026-06-03T08:45:51.012773", "user": "USER_016", "type": "email", "hour": 3, "external": true}
{"timestamp": "2026-06-03T08:45:51.012773", "user": "USER_016", "type": "email", "hour": 3, "external": true}
{"timestamp": "2026-06-03T08:45:51.012773", "user": "USER_016", "type": "email", "hour": 3, "external": true}
{"timestamp": "2026-06-03T08:45:51.012773", "user": "USER_016", "type": "email", "hour": 3, "external": true}
{"timestamp": "2026-06-03T08:45:51.012773", "user": "USER_016", "type": "email", "hour": 3, "external": true}
{"timestamp": "2026-06-03T08:45:51.012773", "user": "USER_016", "type": "email", "hour": 3, "external": true}
{"timestamp": "2026-06-03T08:45:51.012773", "user": "USER_016", "type": "email", "hour": 3, "external": true}
{"timestamp": "2026-06-03T08:45:51.012773", "user": "USER_016", "type": "email", "hour": 3, "external": true}
{"timestamp": "2026-06-03T08:45:51.012773", "user": "USER_016", "type": "email", "hour": 3, "external": true}
{"timestamp": "2026-06-03T08:45:51.012773", "user": "USER_016", "type": "email", "hour": 3, "external": true}
{"timestamp": "2026-06-03T08:45:51.012773", "user": "USER_016", "type": "email", "hour": 3, "external": true}
{"timestamp": "2026-06-03T08:45:51.012773", "user": "USER_016", "type": "email", "hour": 3, "external": true}
{"timestamp": "2026-06-03T08:45:51.012773", "user": "USER_016", "type": "email", "hour": 3, "external": true}
{"timestamp": "2026-06-03T08:45:51.513902", "user": "USER_008", "type": "email", "hour": 8, "external": false}
{"timestamp": "2026-06-03T08:45:52.015227", "user": "USER_018", "type": "file", "hour": 8, "filename": "doc_731.zip"}
{"timestamp": "2026-06-03T08:45:52.517197", "user": "USER_020", "type": "file", "hour": 8, "filename": "doc_436.zip"}
{"timestamp": "2026-06-03T08:45:53.018519", "user": "USER_010", "type": "file", "hour": 8, "filename": "doc_833.docx"}
{"timestamp": "2026-06-03T08:45:53.519489", "user": "USER_013", "type": "file", "hour": 8, "filename": "doc_284.pdf"}
{"timestamp": "2026-06-03T08:45:54.020746", "user": "USER_012", "type": "file", "hour": 8, "filename": "doc_719.docx"}
{"timestamp": "2026-06-03T08:45:55.023158", "user": "USER_017", "type": "email", "hour": 8, "external": false}
{"timestamp": "2026-06-03T08:45:55.524298", "user": "USER_013", "type": "file", "hour": 8, "filename": "doc_570.docx"}
{"timestamp": "2026-06-03T08:45:56.025609", "user": "USER_020", "type": "file", "hour": 8, "filename": "doc_909.zip"}
{"timestamp": "2026-06-03T08:45:56.526469", "user": "USER_001", "type": "device", "hour": 8, "action": "disconnect"}
{"timestamp": "2026-06-03T08:45:57.027423", "user": "USER_014", "type": "email", "hour": 8, "external": false}
{"timestamp": "2026-06-03T08:45:57.528659", "user": "USER_015", "type": "file", "hour": 8, "filename": "doc_896.zip"}
{"timestamp": "2026-06-03T08:45:58.029938", "user": "USER_017", "type": "email", "hour": 8, "external": false}
{"timestamp": "2026-06-03T08:45:58.531069", "user": "USER_004", "type": "file", "hour": 8, "filename": "doc_667.docx"}
{"timestamp": "2026-06-03T08:45:59.033348", "user": "USER_004", "type": "file", "hour": 8, "filename": "doc_450.docx"}
{"timestamp": "2026-06-03T08:45:59.535045", "user": "USER_003", "type": "logon", "hour": 8}
{"timestamp": "2026-06-03T08:46:01.038405", "user": "USER_017", "type": "email", "hour": 8, "external": false}
{"timestamp": "2026-06-03T08:46:01.540154", "user": "USER_005", "type": "email", "hour": 8, "external": false}
{"timestamp": "2026-06-03T08:46:02.542166", "user": "USER_004", "type": "email", "hour": 8, "external": false}
{"timestamp": "2026-06-03T08:46:03.043256", "user": "USER_011", "type": "file", "hour": 8, "filename": "doc_155.zip"}
{"timestamp": "2026-06-03T08:46:04.045107", "user": "USER_002", "type": "email", "hour": 8, "external": false}
{"timestamp": "2026-06-03T08:46:04.546068", "user": "USER_015", "type": "file", "hour": 8, "filename": "doc_866.pdf"}
{"timestamp": "2026-06-03T08:46:05.047630", "user": "USER_005", "type": "logon", "hour": 8}
{"timestamp": "2026-06-03T08:46:05.549916", "user": "USER_006", "type": "file", "hour": 8, "filename": "doc_840.pdf"}
{"timestamp": "2026-06-03T08:46:06.552642", "user": "USER_010", "type": "email", "hour": 8, "external": false}
{"timestamp": "2026-06-03T08:46:07.054180", "user": "USER_013", "type": "email", "hour": 8, "external": false}
{"timestamp": "2026-06-03T08:46:07.555680", "user": "USER_001", "type": "file", "hour": 8, "filename": "doc_465.pdf"}
{"timestamp": "2026-06-03T08:46:08.057003", "user": "USER_012", "type": "logon", "hour": 8}
{"timestamp": "2026-06-03T08:46:08.558416", "user": "USER_007", "type": "file", "hour": 8, "filename": "doc_172.exe"}
{"timestamp": "2026-06-03T08:46:09.059469", "user": "USER_016", "type": "logon", "hour": 8}
{"timestamp": "2026-06-03T08:46:09.560526", "user": "USER_010", "type": "file", "hour": 8, "filename": "doc_792.exe"}
{"timestamp": "2026-06-03T08:46:10.061425", "user": "USER_020", "type": "file", "hour": 8, "filename": "doc_434.pdf"}
{"timestamp": "2026-06-03T08:46:11.063086", "user": "USER_011", "type": "file", "hour": 8, "filename": "doc_243.exe"}
{"timestamp": "2026-06-03T08:46:11.564251", "user": "USER_002", "type": "device", "hour": 8, "action": "connect"}
{"timestamp": "2026-06-03T08:46:12.065270", "user": "USER_002", "type": "email", "hour": 8, "external": true}
{"timestamp": "2026-06-03T08:46:12.566150", "user": "USER_010", "type": "file", "hour": 8, "filename": "doc_840.pdf"}
{"timestamp": "2026-06-03T08:46:13.066704", "user": "USER_004", "type": "file", "hour": 8, "filename": "doc_449.exe"}
{"timestamp": "2026-06-03T08:46:14.068586", "user": "USER_002", "type": "email", "hour": 8, "external": false}
{"timestamp": "2026-06-03T08:46:14.569644", "user": "USER_016", "type": "file", "hour": 8, "filename": "doc_281.docx"}
{"timestamp": "2026-06-03T08:46:15.070728", "user": "USER_013", "type": "file", "hour": 8, "filename": "doc_448.pdf"}
{"timestamp": "2026-06-03T08:46:15.571828", "user": "USER_010", "type": "logon", "hour": 8}
{"timestamp": "2026-06-03T08:46:16.073324", "user": "USER_011", "type": "email", "hour": 8, "external": false}
{"timestamp": "2026-06-03T08:46:16.574399", "user": "USER_003", "type": "email", "hour": 8, "external": false}
{"timestamp": "2026-06-03T08:46:17.075399", "user": "USER_010", "type": "email", "hour": 8, "external": false}
{"timestamp": "2026-06-03T08:46:17.576396", "user": "USER_001", "type": "email", "hour": 8, "external": false}
{"timestamp": "2026-06-03T08:46:18.077378", "user": "USER_018", "type": "logon", "hour": 8}
{"timestamp": "2026-06-03T08:46:18.578532", "user": "USER_017", "type": "file", "hour": 8, "filename": "doc_490.zip"}
{"timestamp": "2026-06-03T08:46:19.079393", "user": "USER_008", "type": "email", "hour": 8, "external": false}
{"timestamp": "2026-06-03T08:46:19.580885", "user": "USER_011", "type": "file", "hour": 8, "filename": "doc_592.zip"}
{"timestamp": "2026-06-03T08:46:20.584192", "user": "USER_007", "type": "file", "hour": 8, "filename": "doc_474.exe"}
{"timestamp": "2026-06-03T08:46:21.086350", "user": "USER_014", "type": "email", "hour": 8, "external": false}
{"timestamp": "2026-06-03T08:46:21.589180", "user": "USER_009", "type": "email", "hour": 8, "external": false}
{"timestamp": "2026-06-03T08:46:22.090890", "user": "USER_020", "type": "file", "hour": 8, "filename": "doc_846.zip"}
{"timestamp": "2026-06-03T08:46:22.592055", "user": "USER_002", "type": "file", "hour": 8, "filename": "doc_477.zip"}
{"timestamp": "2026-06-03T08:46:23.093206", "user": "USER_013", "type": "email", "hour": 8, "external": false}
{"timestamp": "2026-06-03T08:46:23.594561", "user": "USER_020", "type": "email", "hour": 8, "external": false}
{"timestamp": "2026-06-03T08:46:24.095860", "user": "USER_008", "type": "file", "hour": 8, "filename": "doc_980.xlsx"}
{"timestamp": "2026-06-03T08:46:24.596979", "user": "USER_001", "type": "file", "hour": 8, "filename": "doc_345.pdf"}
{"timestamp": "2026-06-03T08:46:25.599521", "user": "USER_006", "type": "logon", "hour": 8}
{"timestamp": "2026-06-03T08:46:26.101310", "user": "USER_002", "type": "file", "hour": 8, "filename": "doc_917.docx"}
{"timestamp": "2026-06-03T08:46:27.104126", "user": "USER_012", "type": "email", "hour": 8, "external": false}
{"timestamp": "2026-06-03T08:46:27.605306", "user": "USER_018", "type": "device", "hour": 8, "action": "disconnect"}
{"timestamp": "2026-06-03T08:46:28.106630", "user": "USER_001", "type": "email", "hour": 8, "external": false}
{"timestamp": "2026-06-03T08:46:28.609289", "user": "USER_007", "type": "logon", "hour": 8}
{"timestamp": "2026-06-03T08:46:29.110568", "user": "USER_013", "type": "email", "hour": 8, "external": false}
{"timestamp": "2026-06-03T08:46:29.611422", "user": "USER_011", "type": "email", "hour": 8, "external": false}
{"timestamp": "2026-06-03T08:46:30.112010", "user": "USER_007", "type": "logon", "hour": 8}
{"timestamp": "2026-06-03T08:46:30.612554", "user": "USER_002", "type": "file", "hour": 8, "filename": "doc_461.pdf"}
{"timestamp": "2026-06-03T08:46:31.113285", "user": "USER_007", "type": "email", "hour": 8, "external": false}
{"timestamp": "2026-06-03T08:46:31.614371", "user": "USER_012", "type": "device", "hour": 8, "action": "connect"}
{"timestamp": "2026-06-03T08:46:32.616528", "user": "USER_004", "type": "email", "hour": 8, "external": false}
{"timestamp": "2026-06-03T08:46:33.618303", "user": "USER_003", "type": "email", "hour": 8, "external": true}
{"timestamp": "2026-06-03T08:46:34.119888", "user": "USER_003", "type": "email", "hour": 8, "external": true}
{"timestamp": "2026-06-03T08:46:34.621010", "user": "USER_020", "type": "file", "hour": 8, "filename": "doc_473.docx"}
{"timestamp": "2026-06-03T08:46:35.121922", "user": "USER_009", "type": "logon", "hour": 8}
{"timestamp": "2026-06-03T08:46:35.622956", "user": "USER_011", "type": "file", "hour": 8, "filename": "doc_683.docx"}
{"timestamp": "2026-06-03T08:46:37.125199", "user": "USER_002", "type": "file", "hour": 8, "filename": "doc_747.exe"}
{"timestamp": "2026-06-03T08:46:37.626018", "user": "USER_018", "type": "file", "hour": 8, "filename": "doc_665.xlsx"}
{"timestamp": "2026-06-03T08:46:38.627851", "user": "USER_010", "type": "file", "hour": 8, "filename": "doc_506.docx"}
{"timestamp": "2026-06-03T08:46:38.628154", "user": "USER_018", "type": "file", "hour": 3, "filename": "sensitive_data_42.zip"}
{"timestamp": "2026-06-03T08:46:38.628154", "user": "USER_018", "type": "file", "hour": 3, "filename": "sensitive_data_48.zip"}
{"timestamp": "2026-06-03T08:46:38.628154", "user": "USER_018", "type": "file", "hour": 3, "filename": "sensitive_data_89.zip"}
{"timestamp": "2026-06-03T08:46:38.628154", "user": "USER_018", "type": "file", "hour": 3, "filename": "sensitive_data_79.zip"}
{"timestamp": "2026-06-03T08:46:38.628154", "user": "USER_018", "type": "file", "hour": 3, "filename": "sensitive_data_70.zip"}
{"timestamp": "2026-06-03T08:46:38.628154", "user": "USER_018", "type": "file", "hour": 3, "filename": "sensitive_data_62.zip"}
{"timestamp": "2026-06-03T08:46:38.628154", "user": "USER_018", "type": "file", "hour": 3, "filename": "sensitive_data_85.zip"}
{"timestamp": "2026-06-03T08:46:38.628154", "user": "USER_018", "type": "file", "hour": 3, "filename": "sensitive_data_50.zip"}
{"timestamp": "2026-06-03T08:46:38.628154", "user": "USER_018", "type": "file", "hour": 3, "filename": "sensitive_data_92.zip"}
{"timestamp": "2026-06-03T08:46:38.628154", "user": "USER_018", "type": "file", "hour": 3, "filename": "sensitive_data_96.zip"}
{"timestamp": "2026-06-03T08:46:38.628154", "user": "USER_018", "type": "file", "hour": 3, "filename": "sensitive_data_83.zip"}
{"timestamp": "2026-06-03T08:46:38.628154", "user": "USER_018", "type": "file", "hour": 3, "filename": "sensitive_data_4.zip"}
{"timestamp": "2026-06-03T08:46:38.628154", "user": "USER_018", "type": "file", "hour": 3, "filename": "sensitive_data_48.zip"}
{"timestamp": "2026-06-03T08:46:38.628154", "user": "USER_018", "type": "file", "hour": 3, "filename": "sensitive_data_61.zip"}
{"timestamp": "2026-06-03T08:46:38.628154", "user": "USER_018", "type": "file", "hour": 3, "filename": "sensitive_data_82.zip"}
{"timestamp": "2026-06-03T08:46:38.628154", "user": "USER_018", "type": "file", "hour": 3, "filename": "sensitive_data_11.zip"}
{"timestamp": "2026-06-03T08:46:38.628154", "user": "USER_018", "type": "file", "hour": 3, "filename": "sensitive_data_97.zip"}
{"timestamp": "2026-06-03T08:46:38.628154", "user": "USER_018", "type": "file", "hour": 3, "filename": "sensitive_data_85.zip"}
{"timestamp": "2026-06-03T08:46:38.628154", "user": "USER_018", "type": "file", "hour": 3, "filename": "sensitive_data_81.zip"}
{"timestamp": "2026-06-03T08:46:38.628154", "user": "USER_018", "type": "file", "hour": 3, "filename": "sensitive_data_58.zip"}
{"timestamp": "2026-06-03T08:46:38.628154", "user": "USER_018", "type": "file", "hour": 3, "filename": "sensitive_data_84.zip"}
{"timestamp": "2026-06-03T08:46:38.628154", "user": "USER_018", "type": "file", "hour": 3, "filename": "sensitive_data_2.zip"}
{"timestamp": "2026-06-03T08:46:38.628154", "user": "USER_018", "type": "file", "hour": 3, "filename": "sensitive_data_10.zip"}
{"timestamp": "2026-06-03T08:46:38.628154", "user": "USER_018", "type": "file", "hour": 3, "filename": "sensitive_data_47.zip"}
{"timestamp": "2026-06-03T08:46:38.628154", "user": "USER_018", "type": "file", "hour": 3, "filename": "sensitive_data_83.zip"}
{"timestamp": "2026-06-03T08:46:38.628154", "user": "USER_018", "type": "file", "hour": 3, "filename": "sensitive_data_14.zip"}
{"timestamp": "2026-06-03T08:46:38.628154", "user": "USER_018", "type": "file", "hour": 3, "filename": "sensitive_data_14.zip"}
{"timestamp": "2026-06-03T08:46:38.628154", "user": "USER_018", "type": "file", "hour": 3, "filename": "sensitive_data_23.zip"}
{"timestamp": "2026-06-03T08:46:38.628154", "user": "USER_018", "type": "file", "hour": 3, "filename": "sensitive_data_51.zip"}
{"timestamp": "2026-06-03T08:46:38.628154", "user": "USER_018", "type": "file", "hour": 3, "filename": "sensitive_data_5.zip"}
{"timestamp": "2026-06-03T08:46:38.628154", "user": "USER_018", "type": "file", "hour": 3, "filename": "sensitive_data_6.zip"}
{"timestamp": "2026-06-03T08:46:38.628154", "user": "USER_018", "type": "file", "hour": 3, "filename": "sensitive_data_86.zip"}
{"timestamp": "2026-06-03T08:46:38.628154", "user": "USER_018", "type": "file", "hour": 3, "filename": "sensitive_data_100.zip"}
{"timestamp": "2026-06-03T08:46:38.628154", "user": "USER_018", "type": "file", "hour": 3, "filename": "sensitive_data_64.zip"}
{"timestamp": "2026-06-03T08:46:38.628154", "user": "USER_018", "type": "file", "hour": 3, "filename": "sensitive_data_53.zip"}
{"timestamp": "2026-06-03T08:46:38.628154", "user": "USER_018", "type": "file", "hour": 3, "filename": "sensitive_data_48.zip"}
{"timestamp": "2026-06-03T08:46:38.628154", "user": "USER_018", "type": "file", "hour": 3, "filename": "sensitive_data_59.zip"}
{"timestamp": "2026-06-03T08:46:38.628154", "user": "USER_018", "type": "file", "hour": 3, "filename": "sensitive_data_61.zip"}
{"timestamp": "2026-06-03T08:46:38.628154", "user": "USER_018", "type": "file", "hour": 3, "filename": "sensitive_data_22.zip"}
{"timestamp": "2026-06-03T08:46:38.628154", "user": "USER_018", "type": "file", "hour": 3, "filename": "sensitive_data_67.zip"}
{"timestamp": "2026-06-03T08:46:38.628154", "user": "USER_018", "type": "file", "hour": 3, "filename": "sensitive_data_50.zip"}
{"timestamp": "2026-06-03T08:46:38.628154", "user": "USER_018", "type": "file", "hour": 3, "filename": "sensitive_data_53.zip"}
{"timestamp": "2026-06-03T08:46:38.628154", "user": "USER_018", "type": "file", "hour": 3, "filename": "sensitive_data_48.zip"}
{"timestamp": "2026-06-03T08:46:38.628154", "user": "USER_018", "type": "file", "hour": 3, "filename": "sensitive_data_56.zip"}
{"timestamp": "2026-06-03T08:46:38.628154", "user": "USER_018", "type": "file", "hour": 3, "filename": "sensitive_data_6.zip"}
{"timestamp": "2026-06-03T08:46:38.628154", "user": "USER_018", "type": "file", "hour": 3, "filename": "sensitive_data_89.zip"}
{"timestamp": "2026-06-03T08:46:38.628154", "user": "USER_018", "type": "file", "hour": 3, "filename": "sensitive_data_57.zip"}
{"timestamp": "2026-06-03T08:46:38.628154", "user": "USER_018", "type": "file", "hour": 3, "filename": "sensitive_data_67.zip"}
{"timestamp": "2026-06-03T08:46:38.628154", "user": "USER_018", "type": "email", "hour": 3, "external": true}
{"timestamp": "2026-06-03T08:46:38.628154", "user": "USER_018", "type": "email", "hour": 3, "external": true}
{"timestamp": "2026-06-03T08:46:38.628154", "user": "USER_018", "type": "email", "hour": 3, "external": true}
{"timestamp": "2026-06-03T08:46:38.628154", "user": "USER_018", "type": "email", "hour": 3, "external": true}
{"timestamp": "2026-06-03T08:46:38.628154", "user": "USER_018", "type": "email", "hour": 3, "external": true}
{"timestamp": "2026-06-03T08:46:38.628154", "user": "USER_018", "type": "email", "hour": 3, "external": true}
{"timestamp": "2026-06-03T08:46:38.628154", "user": "USER_018", "type": "email", "hour": 3, "external": true}
{"timestamp": "2026-06-03T08:46:38.628154", "user": "USER_018", "type": "email", "hour": 3, "external": true}
{"timestamp": "2026-06-03T08:46:38.628154", "user": "USER_018", "type": "email", "hour": 3, "external": true}
{"timestamp": "2026-06-03T08:46:38.628154", "user": "USER_018", "type": "email", "hour": 3, "external": true}
{"timestamp": "2026-06-03T08:46:38.628154", "user": "USER_018", "type": "email", "hour": 3, "external": true}
{"timestamp": "2026-06-03T08:46:38.628154", "user": "USER_018", "type": "email", "hour": 3, "external": true}
{"timestamp": "2026-06-03T08:46:38.628154", "user": "USER_018", "type": "email", "hour": 3, "external": true}
{"timestamp": "2026-06-03T08:46:38.628154", "user": "USER_018", "type": "email", "hour": 3, "external": true}
{"timestamp": "2026-06-03T08:46:39.129275", "user": "USER_001", "type": "email", "hour": 8, "external": false}
{"timestamp": "2026-06-03T08:46:39.630022", "user": "USER_009", "type": "email", "hour": 8, "external": false}
{"timestamp": "2026-06-03T08:46:40.631903", "user": "USER_001", "type": "file", "hour": 8, "filename": "doc_411.xlsx"}
{"timestamp": "2026-06-03T08:46:41.134351", "user": "USER_003", "type": "logon", "hour": 8}
{"timestamp": "2026-06-03T08:46:41.635724", "user": "USER_012", "type": "file", "hour": 8, "filename": "doc_285.xlsx"}
{"timestamp": "2026-06-03T08:46:42.137044", "user": "USER_012", "type": "email", "hour": 8, "external": false}
{"timestamp": "2026-06-03T08:46:42.637951", "user": "USER_017", "type": "file", "hour": 8, "filename": "doc_527.zip"}
{"timestamp": "2026-06-03T08:46:43.639729", "user": "USER_016", "type": "file", "hour": 8, "filename": "doc_383.zip"}
{"timestamp": "2026-06-03T08:46:44.140612", "user": "USER_002", "type": "file", "hour": 8, "filename": "doc_100.xlsx"}
{"timestamp": "2026-06-03T08:46:44.641973", "user": "USER_019", "type": "file", "hour": 8, "filename": "doc_912.xlsx"}
{"timestamp": "2026-06-03T08:46:45.143283", "user": "USER_007", "type": "file", "hour": 8, "filename": "doc_324.zip"}
{"timestamp": "2026-06-03T08:46:45.644259", "user": "USER_018", "type": "device", "hour": 8, "action": "connect"}
{"timestamp": "2026-06-03T08:46:46.145781", "user": "USER_004", "type": "email", "hour": 8, "external": false}
{"timestamp": "2026-06-03T08:46:46.647695", "user": "USER_001", "type": "email", "hour": 8, "external": false}
{"timestamp": "2026-06-03T08:46:47.151217", "user": "USER_018", "type": "file", "hour": 8, "filename": "doc_277.exe"}
{"timestamp": "2026-06-03T08:46:48.154384", "user": "USER_009", "type": "file", "hour": 8, "filename": "doc_863.zip"}
{"timestamp": "2026-06-03T08:46:48.655035", "user": "USER_020", "type": "logon", "hour": 8}
{"timestamp": "2026-06-03T08:46:49.656741", "user": "USER_016", "type": "file", "hour": 8, "filename": "doc_249.exe"}
{"timestamp": "2026-06-03T08:46:50.158036", "user": "USER_011", "type": "file", "hour": 8, "filename": "doc_738.docx"}
{"timestamp": "2026-06-03T08:46:50.658758", "user": "USER_018", "type": "email", "hour": 8, "external": true}
{"timestamp": "2026-06-03T08:46:51.159849", "user": "USER_005", "type": "file", "hour": 8, "filename": "doc_936.exe"}
{"timestamp": "2026-06-03T08:46:51.660761", "user": "USER_018", "type": "file", "hour": 8, "filename": "doc_401.exe"}
{"timestamp": "2026-06-03T08:46:52.161575", "user": "USER_007", "type": "device", "hour": 8, "action": "connect"}
{"timestamp": "2026-06-03T08:46:52.662752", "user": "USER_020", "type": "file", "hour": 8, "filename": "doc_429.zip"}
{"timestamp": "2026-06-03T08:46:52.663156", "user": "USER_007", "type": "file", "hour": 3, "filename": "sensitive_data_27.zip"}
{"timestamp": "2026-06-03T08:46:52.663156", "user": "USER_007", "type": "file", "hour": 3, "filename": "sensitive_data_51.zip"}
{"timestamp": "2026-06-03T08:46:52.663156", "user": "USER_007", "type": "file", "hour": 3, "filename": "sensitive_data_82.zip"}
{"timestamp": "2026-06-03T08:46:52.663156", "user": "USER_007", "type": "file", "hour": 3, "filename": "sensitive_data_1.zip"}
{"timestamp": "2026-06-03T08:46:52.663156", "user": "USER_007", "type": "file", "hour": 3, "filename": "sensitive_data_33.zip"}
{"timestamp": "2026-06-03T08:46:52.663156", "user": "USER_007", "type": "file", "hour": 3, "filename": "sensitive_data_12.zip"}
{"timestamp": "2026-06-03T08:46:52.663156", "user": "USER_007", "type": "file", "hour": 3, "filename": "sensitive_data_25.zip"}
{"timestamp": "2026-06-03T08:46:52.663156", "user": "USER_007", "type": "file", "hour": 3, "filename": "sensitive_data_74.zip"}
{"timestamp": "2026-06-03T08:46:52.663156", "user": "USER_007", "type": "file", "hour": 3, "filename": "sensitive_data_35.zip"}
{"timestamp": "2026-06-03T08:46:52.663156", "user": "USER_007", "type": "file", "hour": 3, "filename": "sensitive_data_2.zip"}
{"timestamp": "2026-06-03T08:46:52.663156", "user": "USER_007", "type": "file", "hour": 3, "filename": "sensitive_data_61.zip"}
{"timestamp": "2026-06-03T08:46:52.663156", "user": "USER_007", "type": "file", "hour": 3, "filename": "sensitive_data_95.zip"}
{"timestamp": "2026-06-03T08:46:52.663156", "user": "USER_007", "type": "file", "hour": 3, "filename": "sensitive_data_25.zip"}
{"timestamp": "2026-06-03T08:46:52.663156", "user": "USER_007", "type": "file", "hour": 3, "filename": "sensitive_data_10.zip"}
{"timestamp": "2026-06-03T08:46:52.663156", "user": "USER_007", "type": "file", "hour": 3, "filename": "sensitive_data_64.zip"}
{"timestamp": "2026-06-03T08:46:52.663156", "user": "USER_007", "type": "file", "hour": 3, "filename": "sensitive_data_26.zip"}
{"timestamp": "2026-06-03T08:46:52.663156", "user": "USER_007", "type": "file", "hour": 3, "filename": "sensitive_data_1.zip"}
{"timestamp": "2026-06-03T08:46:52.663156", "user": "USER_007", "type": "file", "hour": 3, "filename": "sensitive_data_79.zip"}
{"timestamp": "2026-06-03T08:46:52.663156", "user": "USER_007", "type": "file", "hour": 3, "filename": "sensitive_data_76.zip"}
{"timestamp": "2026-06-03T08:46:52.663156", "user": "USER_007", "type": "file", "hour": 3, "filename": "sensitive_data_74.zip"}
{"timestamp": "2026-06-03T08:46:52.663156", "user": "USER_007", "type": "file", "hour": 3, "filename": "sensitive_data_100.zip"}
{"timestamp": "2026-06-03T08:46:52.663156", "user": "USER_007", "type": "file", "hour": 3, "filename": "sensitive_data_91.zip"}
{"timestamp": "2026-06-03T08:46:52.663156", "user": "USER_007", "type": "file", "hour": 3, "filename": "sensitive_data_89.zip"}
{"timestamp": "2026-06-03T08:46:52.663156", "user": "USER_007", "type": "file", "hour": 3, "filename": "sensitive_data_18.zip"}
{"timestamp": "2026-06-03T08:46:52.663156", "user": "USER_007", "type": "file", "hour": 3, "filename": "sensitive_data_44.zip"}
{"timestamp": "2026-06-03T08:46:52.663156", "user": "USER_007", "type": "file", "hour": 3, "filename": "sensitive_data_25.zip"}
{"timestamp": "2026-06-03T08:46:52.663156", "user": "USER_007", "type": "file", "hour": 3, "filename": "sensitive_data_32.zip"}
{"timestamp": "2026-06-03T08:46:52.663156", "user": "USER_007", "type": "file", "hour": 3, "filename": "sensitive_data_35.zip"}
{"timestamp": "2026-06-03T08:46:52.663156", "user": "USER_007", "type": "file", "hour": 3, "filename": "sensitive_data_18.zip"}
{"timestamp": "2026-06-03T08:46:52.663156", "user": "USER_007", "type": "file", "hour": 3, "filename": "sensitive_data_85.zip"}
{"timestamp": "2026-06-03T08:46:52.663156", "user": "USER_007", "type": "email", "hour": 3, "external": true}
{"timestamp": "2026-06-03T08:46:52.663156", "user": "USER_007", "type": "email", "hour": 3, "external": true}
{"timestamp": "2026-06-03T08:46:52.663156", "user": "USER_007", "type": "email", "hour": 3, "external": true}
{"timestamp": "2026-06-03T08:46:52.663156", "user": "USER_007", "type": "email", "hour": 3, "external": true}
{"timestamp": "2026-06-03T08:46:52.663156", "user": "USER_007", "type": "email", "hour": 3, "external": true}
{"timestamp": "2026-06-03T08:46:52.663156", "user": "USER_007", "type": "email", "hour": 3, "external": true}
{"timestamp": "2026-06-03T08:46:52.663156", "user": "USER_007", "type": "email", "hour": 3, "external": true}
{"timestamp": "2026-06-03T08:46:52.663156", "user": "USER_007", "type": "email", "hour": 3, "external": true}
{"timestamp": "2026-06-03T08:46:52.663156", "user": "USER_007", "type": "email", "hour": 3, "external": true}
{"timestamp": "2026-06-03T08:46:52.663156", "user": "USER_007", "type": "email", "hour": 3, "external": true}
{"timestamp": "2026-06-03T08:46:52.663156", "user": "USER_007", "type": "email", "hour": 3, "external": true}
{"timestamp": "2026-06-03T08:46:53.164347", "user": "USER_009", "type": "email", "hour": 8, "external": false}
{"timestamp": "2026-06-03T08:46:53.666165", "user": "USER_011", "type": "file", "hour": 8, "filename": "doc_312.zip"}
{"timestamp": "2026-06-03T08:46:54.167695", "user": "USER_009", "type": "email", "hour": 8, "external": true}
{"timestamp": "2026-06-03T08:46:55.169648", "user": "USER_013", "type": "file", "hour": 8, "filename": "doc_990.xlsx"}
{"timestamp": "2026-06-03T08:46:55.670488", "user": "USER_012", "type": "email", "hour": 8, "external": false}
{"timestamp": "2026-06-03T08:46:57.172634", "user": "USER_017", "type": "file", "hour": 8, "filename": "doc_340.exe"}
{"timestamp": "2026-06-03T08:46:57.673557", "user": "USER_015", "type": "logon", "hour": 8}
{"timestamp": "2026-06-03T08:46:58.174941", "user": "USER_008", "type": "email", "hour": 8, "external": false}
{"timestamp": "2026-06-03T08:46:59.176839", "user": "USER_013", "type": "file", "hour": 8, "filename": "doc_455.xlsx"}
{"timestamp": "2026-06-03T08:46:59.677729", "user": "USER_012", "type": "device", "hour": 8, "action": "connect"}
{"timestamp": "2026-06-03T08:47:00.179040", "user": "USER_002", "type": "file", "hour": 8, "filename": "doc_835.pdf"}
{"timestamp": "2026-06-03T08:47:00.680501", "user": "USER_001", "type": "file", "hour": 8, "filename": "doc_986.zip"}
{"timestamp": "2026-06-03T08:47:01.182127", "user": "USER_005", "type": "file", "hour": 8, "filename": "doc_879.pdf"}
{"timestamp": "2026-06-03T08:47:01.685776", "user": "USER_007", "type": "file", "hour": 8, "filename": "doc_236.zip"}
{"timestamp": "2026-06-03T08:47:02.188187", "user": "USER_007", "type": "file", "hour": 8, "filename": "doc_337.pdf"}
{"timestamp": "2026-06-03T08:47:02.689632", "user": "USER_012", "type": "email", "hour": 8, "external": true}
{"timestamp": "2026-06-03T08:47:03.691490", "user": "USER_018", "type": "file", "hour": 8, "filename": "doc_450.xlsx"}
{"timestamp": "2026-06-03T08:47:04.192517", "user": "USER_007", "type": "logon", "hour": 8}
{"timestamp": "2026-06-03T08:47:04.693777", "user": "USER_019", "type": "file", "hour": 8, "filename": "doc_767.pdf"}
{"timestamp": "2026-06-03T08:47:05.194773", "user": "USER_011", "type": "email", "hour": 8, "external": false}
{"timestamp": "2026-06-03T08:47:05.695641", "user": "USER_020", "type": "file", "hour": 8, "filename": "doc_667.docx"}
{"timestamp": "2026-06-03T08:47:06.196500", "user": "USER_014", "type": "device", "hour": 8, "action": "connect"}
{"timestamp": "2026-06-03T08:47:06.697341", "user": "USER_019", "type": "file", "hour": 8, "filename": "doc_641.zip"}
{"timestamp": "2026-06-03T08:47:07.198527", "user": "USER_002", "type": "email", "hour": 8, "external": false}
{"timestamp": "2026-06-03T08:47:08.202467", "user": "USER_003", "type": "logon", "hour": 8}
{"timestamp": "2026-06-03T08:47:08.703791", "user": "USER_002", "type": "file", "hour": 8, "filename": "doc_504.exe"}
{"timestamp": "2026-06-03T08:47:09.204624", "user": "USER_009", "type": "email", "hour": 8, "external": true}
{"timestamp": "2026-06-03T08:47:09.705383", "user": "USER_001", "type": "email", "hour": 8, "external": false}
{"timestamp": "2026-06-03T08:47:10.206260", "user": "USER_011", "type": "file", "hour": 8, "filename": "doc_692.exe"}
{"timestamp": "2026-06-03T08:47:10.707236", "user": "USER_001", "type": "email", "hour": 8, "external": true}
{"timestamp": "2026-06-03T08:47:11.708984", "user": "USER_018", "type": "email", "hour": 8, "external": true}
{"timestamp": "2026-06-03T08:47:12.209978", "user": "USER_007", "type": "email", "hour": 8, "external": false}
{"timestamp": "2026-06-03T08:47:13.712554", "user": "USER_019", "type": "logon", "hour": 8}
{"timestamp": "2026-06-03T08:47:14.213533", "user": "USER_010", "type": "file", "hour": 8, "filename": "doc_245.exe"}
{"timestamp": "2026-06-03T08:47:14.714655", "user": "USER_012", "type": "file", "hour": 8, "filename": "doc_680.docx"}
{"timestamp": "2026-06-03T08:47:15.216643", "user": "USER_017", "type": "logon", "hour": 8}
{"timestamp": "2026-06-03T08:47:15.717425", "user": "USER_013", "type": "email", "hour": 8, "external": false}
{"timestamp": "2026-06-03T08:47:16.218307", "user": "USER_003", "type": "logon", "hour": 8}
{"timestamp": "2026-06-03T08:47:16.719080", "user": "USER_003", "type": "file", "hour": 8, "filename": "doc_770.pdf"}
{"timestamp": "2026-06-03T08:47:17.220241", "user": "USER_011", "type": "file", "hour": 8, "filename": "doc_434.xlsx"}
{"timestamp": "2026-06-03T08:47:17.721320", "user": "USER_013", "type": "email", "hour": 8, "external": false}
{"timestamp": "2026-06-03T08:47:18.222444", "user": "USER_015", "type": "email", "hour": 8, "external": true}
{"timestamp": "2026-06-03T08:47:19.223774", "user": "USER_010", "type": "file", "hour": 8, "filename": "doc_417.exe"}
{"timestamp": "2026-06-03T08:47:19.724845", "user": "USER_010", "type": "device", "hour": 8, "action": "connect"}
{"timestamp": "2026-06-03T08:47:20.225554", "user": "USER_009", "type": "file", "hour": 8, "filename": "doc_962.zip"}
{"timestamp": "2026-06-03T08:47:21.226773", "user": "USER_014", "type": "file", "hour": 8, "filename": "doc_107.zip"}
{"timestamp": "2026-06-03T08:47:21.727581", "user": "USER_018", "type": "file", "hour": 8, "filename": "doc_993.exe"}
{"timestamp": "2026-06-03T08:47:22.728820", "user": "USER_018", "type": "email", "hour": 8, "external": false}
{"timestamp": "2026-06-03T08:47:23.230200", "user": "USER_012", "type": "email", "hour": 8, "external": false}
{"timestamp": "2026-06-03T08:47:23.730899", "user": "USER_013", "type": "email", "hour": 8, "external": true}
{"timestamp": "2026-06-03T08:47:24.232346", "user": "USER_002", "type": "email", "hour": 8, "external": true}
{"timestamp": "2026-06-03T08:47:24.734239", "user": "USER_016", "type": "file", "hour": 8, "filename": "doc_628.pdf"}
{"timestamp": "2026-06-03T08:47:25.235379", "user": "USER_018", "type": "email", "hour": 8, "external": true}
{"timestamp": "2026-06-03T08:47:25.736375", "user": "USER_002", "type": "email", "hour": 8, "external": false}
{"timestamp": "2026-06-03T08:47:26.237984", "user": "USER_018", "type": "email", "hour": 8, "external": false}
{"timestamp": "2026-06-03T08:47:26.738652", "user": "USER_009", "type": "email", "hour": 8, "external": true}
{"timestamp": "2026-06-03T08:47:27.239476", "user": "USER_019", "type": "file", "hour": 8, "filename": "doc_257.xlsx"}
{"timestamp": "2026-06-03T08:47:27.740308", "user": "USER_001", "type": "device", "hour": 8, "action": "disconnect"}
{"timestamp": "2026-06-03T08:47:28.241083", "user": "USER_016", "type": "device", "hour": 8, "action": "connect"}
{"timestamp": "2026-06-03T08:47:28.741806", "user": "USER_004", "type": "logon", "hour": 8}
{"timestamp": "2026-06-03T08:47:29.242638", "user": "USER_010", "type": "device", "hour": 8, "action": "disconnect"}
{"timestamp": "2026-06-03T08:47:29.743254", "user": "USER_010", "type": "device", "hour": 8, "action": "connect"}
{"timestamp": "2026-06-03T08:47:30.244422", "user": "USER_003", "type": "file", "hour": 8, "filename": "doc_963.docx"}
{"timestamp": "2026-06-03T08:47:30.745373", "user": "USER_017", "type": "device", "hour": 8, "action": "disconnect"}
{"timestamp": "2026-06-03T08:47:31.246549", "user": "USER_008", "type": "email", "hour": 8, "external": true}
{"timestamp": "2026-06-03T08:47:31.747716", "user": "USER_006", "type": "file", "hour": 8, "filename": "doc_155.xlsx"}
{"timestamp": "2026-06-03T08:47:32.248680", "user": "USER_015", "type": "file", "hour": 8, "filename": "doc_423.zip"}
{"timestamp": "2026-06-03T08:47:32.750739", "user": "USER_009", "type": "file", "hour": 8, "filename": "doc_683.exe"}
{"timestamp": "2026-06-03T08:47:33.252349", "user": "USER_009", "type": "logon", "hour": 8}
{"timestamp": "2026-06-03T08:47:33.753379", "user": "USER_012", "type": "file", "hour": 8, "filename": "doc_553.exe"}
{"timestamp": "2026-06-03T08:47:34.254098", "user": "USER_020", "type": "file", "hour": 8, "filename": "doc_758.zip"}
{"timestamp": "2026-06-03T08:47:36.257053", "user": "USER_013", "type": "file", "hour": 8, "filename": "doc_349.pdf"}
{"timestamp": "2026-06-03T08:47:36.758513", "user": "USER_009", "type": "file", "hour": 3, "filename": "sensitive_data_28.zip"}
{"timestamp": "2026-06-03T08:47:36.758513", "user": "USER_009", "type": "file", "hour": 3, "filename": "sensitive_data_1.zip"}
{"timestamp": "2026-06-03T08:47:36.758513", "user": "USER_009", "type": "file", "hour": 3, "filename": "sensitive_data_3.zip"}
{"timestamp": "2026-06-03T08:47:36.758513", "user": "USER_009", "type": "file", "hour": 3, "filename": "sensitive_data_86.zip"}
{"timestamp": "2026-06-03T08:47:36.758513", "user": "USER_009", "type": "file", "hour": 3, "filename": "sensitive_data_83.zip"}
{"timestamp": "2026-06-03T08:47:36.758513", "user": "USER_009", "type": "file", "hour": 3, "filename": "sensitive_data_57.zip"}
{"timestamp": "2026-06-03T08:47:36.758513", "user": "USER_009", "type": "file", "hour": 3, "filename": "sensitive_data_42.zip"}
{"timestamp": "2026-06-03T08:47:36.758513", "user": "USER_009", "type": "file", "hour": 3, "filename": "sensitive_data_45.zip"}
{"timestamp": "2026-06-03T08:47:36.758513", "user": "USER_009", "type": "file", "hour": 3, "filename": "sensitive_data_59.zip"}
{"timestamp": "2026-06-03T08:47:36.758513", "user": "USER_009", "type": "file", "hour": 3, "filename": "sensitive_data_98.zip"}
{"timestamp": "2026-06-03T08:47:36.758513", "user": "USER_009", "type": "file", "hour": 3, "filename": "sensitive_data_69.zip"}
{"timestamp": "2026-06-03T08:47:36.758513", "user": "USER_009", "type": "file", "hour": 3, "filename": "sensitive_data_93.zip"}
{"timestamp": "2026-06-03T08:47:36.758513", "user": "USER_009", "type": "file", "hour": 3, "filename": "sensitive_data_62.zip"}
{"timestamp": "2026-06-03T08:47:36.758513", "user": "USER_009", "type": "file", "hour": 3, "filename": "sensitive_data_10.zip"}
{"timestamp": "2026-06-03T08:47:36.758513", "user": "USER_009", "type": "file", "hour": 3, "filename": "sensitive_data_42.zip"}
{"timestamp": "2026-06-03T08:47:36.758513", "user": "USER_009", "type": "file", "hour": 3, "filename": "sensitive_data_85.zip"}
{"timestamp": "2026-06-03T08:47:36.758513", "user": "USER_009", "type": "file", "hour": 3, "filename": "sensitive_data_90.zip"}
{"timestamp": "2026-06-03T08:47:36.758513", "user": "USER_009", "type": "file", "hour": 3, "filename": "sensitive_data_44.zip"}
{"timestamp": "2026-06-03T08:47:36.758513", "user": "USER_009", "type": "file", "hour": 3, "filename": "sensitive_data_3.zip"}
{"timestamp": "2026-06-03T08:47:36.758513", "user": "USER_009", "type": "file", "hour": 3, "filename": "sensitive_data_87.zip"}
{"timestamp": "2026-06-03T08:47:36.758513", "user": "USER_009", "type": "file", "hour": 3, "filename": "sensitive_data_67.zip"}
{"timestamp": "2026-06-03T08:47:36.758513", "user": "USER_009", "type": "file", "hour": 3, "filename": "sensitive_data_25.zip"}
{"timestamp": "2026-06-03T08:47:36.758513", "user": "USER_009", "type": "file", "hour": 3, "filename": "sensitive_data_98.zip"}
{"timestamp": "2026-06-03T08:47:36.758513", "user": "USER_009", "type": "file", "hour": 3, "filename": "sensitive_data_53.zip"}
{"timestamp": "2026-06-03T08:47:36.758513", "user": "USER_009", "type": "file", "hour": 3, "filename": "sensitive_data_75.zip"}
{"timestamp": "2026-06-03T08:47:36.758513", "user": "USER_009", "type": "file", "hour": 3, "filename": "sensitive_data_56.zip"}
{"timestamp": "2026-06-03T08:47:36.758513", "user": "USER_009", "type": "file", "hour": 3, "filename": "sensitive_data_23.zip"}
{"timestamp": "2026-06-03T08:47:36.758513", "user": "USER_009", "type": "file", "hour": 3, "filename": "sensitive_data_34.zip"}
{"timestamp": "2026-06-03T08:47:36.758513", "user": "USER_009", "type": "file", "hour": 3, "filename": "sensitive_data_96.zip"}
{"timestamp": "2026-06-03T08:47:36.758513", "user": "USER_009", "type": "file", "hour": 3, "filename": "sensitive_data_83.zip"}
{"timestamp": "2026-06-03T08:47:36.758513", "user": "USER_009", "type": "file", "hour": 3, "filename": "sensitive_data_86.zip"}
{"timestamp": "2026-06-03T08:47:36.758513", "user": "USER_009", "type": "file", "hour": 3, "filename": "sensitive_data_83.zip"}
{"timestamp": "2026-06-03T08:47:36.758513", "user": "USER_009", "type": "file", "hour": 3, "filename": "sensitive_data_73.zip"}
{"timestamp": "2026-06-03T08:47:36.758513", "user": "USER_009", "type": "file", "hour": 3, "filename": "sensitive_data_78.zip"}
{"timestamp": "2026-06-03T08:47:36.758513", "user": "USER_009", "type": "file", "hour": 3, "filename": "sensitive_data_47.zip"}
{"timestamp": "2026-06-03T08:47:36.758513", "user": "USER_009", "type": "file", "hour": 3, "filename": "sensitive_data_80.zip"}
{"timestamp": "2026-06-03T08:47:36.758513", "user": "USER_009", "type": "file", "hour": 3, "filename": "sensitive_data_99.zip"}
{"timestamp": "2026-06-03T08:47:36.758513", "user": "USER_009", "type": "file", "hour": 3, "filename": "sensitive_data_97.zip"}
{"timestamp": "2026-06-03T08:47:36.758513", "user": "USER_009", "type": "file", "hour": 3, "filename": "sensitive_data_95.zip"}
{"timestamp": "2026-06-03T08:47:36.758513", "user": "USER_009", "type": "file", "hour": 3, "filename": "sensitive_data_99.zip"}
{"timestamp": "2026-06-03T08:47:36.758513", "user": "USER_009", "type": "file", "hour": 3, "filename": "sensitive_data_15.zip"}
{"timestamp": "2026-06-03T08:47:36.758513", "user": "USER_009", "type": "file", "hour": 3, "filename": "sensitive_data_80.zip"}
{"timestamp": "2026-06-03T08:47:36.758513", "user": "USER_009", "type": "file", "hour": 3, "filename": "sensitive_data_90.zip"}
{"timestamp": "2026-06-03T08:47:36.758513", "user": "USER_009", "type": "file", "hour": 3, "filename": "sensitive_data_51.zip"}
{"timestamp": "2026-06-03T08:47:36.758513", "user": "USER_009", "type": "file", "hour": 3, "filename": "sensitive_data_56.zip"}
{"timestamp": "2026-06-03T08:47:36.758513", "user": "USER_009", "type": "email", "hour": 3, "external": true}
{"timestamp": "2026-06-03T08:47:36.758513", "user": "USER_009", "type": "email", "hour": 3, "external": true}
{"timestamp": "2026-06-03T08:47:36.758513", "user": "USER_009", "type": "email", "hour": 3, "external": true}
{"timestamp": "2026-06-03T08:47:36.758513", "user": "USER_009", "type": "email", "hour": 3, "external": true}
{"timestamp": "2026-06-03T08:47:36.758513", "user": "USER_009", "type": "email", "hour": 3, "external": true}
{"timestamp": "2026-06-03T08:47:36.758513", "user": "USER_009", "type": "email", "hour": 3, "external": true}
{"timestamp": "2026-06-03T08:47:36.758513", "user": "USER_009", "type": "email", "hour": 3, "external": true}
{"timestamp": "2026-06-03T08:47:36.758513", "user": "USER_009", "type": "email", "hour": 3, "external": true}
{"timestamp": "2026-06-03T08:47:36.758513", "user": "USER_009", "type": "email", "hour": 3, "external": true}
{"timestamp": "2026-06-03T08:47:36.758513", "user": "USER_009", "type": "email", "hour": 3, "external": true}
{"timestamp": "2026-06-03T08:47:36.758513", "user": "USER_009", "type": "email", "hour": 3, "external": true}
{"timestamp": "2026-06-03T08:47:36.758513", "user": "USER_009", "type": "email", "hour": 3, "external": true}
{"timestamp": "2026-06-03T08:47:36.758513", "user": "USER_009", "type": "email", "hour": 3, "external": true}
{"timestamp": "2026-06-03T08:47:36.758513", "user": "USER_009", "type": "email", "hour": 3, "external": true}
{"timestamp": "2026-06-03T08:47:36.758513", "user": "USER_009", "type": "email", "hour": 3, "external": true}
{"timestamp": "2026-06-03T08:47:36.758513", "user": "USER_009", "type": "email", "hour": 3, "external": true}
{"timestamp": "2026-06-03T08:47:36.758513", "user": "USER_009", "type": "email", "hour": 3, "external": true}
{"timestamp": "2026-06-03T08:47:36.758513", "user": "USER_009", "type": "email", "hour": 3, "external": true}
{"timestamp": "2026-06-03T08:47:36.758513", "user": "USER_009", "type": "email", "hour": 3, "external": true}
{"timestamp": "2026-06-03T08:47:36.758513", "user": "USER_009", "type": "email", "hour": 3, "external": true}
{"timestamp": "2026-06-03T08:47:37.259614", "user": "USER_007", "type": "email", "hour": 8, "external": true}
{"timestamp": "2026-06-03T08:47:37.760604", "user": "USER_017", "type": "email", "hour": 8, "external": true}
{"timestamp": "2026-06-03T08:47:38.762660", "user": "USER_013", "type": "file", "hour": 8, "filename": "doc_439.docx"}
{"timestamp": "2026-06-03T08:47:39.263537", "user": "USER_010", "type": "email", "hour": 8, "external": true}
{"timestamp": "2026-06-03T08:47:39.764570", "user": "USER_007", "type": "file", "hour": 8, "filename": "doc_988.docx"}
{"timestamp": "2026-06-03T08:47:40.766919", "user": "USER_003", "type": "logon", "hour": 8}
{"timestamp": "2026-06-03T08:47:41.267898", "user": "USER_013", "type": "email", "hour": 8, "external": false}
{"timestamp": "2026-06-03T08:47:41.768782", "user": "USER_013", "type": "file", "hour": 8, "filename": "doc_798.exe"}
{"timestamp": "2026-06-03T08:47:42.269319", "user": "USER_003", "type": "email", "hour": 8, "external": false}
{"timestamp": "2026-06-03T08:47:42.770092", "user": "USER_018", "type": "email", "hour": 8, "external": false}
{"timestamp": "2026-06-03T08:47:43.271354", "user": "USER_020", "type": "file", "hour": 8, "filename": "doc_748.xlsx"}
{"timestamp": "2026-06-03T08:47:43.772184", "user": "USER_002", "type": "email", "hour": 8, "external": true}
{"timestamp": "2026-06-03T08:47:44.273119", "user": "USER_012", "type": "email", "hour": 8, "external": false}
{"timestamp": "2026-06-03T08:47:44.773906", "user": "USER_019", "type": "email", "hour": 8, "external": true}
{"timestamp": "2026-06-03T08:47:45.274732", "user": "USER_014", "type": "email", "hour": 8, "external": false}
{"timestamp": "2026-06-03T08:47:45.775456", "user": "USER_009", "type": "file", "hour": 8, "filename": "doc_900.xlsx"}
{"timestamp": "2026-06-03T08:47:46.276123", "user": "USER_020", "type": "file", "hour": 8, "filename": "doc_624.pdf"}
{"timestamp": "2026-06-03T08:47:46.776917", "user": "USER_012", "type": "email", "hour": 8, "external": false}
{"timestamp": "2026-06-03T08:47:47.778743", "user": "USER_020", "type": "file", "hour": 8, "filename": "doc_198.xlsx"}
{"timestamp": "2026-06-03T08:47:48.279760", "user": "USER_002", "type": "file", "hour": 8, "filename": "doc_427.pdf"}
{"timestamp": "2026-06-03T08:47:48.780669", "user": "USER_014", "type": "file", "hour": 8, "filename": "doc_285.zip"}
{"timestamp": "2026-06-03T08:47:49.281592", "user": "USER_018", "type": "email", "hour": 8, "external": false}
{"timestamp": "2026-06-03T08:47:49.784072", "user": "USER_018", "type": "file", "hour": 8, "filename": "doc_858.exe"}
{"timestamp": "2026-06-03T08:47:50.284837", "user": "USER_012", "type": "file", "hour": 8, "filename": "doc_530.zip"}
{"timestamp": "2026-06-03T08:47:51.286363", "user": "USER_006", "type": "file", "hour": 8, "filename": "doc_951.exe"}
{"timestamp": "2026-06-03T08:47:51.787739", "user": "USER_014", "type": "file", "hour": 8, "filename": "doc_882.xlsx"}
{"timestamp": "2026-06-03T08:47:52.288737", "user": "USER_004", "type": "email", "hour": 8, "external": false}
{"timestamp": "2026-06-03T08:47:52.289110", "user": "USER_011", "type": "file", "hour": 3, "filename": "sensitive_data_13.zip"}
{"timestamp": "2026-06-03T08:47:52.289110", "user": "USER_011", "type": "file", "hour": 3, "filename": "sensitive_data_89.zip"}
{"timestamp": "2026-06-03T08:47:52.289110", "user": "USER_011", "type": "file", "hour": 3, "filename": "sensitive_data_15.zip"}
{"timestamp": "2026-06-03T08:47:52.289110", "user": "USER_011", "type": "file", "hour": 3, "filename": "sensitive_data_7.zip"}
{"timestamp": "2026-06-03T08:47:52.289110", "user": "USER_011", "type": "file", "hour": 3, "filename": "sensitive_data_18.zip"}
{"timestamp": "2026-06-03T08:47:52.289110", "user": "USER_011", "type": "file", "hour": 3, "filename": "sensitive_data_80.zip"}
{"timestamp": "2026-06-03T08:47:52.289110", "user": "USER_011", "type": "file", "hour": 3, "filename": "sensitive_data_56.zip"}
{"timestamp": "2026-06-03T08:47:52.289110", "user": "USER_011", "type": "file", "hour": 3, "filename": "sensitive_data_11.zip"}
{"timestamp": "2026-06-03T08:47:52.289110", "user": "USER_011", "type": "file", "hour": 3, "filename": "sensitive_data_2.zip"}
{"timestamp": "2026-06-03T08:47:52.289110", "user": "USER_011", "type": "file", "hour": 3, "filename": "sensitive_data_54.zip"}
{"timestamp": "2026-06-03T08:47:52.289110", "user": "USER_011", "type": "file", "hour": 3, "filename": "sensitive_data_7.zip"}
{"timestamp": "2026-06-03T08:47:52.289110", "user": "USER_011", "type": "file", "hour": 3, "filename": "sensitive_data_20.zip"}
{"timestamp": "2026-06-03T08:47:52.289110", "user": "USER_011", "type": "file", "hour": 3, "filename": "sensitive_data_20.zip"}
{"timestamp": "2026-06-03T08:47:52.289110", "user": "USER_011", "type": "file", "hour": 3, "filename": "sensitive_data_86.zip"}
{"timestamp": "2026-06-03T08:47:52.289110", "user": "USER_011", "type": "file", "hour": 3, "filename": "sensitive_data_43.zip"}
{"timestamp": "2026-06-03T08:47:52.289110", "user": "USER_011", "type": "file", "hour": 3, "filename": "sensitive_data_71.zip"}
{"timestamp": "2026-06-03T08:47:52.289110", "user": "USER_011", "type": "file", "hour": 3, "filename": "sensitive_data_16.zip"}
{"timestamp": "2026-06-03T08:47:52.289110", "user": "USER_011", "type": "file", "hour": 3, "filename": "sensitive_data_37.zip"}
{"timestamp": "2026-06-03T08:47:52.289110", "user": "USER_011", "type": "file", "hour": 3, "filename": "sensitive_data_55.zip"}
{"timestamp": "2026-06-03T08:47:52.289110", "user": "USER_011", "type": "file", "hour": 3, "filename": "sensitive_data_24.zip"}
{"timestamp": "2026-06-03T08:47:52.289110", "user": "USER_011", "type": "file", "hour": 3, "filename": "sensitive_data_32.zip"}
{"timestamp": "2026-06-03T08:47:52.289110", "user": "USER_011", "type": "file", "hour": 3, "filename": "sensitive_data_45.zip"}
{"timestamp": "2026-06-03T08:47:52.289110", "user": "USER_011", "type": "file", "hour": 3, "filename": "sensitive_data_91.zip"}
{"timestamp": "2026-06-03T08:47:52.289110", "user": "USER_011", "type": "file", "hour": 3, "filename": "sensitive_data_62.zip"}
{"timestamp": "2026-06-03T08:47:52.289110", "user": "USER_011", "type": "file", "hour": 3, "filename": "sensitive_data_7.zip"}
{"timestamp": "2026-06-03T08:47:52.289110", "user": "USER_011", "type": "file", "hour": 3, "filename": "sensitive_data_68.zip"}
{"timestamp": "2026-06-03T08:47:52.289110", "user": "USER_011", "type": "file", "hour": 3, "filename": "sensitive_data_97.zip"}
{"timestamp": "2026-06-03T08:47:52.289110", "user": "USER_011", "type": "file", "hour": 3, "filename": "sensitive_data_7.zip"}
{"timestamp": "2026-06-03T08:47:52.289110", "user": "USER_011", "type": "file", "hour": 3, "filename": "sensitive_data_62.zip"}
{"timestamp": "2026-06-03T08:47:52.289110", "user": "USER_011", "type": "file", "hour": 3, "filename": "sensitive_data_34.zip"}
{"timestamp": "2026-06-03T08:47:52.289110", "user": "USER_011", "type": "email", "hour": 3, "external": true}
{"timestamp": "2026-06-03T08:47:52.289110", "user": "USER_011", "type": "email", "hour": 3, "external": true}
{"timestamp": "2026-06-03T08:47:52.289110", "user": "USER_011", "type": "email", "hour": 3, "external": true}
{"timestamp": "2026-06-03T08:47:52.289110", "user": "USER_011", "type": "email", "hour": 3, "external": true}
{"timestamp": "2026-06-03T08:47:52.289110", "user": "USER_011", "type": "email", "hour": 3, "external": true}
{"timestamp": "2026-06-03T08:47:52.289110", "user": "USER_011", "type": "email", "hour": 3, "external": true}
{"timestamp": "2026-06-03T08:47:52.289110", "user": "USER_011", "type": "email", "hour": 3, "external": true}
{"timestamp": "2026-06-03T08:47:52.289110", "user": "USER_011", "type": "email", "hour": 3, "external": true}
{"timestamp": "2026-06-03T08:47:52.289110", "user": "USER_011", "type": "email", "hour": 3, "external": true}
{"timestamp": "2026-06-03T08:47:52.289110", "user": "USER_011", "type": "email", "hour": 3, "external": true}
{"timestamp": "2026-06-03T08:47:52.289110", "user": "USER_011", "type": "email", "hour": 3, "external": true}
{"timestamp": "2026-06-03T08:47:52.289110", "user": "USER_011", "type": "email", "hour": 3, "external": true}
{"timestamp": "2026-06-03T08:47:52.289110", "user": "USER_011", "type": "email", "hour": 3, "external": true}
{"timestamp": "2026-06-03T08:47:52.289110", "user": "USER_011", "type": "email", "hour": 3, "external": true}
{"timestamp": "2026-06-03T08:47:52.289110", "user": "USER_011", "type": "email", "hour": 3, "external": true}
{"timestamp": "2026-06-03T08:47:52.289110", "user": "USER_011", "type": "email", "hour": 3, "external": true}
{"timestamp": "2026-06-03T08:47:52.289110", "user": "USER_011", "type": "email", "hour": 3, "external": true}
{"timestamp": "2026-06-03T08:47:52.289110", "user": "USER_011", "type": "email", "hour": 3, "external": true}
{"timestamp": "2026-06-03T08:47:52.289110", "user": "USER_011", "type": "email", "hour": 3, "external": true}
{"timestamp": "2026-06-03T08:47:52.289110", "user": "USER_011", "type": "email", "hour": 3, "external": true}
{"timestamp": "2026-06-03T08:47:53.291215", "user": "USER_009", "type": "email", "hour": 8, "external": false}
{"timestamp": "2026-06-03T08:47:53.792594", "user": "USER_018", "type": "file", "hour": 8, "filename": "doc_424.pdf"}
{"timestamp": "2026-06-03T08:47:54.794586", "user": "USER_003", "type": "file", "hour": 8, "filename": "doc_345.pdf"}
{"timestamp": "2026-06-03T08:47:55.295445", "user": "USER_011", "type": "email", "hour": 8, "external": true}
{"timestamp": "2026-06-03T08:47:56.798107", "user": "USER_001", "type": "email", "hour": 8, "external": false}
{"timestamp": "2026-06-03T08:47:57.300128", "user": "USER_020", "type": "email", "hour": 8, "external": false}
{"timestamp": "2026-06-03T08:47:57.801709", "user": "USER_015", "type": "file", "hour": 8, "filename": "doc_857.pdf"}
{"timestamp": "2026-06-03T08:47:58.302707", "user": "USER_014", "type": "file", "hour": 8, "filename": "doc_961.pdf"}
{"timestamp": "2026-06-03T08:47:58.803628", "user": "USER_019", "type": "device", "hour": 8, "action": "connect"}
{"timestamp": "2026-06-03T08:47:59.304692", "user": "USER_001", "type": "email", "hour": 8, "external": false}
{"timestamp": "2026-06-03T08:47:59.805628", "user": "USER_002", "type": "email", "hour": 8, "external": false}
{"timestamp": "2026-06-03T08:48:00.306439", "user": "USER_020", "type": "file", "hour": 8, "filename": "doc_547.xlsx"}
{"timestamp": "2026-06-03T08:48:00.807309", "user": "USER_007", "type": "email", "hour": 8, "external": true}
{"timestamp": "2026-06-03T08:48:01.307984", "user": "USER_008", "type": "file", "hour": 8, "filename": "doc_125.docx"}
{"timestamp": "2026-06-03T08:48:02.309019", "user": "USER_017", "type": "email", "hour": 8, "external": false}
{"timestamp": "2026-06-03T08:48:02.809737", "user": "USER_002", "type": "email", "hour": 8, "external": false}
{"timestamp": "2026-06-03T08:48:02.810056", "user": "USER_006", "type": "file", "hour": 3, "filename": "sensitive_data_71.zip"}
{"timestamp": "2026-06-03T08:48:02.810056", "user": "USER_006", "type": "file", "hour": 3, "filename": "sensitive_data_21.zip"}
{"timestamp": "2026-06-03T08:48:02.810056", "user": "USER_006", "type": "file", "hour": 3, "filename": "sensitive_data_75.zip"}
{"timestamp": "2026-06-03T08:48:02.810056", "user": "USER_006", "type": "file", "hour": 3, "filename": "sensitive_data_80.zip"}
{"timestamp": "2026-06-03T08:48:02.810056", "user": "USER_006", "type": "file", "hour": 3, "filename": "sensitive_data_11.zip"}
{"timestamp": "2026-06-03T08:48:02.810056", "user": "USER_006", "type": "file", "hour": 3, "filename": "sensitive_data_65.zip"}
{"timestamp": "2026-06-03T08:48:02.810056", "user": "USER_006", "type": "file", "hour": 3, "filename": "sensitive_data_84.zip"}
{"timestamp": "2026-06-03T08:48:02.810056", "user": "USER_006", "type": "file", "hour": 3, "filename": "sensitive_data_71.zip"}
{"timestamp": "2026-06-03T08:48:02.810056", "user": "USER_006", "type": "file", "hour": 3, "filename": "sensitive_data_17.zip"}
{"timestamp": "2026-06-03T08:48:02.810056", "user": "USER_006", "type": "file", "hour": 3, "filename": "sensitive_data_39.zip"}
{"timestamp": "2026-06-03T08:48:02.810056", "user": "USER_006", "type": "file", "hour": 3, "filename": "sensitive_data_10.zip"}
{"timestamp": "2026-06-03T08:48:02.810056", "user": "USER_006", "type": "file", "hour": 3, "filename": "sensitive_data_85.zip"}
{"timestamp": "2026-06-03T08:48:02.810056", "user": "USER_006", "type": "file", "hour": 3, "filename": "sensitive_data_38.zip"}
{"timestamp": "2026-06-03T08:48:02.810056", "user": "USER_006", "type": "file", "hour": 3, "filename": "sensitive_data_92.zip"}
{"timestamp": "2026-06-03T08:48:02.810056", "user": "USER_006", "type": "file", "hour": 3, "filename": "sensitive_data_21.zip"}
{"timestamp": "2026-06-03T08:48:02.810056", "user": "USER_006", "type": "file", "hour": 3, "filename": "sensitive_data_83.zip"}
{"timestamp": "2026-06-03T08:48:02.810056", "user": "USER_006", "type": "file", "hour": 3, "filename": "sensitive_data_5.zip"}
{"timestamp": "2026-06-03T08:48:02.810056", "user": "USER_006", "type": "file", "hour": 3, "filename": "sensitive_data_44.zip"}
{"timestamp": "2026-06-03T08:48:02.810056", "user": "USER_006", "type": "file", "hour": 3, "filename": "sensitive_data_60.zip"}
{"timestamp": "2026-06-03T08:48:02.810056", "user": "USER_006", "type": "file", "hour": 3, "filename": "sensitive_data_28.zip"}
{"timestamp": "2026-06-03T08:48:02.810056", "user": "USER_006", "type": "file", "hour": 3, "filename": "sensitive_data_29.zip"}
{"timestamp": "2026-06-03T08:48:02.810056", "user": "USER_006", "type": "file", "hour": 3, "filename": "sensitive_data_76.zip"}
{"timestamp": "2026-06-03T08:48:02.810056", "user": "USER_006", "type": "file", "hour": 3, "filename": "sensitive_data_81.zip"}
{"timestamp": "2026-06-03T08:48:02.810056", "user": "USER_006", "type": "file", "hour": 3, "filename": "sensitive_data_26.zip"}
{"timestamp": "2026-06-03T08:48:02.810056", "user": "USER_006", "type": "file", "hour": 3, "filename": "sensitive_data_72.zip"}
{"timestamp": "2026-06-03T08:48:02.810056", "user": "USER_006", "type": "file", "hour": 3, "filename": "sensitive_data_75.zip"}
{"timestamp": "2026-06-03T08:48:02.810056", "user": "USER_006", "type": "file", "hour": 3, "filename": "sensitive_data_76.zip"}
{"timestamp": "2026-06-03T08:48:02.810056", "user": "USER_006", "type": "file", "hour": 3, "filename": "sensitive_data_43.zip"}
{"timestamp": "2026-06-03T08:48:02.810056", "user": "USER_006", "type": "file", "hour": 3, "filename": "sensitive_data_64.zip"}
{"timestamp": "2026-06-03T08:48:02.810056", "user": "USER_006", "type": "file", "hour": 3, "filename": "sensitive_data_91.zip"}
{"timestamp": "2026-06-03T08:48:02.810056", "user": "USER_006", "type": "file", "hour": 3, "filename": "sensitive_data_67.zip"}
{"timestamp": "2026-06-03T08:48:02.810056", "user": "USER_006", "type": "file", "hour": 3, "filename": "sensitive_data_78.zip"}
{"timestamp": "2026-06-03T08:48:02.810056", "user": "USER_006", "type": "email", "hour": 3, "external": true}
{"timestamp": "2026-06-03T08:48:02.810056", "user": "USER_006", "type": "email", "hour": 3, "external": true}
{"timestamp": "2026-06-03T08:48:02.810056", "user": "USER_006", "type": "email", "hour": 3, "external": true}
{"timestamp": "2026-06-03T08:48:02.810056", "user": "USER_006", "type": "email", "hour": 3, "external": true}
{"timestamp": "2026-06-03T08:48:02.810056", "user": "USER_006", "type": "email", "hour": 3, "external": true}
{"timestamp": "2026-06-03T08:48:02.810056", "user": "USER_006", "type": "email", "hour": 3, "external": true}
{"timestamp": "2026-06-03T08:48:02.810056", "user": "USER_006", "type": "email", "hour": 3, "external": true}
{"timestamp": "2026-06-03T08:48:02.810056", "user": "USER_006", "type": "email", "hour": 3, "external": true}
{"timestamp": "2026-06-03T08:48:02.810056", "user": "USER_006", "type": "email", "hour": 3, "external": true}
{"timestamp": "2026-06-03T08:48:02.810056", "user": "USER_006", "type": "email", "hour": 3, "external": true}
{"timestamp": "2026-06-03T08:48:02.810056", "user": "USER_006", "type": "email", "hour": 3, "external": true}
{"timestamp": "2026-06-03T08:48:02.810056", "user": "USER_006", "type": "email", "hour": 3, "external": true}
{"timestamp": "2026-06-03T08:48:02.810056", "user": "USER_006", "type": "email", "hour": 3, "external": true}
{"timestamp": "2026-06-03T08:48:02.810056", "user": "USER_006", "type": "email", "hour": 3, "external": true}
{"timestamp": "2026-06-03T08:48:03.811269", "user": "USER_016", "type": "email", "hour": 8, "external": false}
{"timestamp": "2026-06-03T08:48:04.812844", "user": "USER_013", "type": "logon", "hour": 8}
{"timestamp": "2026-06-03T08:48:05.313748", "user": "USER_017", "type": "email", "hour": 8, "external": true}
{"timestamp": "2026-06-03T08:48:05.814994", "user": "USER_004", "type": "email", "hour": 8, "external": false}
{"timestamp": "2026-06-03T08:48:06.317063", "user": "USER_009", "type": "file", "hour": 8, "filename": "doc_877.xlsx"}
{"timestamp": "2026-06-03T08:48:07.319178", "user": "USER_012", "type": "file", "hour": 8, "filename": "doc_537.exe"}
{"timestamp": "2026-06-03T08:48:07.819942", "user": "USER_010", "type": "logon", "hour": 8}
{"timestamp": "2026-06-03T08:48:08.321220", "user": "USER_011", "type": "file", "hour": 8, "filename": "doc_677.pdf"}
{"timestamp": "2026-06-03T08:48:08.821852", "user": "USER_015", "type": "file", "hour": 8, "filename": "doc_787.pdf"}
{"timestamp": "2026-06-03T08:48:09.322722", "user": "USER_020", "type": "device", "hour": 8, "action": "disconnect"}
{"timestamp": "2026-06-03T08:48:09.824322", "user": "USER_005", "type": "email", "hour": 8, "external": true}
{"timestamp": "2026-06-03T08:48:10.325421", "user": "USER_014", "type": "email", "hour": 8, "external": false}
{"timestamp": "2026-06-03T08:48:11.327304", "user": "USER_010", "type": "file", "hour": 8, "filename": "doc_541.xlsx"}
{"timestamp": "2026-06-03T08:48:11.828698", "user": "USER_009", "type": "logon", "hour": 8}
{"timestamp": "2026-06-03T08:48:12.330637", "user": "USER_006", "type": "file", "hour": 8, "filename": "doc_926.exe"}
{"timestamp": "2026-06-03T08:48:13.333562", "user": "USER_013", "type": "email", "hour": 8, "external": false}
{"timestamp": "2026-06-03T08:48:14.336155", "user": "USER_005", "type": "file", "hour": 8, "filename": "doc_878.zip"}
{"timestamp": "2026-06-03T08:48:14.837705", "user": "USER_012", "type": "file", "hour": 8, "filename": "doc_654.xlsx"}
{"timestamp": "2026-06-03T08:48:15.338476", "user": "USER_002", "type": "email", "hour": 8, "external": false}
{"timestamp": "2026-06-03T08:48:15.839327", "user": "USER_007", "type": "file", "hour": 8, "filename": "doc_592.pdf"}
{"timestamp": "2026-06-03T08:48:16.340465", "user": "USER_003", "type": "email", "hour": 8, "external": false}
{"timestamp": "2026-06-03T08:48:16.841577", "user": "USER_009", "type": "email", "hour": 8, "external": false}
{"timestamp": "2026-06-03T08:48:17.342459", "user": "USER_018", "type": "email", "hour": 8, "external": false}
{"timestamp": "2026-06-03T08:48:17.843545", "user": "USER_019", "type": "email", "hour": 8, "external": true}
{"timestamp": "2026-06-03T08:48:18.344245", "user": "USER_010", "type": "device", "hour": 8, "action": "connect"}
{"timestamp": "2026-06-03T08:48:18.845264", "user": "USER_020", "type": "email", "hour": 8, "external": true}
{"timestamp": "2026-06-03T08:48:19.346365", "user": "USER_006", "type": "email", "hour": 8, "external": true}
{"timestamp": "2026-06-03T08:48:19.847273", "user": "USER_016", "type": "file", "hour": 8, "filename": "doc_938.docx"}
{"timestamp": "2026-06-03T08:48:20.348295", "user": "USER_001", "type": "email", "hour": 8, "external": false}
{"timestamp": "2026-06-03T08:48:21.353468", "user": "USER_007", "type": "file", "hour": 8, "filename": "doc_675.exe"}
{"timestamp": "2026-06-03T08:48:21.855105", "user": "USER_015", "type": "logon", "hour": 8}
{"timestamp": "2026-06-03T08:48:22.356383", "user": "USER_002", "type": "device", "hour": 8, "action": "connect"}
{"timestamp": "2026-06-03T08:48:23.358319", "user": "USER_014", "type": "file", "hour": 8, "filename": "doc_360.docx"}
{"timestamp": "2026-06-03T08:48:24.359964", "user": "USER_011", "type": "logon", "hour": 8}
{"timestamp": "2026-06-03T08:48:25.361707", "user": "USER_014", "type": "email", "hour": 8, "external": false}
{"timestamp": "2026-06-03T08:48:25.361961", "user": "USER_009", "type": "file", "hour": 3, "filename": "sensitive_data_12.zip"}
{"timestamp": "2026-06-03T08:48:25.361961", "user": "USER_009", "type": "file", "hour": 3, "filename": "sensitive_data_17.zip"}
{"timestamp": "2026-06-03T08:48:25.361961", "user": "USER_009", "type": "file", "hour": 3, "filename": "sensitive_data_34.zip"}
{"timestamp": "2026-06-03T08:48:25.361961", "user": "USER_009", "type": "file", "hour": 3, "filename": "sensitive_data_96.zip"}
{"timestamp": "2026-06-03T08:48:25.361961", "user": "USER_009", "type": "file", "hour": 3, "filename": "sensitive_data_98.zip"}
{"timestamp": "2026-06-03T08:48:25.361961", "user": "USER_009", "type": "file", "hour": 3, "filename": "sensitive_data_45.zip"}
{"timestamp": "2026-06-03T08:48:25.361961", "user": "USER_009", "type": "file", "hour": 3, "filename": "sensitive_data_79.zip"}
{"timestamp": "2026-06-03T08:48:25.361961", "user": "USER_009", "type": "file", "hour": 3, "filename": "sensitive_data_88.zip"}
{"timestamp": "2026-06-03T08:48:25.361961", "user": "USER_009", "type": "file", "hour": 3, "filename": "sensitive_data_26.zip"}
{"timestamp": "2026-06-03T08:48:25.361961", "user": "USER_009", "type": "file", "hour": 3, "filename": "sensitive_data_47.zip"}
{"timestamp": "2026-06-03T08:48:25.361961", "user": "USER_009", "type": "file", "hour": 3, "filename": "sensitive_data_66.zip"}
{"timestamp": "2026-06-03T08:48:25.361961", "user": "USER_009", "type": "file", "hour": 3, "filename": "sensitive_data_17.zip"}
{"timestamp": "2026-06-03T08:48:25.361961", "user": "USER_009", "type": "file", "hour": 3, "filename": "sensitive_data_71.zip"}
{"timestamp": "2026-06-03T08:48:25.361961", "user": "USER_009", "type": "file", "hour": 3, "filename": "sensitive_data_51.zip"}
{"timestamp": "2026-06-03T08:48:25.361961", "user": "USER_009", "type": "file", "hour": 3, "filename": "sensitive_data_13.zip"}
{"timestamp": "2026-06-03T08:48:25.361961", "user": "USER_009", "type": "file", "hour": 3, "filename": "sensitive_data_72.zip"}
{"timestamp": "2026-06-03T08:48:25.361961", "user": "USER_009", "type": "file", "hour": 3, "filename": "sensitive_data_69.zip"}
{"timestamp": "2026-06-03T08:48:25.361961", "user": "USER_009", "type": "file", "hour": 3, "filename": "sensitive_data_68.zip"}
{"timestamp": "2026-06-03T08:48:25.361961", "user": "USER_009", "type": "file", "hour": 3, "filename": "sensitive_data_69.zip"}
{"timestamp": "2026-06-03T08:48:25.361961", "user": "USER_009", "type": "file", "hour": 3, "filename": "sensitive_data_5.zip"}
{"timestamp": "2026-06-03T08:48:25.361961", "user": "USER_009", "type": "file", "hour": 3, "filename": "sensitive_data_77.zip"}
{"timestamp": "2026-06-03T08:48:25.361961", "user": "USER_009", "type": "file", "hour": 3, "filename": "sensitive_data_13.zip"}
{"timestamp": "2026-06-03T08:48:25.361961", "user": "USER_009", "type": "file", "hour": 3, "filename": "sensitive_data_47.zip"}
{"timestamp": "2026-06-03T08:48:25.361961", "user": "USER_009", "type": "file", "hour": 3, "filename": "sensitive_data_88.zip"}
{"timestamp": "2026-06-03T08:48:25.361961", "user": "USER_009", "type": "file", "hour": 3, "filename": "sensitive_data_24.zip"}
{"timestamp": "2026-06-03T08:48:25.361961", "user": "USER_009", "type": "file", "hour": 3, "filename": "sensitive_data_100.zip"}
{"timestamp": "2026-06-03T08:48:25.361961", "user": "USER_009", "type": "file", "hour": 3, "filename": "sensitive_data_49.zip"}
{"timestamp": "2026-06-03T08:48:25.361961", "user": "USER_009", "type": "file", "hour": 3, "filename": "sensitive_data_29.zip"}
{"timestamp": "2026-06-03T08:48:25.361961", "user": "USER_009", "type": "file", "hour": 3, "filename": "sensitive_data_72.zip"}
{"timestamp": "2026-06-03T08:48:25.361961", "user": "USER_009", "type": "file", "hour": 3, "filename": "sensitive_data_98.zip"}
{"timestamp": "2026-06-03T08:48:25.361961", "user": "USER_009", "type": "file", "hour": 3, "filename": "sensitive_data_76.zip"}
{"timestamp": "2026-06-03T08:48:25.361961", "user": "USER_009", "type": "file", "hour": 3, "filename": "sensitive_data_57.zip"}
{"timestamp": "2026-06-03T08:48:25.361961", "user": "USER_009", "type": "file", "hour": 3, "filename": "sensitive_data_91.zip"}
{"timestamp": "2026-06-03T08:48:25.361961", "user": "USER_009", "type": "file", "hour": 3, "filename": "sensitive_data_10.zip"}
{"timestamp": "2026-06-03T08:48:25.361961", "user": "USER_009", "type": "file", "hour": 3, "filename": "sensitive_data_93.zip"}
{"timestamp": "2026-06-03T08:48:25.361961", "user": "USER_009", "type": "file", "hour": 3, "filename": "sensitive_data_21.zip"}
{"timestamp": "2026-06-03T08:48:25.361961", "user": "USER_009", "type": "email", "hour": 3, "external": true}
{"timestamp": "2026-06-03T08:48:25.361961", "user": "USER_009", "type": "email", "hour": 3, "external": true}
{"timestamp": "2026-06-03T08:48:25.361961", "user": "USER_009", "type": "email", "hour": 3, "external": true}
{"timestamp": "2026-06-03T08:48:25.361961", "user": "USER_009", "type": "email", "hour": 3, "external": true}
{"timestamp": "2026-06-03T08:48:25.361961", "user": "USER_009", "type": "email", "hour": 3, "external": true}
{"timestamp": "2026-06-03T08:48:25.361961", "user": "USER_009", "type": "email", "hour": 3, "external": true}
{"timestamp": "2026-06-03T08:48:25.361961", "user": "USER_009", "type": "email", "hour": 3, "external": true}
{"timestamp": "2026-06-03T08:48:25.361961", "user": "USER_009", "type": "email", "hour": 3, "external": true}
{"timestamp": "2026-06-03T08:48:25.361961", "user": "USER_009", "type": "email", "hour": 3, "external": true}
{"timestamp": "2026-06-03T08:48:25.361961", "user": "USER_009", "type": "email", "hour": 3, "external": true}
{"timestamp": "2026-06-03T08:48:25.862921", "user": "USER_018", "type": "logon", "hour": 8}
{"timestamp": "2026-06-03T08:48:26.864609", "user": "USER_013", "type": "email", "hour": 8, "external": true}
{"timestamp": "2026-06-03T08:48:27.868846", "user": "USER_010", "type": "file", "hour": 8, "filename": "doc_795.xlsx"}
{"timestamp": "2026-06-03T08:48:28.871092", "user": "USER_003", "type": "file", "hour": 8, "filename": "doc_365.pdf"}
{"timestamp": "2026-06-03T08:48:29.872373", "user": "USER_006", "type": "email", "hour": 8, "external": false}
{"timestamp": "2026-06-03T08:48:30.373178", "user": "USER_016", "type": "email", "hour": 8, "external": true}
{"timestamp": "2026-06-03T08:48:30.873765", "user": "USER_005", "type": "logon", "hour": 8}
{"timestamp": "2026-06-03T08:48:31.374443", "user": "USER_004", "type": "file", "hour": 8, "filename": "doc_879.xlsx"}
{"timestamp": "2026-06-03T08:48:31.875089", "user": "USER_010", "type": "file", "hour": 8, "filename": "doc_672.pdf"}
{"timestamp": "2026-06-03T08:48:32.375903", "user": "USER_017", "type": "file", "hour": 8, "filename": "doc_515.pdf"}
{"timestamp": "2026-06-03T08:48:32.877023", "user": "USER_006", "type": "file", "hour": 8, "filename": "doc_475.exe"}
{"timestamp": "2026-06-03T08:48:34.879598", "user": "USER_010", "type": "file", "hour": 8, "filename": "doc_157.zip"}
{"timestamp": "2026-06-03T08:48:35.380663", "user": "USER_004", "type": "file", "hour": 8, "filename": "doc_715.pdf"}
{"timestamp": "2026-06-03T08:48:35.881525", "user": "USER_017", "type": "email", "hour": 8, "external": true}
{"timestamp": "2026-06-03T08:48:36.883987", "user": "USER_002", "type": "logon", "hour": 8}
{"timestamp": "2026-06-03T08:48:37.384737", "user": "USER_012", "type": "email", "hour": 8, "external": false}
{"timestamp": "2026-06-03T08:48:37.886059", "user": "USER_005", "type": "email", "hour": 8, "external": true}
{"timestamp": "2026-06-03T08:48:38.887582", "user": "USER_001", "type": "email", "hour": 8, "external": false}
{"timestamp": "2026-06-03T08:48:39.388712", "user": "USER_003", "type": "email", "hour": 8, "external": false}
{"timestamp": "2026-06-03T08:48:40.390105", "user": "USER_016", "type": "file", "hour": 8, "filename": "doc_132.pdf"}
{"timestamp": "2026-06-03T08:48:40.891012", "user": "USER_014", "type": "file", "hour": 8, "filename": "doc_124.docx"}
{"timestamp": "2026-06-03T08:48:41.391923", "user": "USER_007", "type": "email", "hour": 8, "external": false}
{"timestamp": "2026-06-03T08:48:42.393578", "user": "USER_011", "type": "file", "hour": 8, "filename": "doc_626.xlsx"}
{"timestamp": "2026-06-03T08:48:42.894340", "user": "USER_013", "type": "file", "hour": 8, "filename": "doc_269.xlsx"}
{"timestamp": "2026-06-03T08:48:43.395462", "user": "USER_004", "type": "email", "hour": 8, "external": false}
{"timestamp": "2026-06-03T08:48:43.896445", "user": "USER_006", "type": "file", "hour": 8, "filename": "doc_472.docx"}
{"timestamp": "2026-06-03T08:48:44.897401", "user": "USER_008", "type": "logon", "hour": 8}
{"timestamp": "2026-06-03T08:48:45.398239", "user": "USER_019", "type": "file", "hour": 8, "filename": "doc_870.xlsx"}
{"timestamp": "2026-06-03T08:48:45.899589", "user": "USER_018", "type": "email", "hour": 8, "external": true}
{"timestamp": "2026-06-03T08:48:46.400577", "user": "USER_002", "type": "file", "hour": 8, "filename": "doc_511.exe"}
{"timestamp": "2026-06-03T08:48:46.901514", "user": "USER_017", "type": "email", "hour": 8, "external": true}
{"timestamp": "2026-06-03T08:48:47.403200", "user": "USER_009", "type": "device", "hour": 8, "action": "connect"}
{"timestamp": "2026-06-03T08:48:47.904212", "user": "USER_002", "type": "device", "hour": 8, "action": "connect"}
{"timestamp": "2026-06-03T08:48:48.405044", "user": "USER_007", "type": "logon", "hour": 8}
{"timestamp": "2026-06-03T08:48:48.405400", "user": "USER_002", "type": "file", "hour": 3, "filename": "sensitive_data_29.zip"}
{"timestamp": "2026-06-03T08:48:48.405400", "user": "USER_002", "type": "file", "hour": 3, "filename": "sensitive_data_38.zip"}
{"timestamp": "2026-06-03T08:48:48.405400", "user": "USER_002", "type": "file", "hour": 3, "filename": "sensitive_data_39.zip"}
{"timestamp": "2026-06-03T08:48:48.405400", "user": "USER_002", "type": "file", "hour": 3, "filename": "sensitive_data_66.zip"}
{"timestamp": "2026-06-03T08:48:48.405400", "user": "USER_002", "type": "file", "hour": 3, "filename": "sensitive_data_55.zip"}
{"timestamp": "2026-06-03T08:48:48.405400", "user": "USER_002", "type": "file", "hour": 3, "filename": "sensitive_data_87.zip"}
{"timestamp": "2026-06-03T08:48:48.405400", "user": "USER_002", "type": "file", "hour": 3, "filename": "sensitive_data_66.zip"}
{"timestamp": "2026-06-03T08:48:48.405400", "user": "USER_002", "type": "file", "hour": 3, "filename": "sensitive_data_87.zip"}
{"timestamp": "2026-06-03T08:48:48.405400", "user": "USER_002", "type": "file", "hour": 3, "filename": "sensitive_data_92.zip"}
{"timestamp": "2026-06-03T08:48:48.405400", "user": "USER_002", "type": "file", "hour": 3, "filename": "sensitive_data_75.zip"}
{"timestamp": "2026-06-03T08:48:48.405400", "user": "USER_002", "type": "file", "hour": 3, "filename": "sensitive_data_76.zip"}
{"timestamp": "2026-06-03T08:48:48.405400", "user": "USER_002", "type": "file", "hour": 3, "filename": "sensitive_data_29.zip"}
{"timestamp": "2026-06-03T08:48:48.405400", "user": "USER_002", "type": "file", "hour": 3, "filename": "sensitive_data_1.zip"}
{"timestamp": "2026-06-03T08:48:48.405400", "user": "USER_002", "type": "file", "hour": 3, "filename": "sensitive_data_84.zip"}
{"timestamp": "2026-06-03T08:48:48.405400", "user": "USER_002", "type": "file", "hour": 3, "filename": "sensitive_data_53.zip"}
{"timestamp": "2026-06-03T08:48:48.405400", "user": "USER_002", "type": "file", "hour": 3, "filename": "sensitive_data_100.zip"}
{"timestamp": "2026-06-03T08:48:48.405400", "user": "USER_002", "type": "file", "hour": 3, "filename": "sensitive_data_39.zip"}
{"timestamp": "2026-06-03T08:48:48.405400", "user": "USER_002", "type": "file", "hour": 3, "filename": "sensitive_data_21.zip"}
{"timestamp": "2026-06-03T08:48:48.405400", "user": "USER_002", "type": "file", "hour": 3, "filename": "sensitive_data_96.zip"}
{"timestamp": "2026-06-03T08:48:48.405400", "user": "USER_002", "type": "file", "hour": 3, "filename": "sensitive_data_29.zip"}
{"timestamp": "2026-06-03T08:48:48.405400", "user": "USER_002", "type": "file", "hour": 3, "filename": "sensitive_data_91.zip"}
{"timestamp": "2026-06-03T08:48:48.405400", "user": "USER_002", "type": "file", "hour": 3, "filename": "sensitive_data_82.zip"}
{"timestamp": "2026-06-03T08:48:48.405400", "user": "USER_002", "type": "file", "hour": 3, "filename": "sensitive_data_5.zip"}
{"timestamp": "2026-06-03T08:48:48.405400", "user": "USER_002", "type": "file", "hour": 3, "filename": "sensitive_data_95.zip"}
{"timestamp": "2026-06-03T08:48:48.405400", "user": "USER_002", "type": "file", "hour": 3, "filename": "sensitive_data_57.zip"}
{"timestamp": "2026-06-03T08:48:48.405400", "user": "USER_002", "type": "file", "hour": 3, "filename": "sensitive_data_44.zip"}
{"timestamp": "2026-06-03T08:48:48.405400", "user": "USER_002", "type": "file", "hour": 3, "filename": "sensitive_data_51.zip"}
{"timestamp": "2026-06-03T08:48:48.405400", "user": "USER_002", "type": "file", "hour": 3, "filename": "sensitive_data_57.zip"}
{"timestamp": "2026-06-03T08:48:48.405400", "user": "USER_002", "type": "file", "hour": 3, "filename": "sensitive_data_89.zip"}
{"timestamp": "2026-06-03T08:48:48.405400", "user": "USER_002", "type": "file", "hour": 3, "filename": "sensitive_data_77.zip"}
{"timestamp": "2026-06-03T08:48:48.405400", "user": "USER_002", "type": "file", "hour": 3, "filename": "sensitive_data_100.zip"}
{"timestamp": "2026-06-03T08:48:48.405400", "user": "USER_002", "type": "file", "hour": 3, "filename": "sensitive_data_89.zip"}
{"timestamp": "2026-06-03T08:48:48.405400", "user": "USER_002", "type": "file", "hour": 3, "filename": "sensitive_data_44.zip"}
{"timestamp": "2026-06-03T08:48:48.405400", "user": "USER_002", "type": "file", "hour": 3, "filename": "sensitive_data_17.zip"}
{"timestamp": "2026-06-03T08:48:48.405400", "user": "USER_002", "type": "file", "hour": 3, "filename": "sensitive_data_99.zip"}
{"timestamp": "2026-06-03T08:48:48.405400", "user": "USER_002", "type": "file", "hour": 3, "filename": "sensitive_data_38.zip"}
{"timestamp": "2026-06-03T08:48:48.405400", "user": "USER_002", "type": "file", "hour": 3, "filename": "sensitive_data_37.zip"}
{"timestamp": "2026-06-03T08:48:48.405400", "user": "USER_002", "type": "file", "hour": 3, "filename": "sensitive_data_10.zip"}
{"timestamp": "2026-06-03T08:48:48.405400", "user": "USER_002", "type": "file", "hour": 3, "filename": "sensitive_data_79.zip"}
{"timestamp": "2026-06-03T08:48:48.405400", "user": "USER_002", "type": "file", "hour": 3, "filename": "sensitive_data_63.zip"}
{"timestamp": "2026-06-03T08:48:48.405400", "user": "USER_002", "type": "file", "hour": 3, "filename": "sensitive_data_82.zip"}
{"timestamp": "2026-06-03T08:48:48.405400", "user": "USER_002", "type": "file", "hour": 3, "filename": "sensitive_data_93.zip"}
{"timestamp": "2026-06-03T08:48:48.405400", "user": "USER_002", "type": "file", "hour": 3, "filename": "sensitive_data_6.zip"}
{"timestamp": "2026-06-03T08:48:48.405400", "user": "USER_002", "type": "file", "hour": 3, "filename": "sensitive_data_39.zip"}
{"timestamp": "2026-06-03T08:48:48.405400", "user": "USER_002", "type": "file", "hour": 3, "filename": "sensitive_data_75.zip"}
{"timestamp": "2026-06-03T08:48:48.405400", "user": "USER_002", "type": "email", "hour": 3, "external": true}
{"timestamp": "2026-06-03T08:48:48.405400", "user": "USER_002", "type": "email", "hour": 3, "external": true}
{"timestamp": "2026-06-03T08:48:48.405400", "user": "USER_002", "type": "email", "hour": 3, "external": true}
{"timestamp": "2026-06-03T08:48:48.405400", "user": "USER_002", "type": "email", "hour": 3, "external": true}
{"timestamp": "2026-06-03T08:48:48.405400", "user": "USER_002", "type": "email", "hour": 3, "external": true}
{"timestamp": "2026-06-03T08:48:48.405400", "user": "USER_002", "type": "email", "hour": 3, "external": true}
{"timestamp": "2026-06-03T08:48:48.405400", "user": "USER_002", "type": "email", "hour": 3, "external": true}
{"timestamp": "2026-06-03T08:48:48.405400", "user": "USER_002", "type": "email", "hour": 3, "external": true}
{"timestamp": "2026-06-03T08:48:48.405400", "user": "USER_002", "type": "email", "hour": 3, "external": true}
{"timestamp": "2026-06-03T08:48:48.405400", "user": "USER_002", "type": "email", "hour": 3, "external": true}
{"timestamp": "2026-06-03T08:48:48.405400", "user": "USER_002", "type": "email", "hour": 3, "external": true}
{"timestamp": "2026-06-03T08:48:48.405400", "user": "USER_002", "type": "email", "hour": 3, "external": true}
{"timestamp": "2026-06-03T08:48:48.405400", "user": "USER_002", "type": "email", "hour": 3, "external": true}
{"timestamp": "2026-06-03T08:48:48.405400", "user": "USER_002", "type": "email", "hour": 3, "external": true}
{"timestamp": "2026-06-03T08:48:48.405400", "user": "USER_002", "type": "email", "hour": 3, "external": true}
{"timestamp": "2026-06-03T08:48:48.405400", "user": "USER_002", "type": "email", "hour": 3, "external": true}
{"timestamp": "2026-06-03T08:48:48.405400", "user": "USER_002", "type": "email", "hour": 3, "external": true}
{"timestamp": "2026-06-03T08:48:48.405400", "user": "USER_002", "type": "email", "hour": 3, "external": true}
{"timestamp": "2026-06-03T08:48:48.906572", "user": "USER_013", "type": "email", "hour": 8, "external": false}
{"timestamp": "2026-06-03T08:48:49.407335", "user": "USER_002", "type": "email", "hour": 8, "external": false}
{"timestamp": "2026-06-03T08:48:49.907944", "user": "USER_018", "type": "email", "hour": 8, "external": false}
{"timestamp": "2026-06-03T08:48:50.408929", "user": "USER_004", "type": "file", "hour": 8, "filename": "doc_516.pdf"}
{"timestamp": "2026-06-03T08:48:50.409127", "user": "USER_012", "type": "file", "hour": 3, "filename": "sensitive_data_46.zip"}
{"timestamp": "2026-06-03T08:48:50.409127", "user": "USER_012", "type": "file", "hour": 3, "filename": "sensitive_data_34.zip"}
{"timestamp": "2026-06-03T08:48:50.409127", "user": "USER_012", "type": "file", "hour": 3, "filename": "sensitive_data_6.zip"}
{"timestamp": "2026-06-03T08:48:50.409127", "user": "USER_012", "type": "file", "hour": 3, "filename": "sensitive_data_37.zip"}
{"timestamp": "2026-06-03T08:48:50.409127", "user": "USER_012", "type": "file", "hour": 3, "filename": "sensitive_data_76.zip"}
{"timestamp": "2026-06-03T08:48:50.409127", "user": "USER_012", "type": "file", "hour": 3, "filename": "sensitive_data_55.zip"}
{"timestamp": "2026-06-03T08:48:50.409127", "user": "USER_012", "type": "file", "hour": 3, "filename": "sensitive_data_46.zip"}
{"timestamp": "2026-06-03T08:48:50.409127", "user": "USER_012", "type": "file", "hour": 3, "filename": "sensitive_data_100.zip"}
{"timestamp": "2026-06-03T08:48:50.409127", "user": "USER_012", "type": "file", "hour": 3, "filename": "sensitive_data_26.zip"}
{"timestamp": "2026-06-03T08:48:50.409127", "user": "USER_012", "type": "file", "hour": 3, "filename": "sensitive_data_91.zip"}
{"timestamp": "2026-06-03T08:48:50.409127", "user": "USER_012", "type": "file", "hour": 3, "filename": "sensitive_data_21.zip"}
{"timestamp": "2026-06-03T08:48:50.409127", "user": "USER_012", "type": "file", "hour": 3, "filename": "sensitive_data_35.zip"}
{"timestamp": "2026-06-03T08:48:50.409127", "user": "USER_012", "type": "file", "hour": 3, "filename": "sensitive_data_31.zip"}
{"timestamp": "2026-06-03T08:48:50.409127", "user": "USER_012", "type": "file", "hour": 3, "filename": "sensitive_data_62.zip"}
{"timestamp": "2026-06-03T08:48:50.409127", "user": "USER_012", "type": "file", "hour": 3, "filename": "sensitive_data_95.zip"}
{"timestamp": "2026-06-03T08:48:50.409127", "user": "USER_012", "type": "file", "hour": 3, "filename": "sensitive_data_51.zip"}
{"timestamp": "2026-06-03T08:48:50.409127", "user": "USER_012", "type": "file", "hour": 3, "filename": "sensitive_data_60.zip"}
{"timestamp": "2026-06-03T08:48:50.409127", "user": "USER_012", "type": "file", "hour": 3, "filename": "sensitive_data_43.zip"}
{"timestamp": "2026-06-03T08:48:50.409127", "user": "USER_012", "type": "file", "hour": 3, "filename": "sensitive_data_91.zip"}
{"timestamp": "2026-06-03T08:48:50.409127", "user": "USER_012", "type": "file", "hour": 3, "filename": "sensitive_data_64.zip"}
{"timestamp": "2026-06-03T08:48:50.409127", "user": "USER_012", "type": "file", "hour": 3, "filename": "sensitive_data_16.zip"}
{"timestamp": "2026-06-03T08:48:50.409127", "user": "USER_012", "type": "file", "hour": 3, "filename": "sensitive_data_82.zip"}
{"timestamp": "2026-06-03T08:48:50.409127", "user": "USER_012", "type": "file", "hour": 3, "filename": "sensitive_data_7.zip"}
{"timestamp": "2026-06-03T08:48:50.409127", "user": "USER_012", "type": "file", "hour": 3, "filename": "sensitive_data_72.zip"}
{"timestamp": "2026-06-03T08:48:50.409127", "user": "USER_012", "type": "file", "hour": 3, "filename": "sensitive_data_65.zip"}
{"timestamp": "2026-06-03T08:48:50.409127", "user": "USER_012", "type": "file", "hour": 3, "filename": "sensitive_data_42.zip"}
{"timestamp": "2026-06-03T08:48:50.409127", "user": "USER_012", "type": "file", "hour": 3, "filename": "sensitive_data_7.zip"}
{"timestamp": "2026-06-03T08:48:50.409127", "user": "USER_012", "type": "file", "hour": 3, "filename": "sensitive_data_19.zip"}
{"timestamp": "2026-06-03T08:48:50.409127", "user": "USER_012", "type": "file", "hour": 3, "filename": "sensitive_data_50.zip"}
{"timestamp": "2026-06-03T08:48:50.409127", "user": "USER_012", "type": "file", "hour": 3, "filename": "sensitive_data_95.zip"}
{"timestamp": "2026-06-03T08:48:50.409127", "user": "USER_012", "type": "file", "hour": 3, "filename": "sensitive_data_68.zip"}
{"timestamp": "2026-06-03T08:48:50.409127", "user": "USER_012", "type": "file", "hour": 3, "filename": "sensitive_data_19.zip"}
{"timestamp": "2026-06-03T08:48:50.409127", "user": "USER_012", "type": "file", "hour": 3, "filename": "sensitive_data_75.zip"}
{"timestamp": "2026-06-03T08:48:50.409127", "user": "USER_012", "type": "email", "hour": 3, "external": true}
{"timestamp": "2026-06-03T08:48:50.409127", "user": "USER_012", "type": "email", "hour": 3, "external": true}
{"timestamp": "2026-06-03T08:48:50.409127", "user": "USER_012", "type": "email", "hour": 3, "external": true}
{"timestamp": "2026-06-03T08:48:50.409127", "user": "USER_012", "type": "email", "hour": 3, "external": true}
{"timestamp": "2026-06-03T08:48:50.409127", "user": "USER_012", "type": "email", "hour": 3, "external": true}
{"timestamp": "2026-06-03T08:48:50.409127", "user": "USER_012", "type": "email", "hour": 3, "external": true}
{"timestamp": "2026-06-03T08:48:50.409127", "user": "USER_012", "type": "email", "hour": 3, "external": true}
{"timestamp": "2026-06-03T08:48:50.409127", "user": "USER_012", "type": "email", "hour": 3, "external": true}
{"timestamp": "2026-06-03T08:48:50.409127", "user": "USER_012", "type": "email", "hour": 3, "external": true}
{"timestamp": "2026-06-03T08:48:50.409127", "user": "USER_012", "type": "email", "hour": 3, "external": true}
{"timestamp": "2026-06-03T08:48:50.409127", "user": "USER_012", "type": "email", "hour": 3, "external": true}
{"timestamp": "2026-06-03T08:48:50.910039", "user": "USER_007", "type": "email", "hour": 8, "external": true}
{"timestamp": "2026-06-03T08:48:51.410664", "user": "USER_020", "type": "logon", "hour": 8}
{"timestamp": "2026-06-03T08:48:51.911652", "user": "USER_004", "type": "email", "hour": 8, "external": false}
{"timestamp": "2026-06-03T08:48:52.412232", "user": "USER_009", "type": "file", "hour": 8, "filename": "doc_953.exe"}
{"timestamp": "2026-06-03T08:48:52.912854", "user": "USER_008", "type": "file", "hour": 8, "filename": "doc_156.pdf"}
{"timestamp": "2026-06-03T08:48:53.413939", "user": "USER_011", "type": "file", "hour": 8, "filename": "doc_385.zip"}
{"timestamp": "2026-06-03T08:48:53.914896", "user": "USER_019", "type": "file", "hour": 8, "filename": "doc_698.zip"}
{"timestamp": "2026-06-03T08:48:54.917204", "user": "USER_001", "type": "file", "hour": 8, "filename": "doc_430.zip"}
{"timestamp": "2026-06-03T08:48:55.418152", "user": "USER_015", "type": "file", "hour": 8, "filename": "doc_608.xlsx"}
{"timestamp": "2026-06-03T08:48:55.919618", "user": "USER_017", "type": "email", "hour": 8, "external": true}
{"timestamp": "2026-06-03T08:48:56.420632", "user": "USER_016", "type": "file", "hour": 8, "filename": "doc_863.xlsx"}
{"timestamp": "2026-06-03T08:48:56.921911", "user": "USER_002", "type": "file", "hour": 8, "filename": "doc_344.exe"}
{"timestamp": "2026-06-03T08:48:57.422865", "user": "USER_015", "type": "file", "hour": 8, "filename": "doc_978.exe"}
{"timestamp": "2026-06-03T08:48:57.923763", "user": "USER_006", "type": "file", "hour": 8, "filename": "doc_764.pdf"}
{"timestamp": "2026-06-03T08:48:58.424720", "user": "USER_004", "type": "file", "hour": 8, "filename": "doc_521.exe"}
{"timestamp": "2026-06-03T08:48:58.925742", "user": "USER_005", "type": "email", "hour": 8, "external": false}
{"timestamp": "2026-06-03T08:48:59.426303", "user": "USER_020", "type": "email", "hour": 8, "external": false}
{"timestamp": "2026-06-03T08:49:01.429540", "user": "USER_003", "type": "email", "hour": 8, "external": false}
{"timestamp": "2026-06-03T08:49:01.930454", "user": "USER_016", "type": "device", "hour": 8, "action": "disconnect"}
{"timestamp": "2026-06-03T08:49:03.935464", "user": "USER_003", "type": "device", "hour": 8, "action": "disconnect"}
{"timestamp": "2026-06-03T08:49:04.437078", "user": "USER_007", "type": "email", "hour": 8, "external": false}
{"timestamp": "2026-06-03T08:49:05.439202", "user": "USER_003", "type": "email", "hour": 8, "external": false}
{"timestamp": "2026-06-03T08:49:05.940125", "user": "USER_016", "type": "email", "hour": 8, "external": false}
{"timestamp": "2026-06-03T08:49:06.441385", "user": "USER_014", "type": "email", "hour": 8, "external": false}
{"timestamp": "2026-06-03T08:49:06.942550", "user": "USER_018", "type": "email", "hour": 8, "external": false}
{"timestamp": "2026-06-03T08:49:07.443269", "user": "USER_013", "type": "file", "hour": 8, "filename": "doc_741.exe"}
{"timestamp": "2026-06-03T08:49:07.944489", "user": "USER_020", "type": "file", "hour": 8, "filename": "doc_701.exe"}
{"timestamp": "2026-06-03T08:49:08.445074", "user": "USER_013", "type": "logon", "hour": 8}
{"timestamp": "2026-06-03T08:49:08.945953", "user": "USER_002", "type": "file", "hour": 8, "filename": "doc_158.zip"}
{"timestamp": "2026-06-03T08:49:09.446987", "user": "USER_002", "type": "file", "hour": 8, "filename": "doc_775.zip"}
{"timestamp": "2026-06-03T08:49:09.948186", "user": "USER_017", "type": "logon", "hour": 8}
{"timestamp": "2026-06-03T08:49:10.449060", "user": "USER_010", "type": "email", "hour": 8, "external": false}
{"timestamp": "2026-06-03T08:49:10.949910", "user": "USER_007", "type": "file", "hour": 8, "filename": "doc_717.pdf"}
{"timestamp": "2026-06-03T08:49:11.450557", "user": "USER_020", "type": "logon", "hour": 8}
{"timestamp": "2026-06-03T08:49:11.951553", "user": "USER_001", "type": "email", "hour": 8, "external": false}
{"timestamp": "2026-06-03T08:49:12.452406", "user": "USER_010", "type": "file", "hour": 8, "filename": "doc_890.docx"}
{"timestamp": "2026-06-03T08:49:12.953286", "user": "USER_008", "type": "email", "hour": 8, "external": false}
{"timestamp": "2026-06-03T08:49:13.453861", "user": "USER_015", "type": "email", "hour": 8, "external": false}
{"timestamp": "2026-06-03T08:49:13.954713", "user": "USER_019", "type": "logon", "hour": 8}
{"timestamp": "2026-06-03T08:49:14.455468", "user": "USER_016", "type": "file", "hour": 8, "filename": "doc_327.zip"}
{"timestamp": "2026-06-03T08:49:15.456863", "user": "USER_004", "type": "file", "hour": 8, "filename": "doc_200.zip"}
{"timestamp": "2026-06-03T08:49:15.957894", "user": "USER_017", "type": "email", "hour": 8, "external": false}
{"timestamp": "2026-06-03T08:49:16.458449", "user": "USER_009", "type": "file", "hour": 8, "filename": "doc_965.pdf"}
{"timestamp": "2026-06-03T08:49:17.460392", "user": "USER_017", "type": "file", "hour": 8, "filename": "doc_558.xlsx"}
{"timestamp": "2026-06-03T08:49:17.961423", "user": "USER_004", "type": "file", "hour": 8, "filename": "doc_525.exe"}
{"timestamp": "2026-06-03T08:49:18.462969", "user": "USER_011", "type": "file", "hour": 8, "filename": "doc_113.pdf"}
{"timestamp": "2026-06-03T08:49:19.965390", "user": "USER_002", "type": "logon", "hour": 8}
{"timestamp": "2026-06-03T08:49:20.466295", "user": "USER_012", "type": "file", "hour": 8, "filename": "doc_896.docx"}
{"timestamp": "2026-06-03T08:49:20.466643", "user": "USER_007", "type": "file", "hour": 3, "filename": "sensitive_data_26.zip"}
{"timestamp": "2026-06-03T08:49:20.466643", "user": "USER_007", "type": "file", "hour": 3, "filename": "sensitive_data_22.zip"}
{"timestamp": "2026-06-03T08:49:20.466643", "user": "USER_007", "type": "file", "hour": 3, "filename": "sensitive_data_63.zip"}
{"timestamp": "2026-06-03T08:49:20.466643", "user": "USER_007", "type": "file", "hour": 3, "filename": "sensitive_data_82.zip"}
{"timestamp": "2026-06-03T08:49:20.466643", "user": "USER_007", "type": "file", "hour": 3, "filename": "sensitive_data_82.zip"}
{"timestamp": "2026-06-03T08:49:20.466643", "user": "USER_007", "type": "file", "hour": 3, "filename": "sensitive_data_56.zip"}
{"timestamp": "2026-06-03T08:49:20.466643", "user": "USER_007", "type": "file", "hour": 3, "filename": "sensitive_data_87.zip"}
{"timestamp": "2026-06-03T08:49:20.466643", "user": "USER_007", "type": "file", "hour": 3, "filename": "sensitive_data_28.zip"}
{"timestamp": "2026-06-03T08:49:20.466643", "user": "USER_007", "type": "file", "hour": 3, "filename": "sensitive_data_74.zip"}
{"timestamp": "2026-06-03T08:49:20.466643", "user": "USER_007", "type": "file", "hour": 3, "filename": "sensitive_data_87.zip"}
{"timestamp": "2026-06-03T08:49:20.466643", "user": "USER_007", "type": "file", "hour": 3, "filename": "sensitive_data_70.zip"}
{"timestamp": "2026-06-03T08:49:20.466643", "user": "USER_007", "type": "file", "hour": 3, "filename": "sensitive_data_12.zip"}
{"timestamp": "2026-06-03T08:49:20.466643", "user": "USER_007", "type": "file", "hour": 3, "filename": "sensitive_data_4.zip"}
{"timestamp": "2026-06-03T08:49:20.466643", "user": "USER_007", "type": "file", "hour": 3, "filename": "sensitive_data_23.zip"}
{"timestamp": "2026-06-03T08:49:20.466643", "user": "USER_007", "type": "file", "hour": 3, "filename": "sensitive_data_74.zip"}
{"timestamp": "2026-06-03T08:49:20.466643", "user": "USER_007", "type": "file", "hour": 3, "filename": "sensitive_data_92.zip"}
{"timestamp": "2026-06-03T08:49:20.466643", "user": "USER_007", "type": "file", "hour": 3, "filename": "sensitive_data_82.zip"}
{"timestamp": "2026-06-03T08:49:20.466643", "user": "USER_007", "type": "file", "hour": 3, "filename": "sensitive_data_17.zip"}
{"timestamp": "2026-06-03T08:49:20.466643", "user": "USER_007", "type": "file", "hour": 3, "filename": "sensitive_data_89.zip"}
{"timestamp": "2026-06-03T08:49:20.466643", "user": "USER_007", "type": "file", "hour": 3, "filename": "sensitive_data_91.zip"}
{"timestamp": "2026-06-03T08:49:20.466643", "user": "USER_007", "type": "file", "hour": 3, "filename": "sensitive_data_33.zip"}
{"timestamp": "2026-06-03T08:49:20.466643", "user": "USER_007", "type": "file", "hour": 3, "filename": "sensitive_data_78.zip"}
{"timestamp": "2026-06-03T08:49:20.466643", "user": "USER_007", "type": "file", "hour": 3, "filename": "sensitive_data_38.zip"}
{"timestamp": "2026-06-03T08:49:20.466643", "user": "USER_007", "type": "file", "hour": 3, "filename": "sensitive_data_10.zip"}
{"timestamp": "2026-06-03T08:49:20.466643", "user": "USER_007", "type": "file", "hour": 3, "filename": "sensitive_data_25.zip"}
{"timestamp": "2026-06-03T08:49:20.466643", "user": "USER_007", "type": "file", "hour": 3, "filename": "sensitive_data_63.zip"}
{"timestamp": "2026-06-03T08:49:20.466643", "user": "USER_007", "type": "file", "hour": 3, "filename": "sensitive_data_63.zip"}
{"timestamp": "2026-06-03T08:49:20.466643", "user": "USER_007", "type": "file", "hour": 3, "filename": "sensitive_data_36.zip"}
{"timestamp": "2026-06-03T08:49:20.466643", "user": "USER_007", "type": "file", "hour": 3, "filename": "sensitive_data_63.zip"}
{"timestamp": "2026-06-03T08:49:20.466643", "user": "USER_007", "type": "file", "hour": 3, "filename": "sensitive_data_5.zip"}
{"timestamp": "2026-06-03T08:49:20.466643", "user": "USER_007", "type": "file", "hour": 3, "filename": "sensitive_data_42.zip"}
{"timestamp": "2026-06-03T08:49:20.466643", "user": "USER_007", "type": "file", "hour": 3, "filename": "sensitive_data_26.zip"}
{"timestamp": "2026-06-03T08:49:20.466643", "user": "USER_007", "type": "file", "hour": 3, "filename": "sensitive_data_31.zip"}
{"timestamp": "2026-06-03T08:49:20.466643", "user": "USER_007", "type": "file", "hour": 3, "filename": "sensitive_data_12.zip"}
{"timestamp": "2026-06-03T08:49:20.466643", "user": "USER_007", "type": "file", "hour": 3, "filename": "sensitive_data_15.zip"}
{"timestamp": "2026-06-03T08:49:20.466643", "user": "USER_007", "type": "file", "hour": 3, "filename": "sensitive_data_58.zip"}
{"timestamp": "2026-06-03T08:49:20.466643", "user": "USER_007", "type": "file", "hour": 3, "filename": "sensitive_data_59.zip"}
{"timestamp": "2026-06-03T08:49:20.466643", "user": "USER_007", "type": "file", "hour": 3, "filename": "sensitive_data_60.zip"}
{"timestamp": "2026-06-03T08:49:20.466643", "user": "USER_007", "type": "file", "hour": 3, "filename": "sensitive_data_40.zip"}
{"timestamp": "2026-06-03T08:49:20.466643", "user": "USER_007", "type": "file", "hour": 3, "filename": "sensitive_data_77.zip"}
{"timestamp": "2026-06-03T08:49:20.466643", "user": "USER_007", "type": "file", "hour": 3, "filename": "sensitive_data_36.zip"}
{"timestamp": "2026-06-03T08:49:20.466643", "user": "USER_007", "type": "file", "hour": 3, "filename": "sensitive_data_36.zip"}
{"timestamp": "2026-06-03T08:49:20.466643", "user": "USER_007", "type": "file", "hour": 3, "filename": "sensitive_data_23.zip"}
{"timestamp": "2026-06-03T08:49:20.466643", "user": "USER_007", "type": "file", "hour": 3, "filename": "sensitive_data_49.zip"}
{"timestamp": "2026-06-03T08:49:20.466643", "user": "USER_007", "type": "file", "hour": 3, "filename": "sensitive_data_47.zip"}
{"timestamp": "2026-06-03T08:49:20.466643", "user": "USER_007", "type": "file", "hour": 3, "filename": "sensitive_data_63.zip"}
{"timestamp": "2026-06-03T08:49:20.466643", "user": "USER_007", "type": "file", "hour": 3, "filename": "sensitive_data_79.zip"}
{"timestamp": "2026-06-03T08:49:20.466643", "user": "USER_007", "type": "email", "hour": 3, "external": true}
{"timestamp": "2026-06-03T08:49:20.466643", "user": "USER_007", "type": "email", "hour": 3, "external": true}
{"timestamp": "2026-06-03T08:49:20.466643", "user": "USER_007", "type": "email", "hour": 3, "external": true}
{"timestamp": "2026-06-03T08:49:20.466643", "user": "USER_007", "type": "email", "hour": 3, "external": true}
{"timestamp": "2026-06-03T08:49:20.466643", "user": "USER_007", "type": "email", "hour": 3, "external": true}
{"timestamp": "2026-06-03T08:49:20.466643", "user": "USER_007", "type": "email", "hour": 3, "external": true}
{"timestamp": "2026-06-03T08:49:20.466643", "user": "USER_007", "type": "email", "hour": 3, "external": true}
{"timestamp": "2026-06-03T08:49:20.466643", "user": "USER_007", "type": "email", "hour": 3, "external": true}
{"timestamp": "2026-06-03T08:49:20.466643", "user": "USER_007", "type": "email", "hour": 3, "external": true}
{"timestamp": "2026-06-03T08:49:20.466643", "user": "USER_007", "type": "email", "hour": 3, "external": true}
{"timestamp": "2026-06-03T08:49:20.968242", "user": "USER_012", "type": "logon", "hour": 8}
{"timestamp": "2026-06-03T08:49:21.469089", "user": "USER_009", "type": "email", "hour": 8, "external": true}
{"timestamp": "2026-06-03T08:49:21.970020", "user": "USER_002", "type": "email", "hour": 8, "external": true}
{"timestamp": "2026-06-03T08:49:22.470551", "user": "USER_008", "type": "file", "hour": 8, "filename": "doc_713.xlsx"}
{"timestamp": "2026-06-03T08:49:22.971400", "user": "USER_003", "type": "file", "hour": 8, "filename": "doc_604.zip"}
{"timestamp": "2026-06-03T08:49:23.472749", "user": "USER_013", "type": "file", "hour": 8, "filename": "doc_480.docx"}
{"timestamp": "2026-06-03T08:49:23.973663", "user": "USER_016", "type": "file", "hour": 8, "filename": "doc_255.zip"}
{"timestamp": "2026-06-03T08:49:24.475043", "user": "USER_006", "type": "file", "hour": 8, "filename": "doc_903.exe"}
{"timestamp": "2026-06-03T08:49:24.976226", "user": "USER_011", "type": "file", "hour": 8, "filename": "doc_521.zip"}
{"timestamp": "2026-06-03T08:49:25.477332", "user": "USER_008", "type": "file", "hour": 8, "filename": "doc_451.zip"}
{"timestamp": "2026-06-03T08:49:26.478755", "user": "USER_020", "type": "file", "hour": 8, "filename": "doc_913.docx"}
{"timestamp": "2026-06-03T08:49:26.979886", "user": "USER_018", "type": "logon", "hour": 8}
{"timestamp": "2026-06-03T08:49:28.482141", "user": "USER_007", "type": "device", "hour": 8, "action": "disconnect"}
{"timestamp": "2026-06-03T08:49:29.483466", "user": "USER_016", "type": "email", "hour": 8, "external": false}
{"timestamp": "2026-06-03T08:49:29.984126", "user": "USER_020", "type": "file", "hour": 8, "filename": "doc_981.exe"}
{"timestamp": "2026-06-03T08:49:30.484976", "user": "USER_004", "type": "file", "hour": 8, "filename": "doc_494.exe"}
{"timestamp": "2026-06-03T08:49:30.985617", "user": "USER_013", "type": "email", "hour": 8, "external": true}
{"timestamp": "2026-06-03T08:49:31.486327", "user": "USER_019", "type": "email", "hour": 8, "external": false}
{"timestamp": "2026-06-03T08:49:32.487333", "user": "USER_001", "type": "file", "hour": 8, "filename": "doc_325.xlsx"}
{"timestamp": "2026-06-03T08:49:32.988192", "user": "USER_006", "type": "file", "hour": 8, "filename": "doc_507.docx"}
{"timestamp": "2026-06-03T08:49:33.488896", "user": "USER_017", "type": "file", "hour": 8, "filename": "doc_797.docx"}
{"timestamp": "2026-06-03T08:49:33.989626", "user": "USER_002", "type": "logon", "hour": 8}
{"timestamp": "2026-06-03T08:49:34.990639", "user": "USER_008", "type": "file", "hour": 8, "filename": "doc_959.zip"}
{"timestamp": "2026-06-03T08:49:35.491183", "user": "USER_006", "type": "device", "hour": 8, "action": "disconnect"}
{"timestamp": "2026-06-03T08:49:35.991751", "user": "USER_001", "type": "email", "hour": 8, "external": false}
{"timestamp": "2026-06-03T08:49:36.492388", "user": "USER_002", "type": "file", "hour": 8, "filename": "doc_852.exe"}
{"timestamp": "2026-06-03T08:49:36.993118", "user": "USER_001", "type": "file", "hour": 8, "filename": "doc_407.zip"}
{"timestamp": "2026-06-03T08:49:37.994350", "user": "USER_002", "type": "file", "hour": 8, "filename": "doc_806.pdf"}
{"timestamp": "2026-06-03T08:49:38.495171", "user": "USER_010", "type": "email", "hour": 8, "external": false}
{"timestamp": "2026-06-03T08:49:38.995812", "user": "USER_014", "type": "email", "hour": 8, "external": true}
{"timestamp": "2026-06-03T08:49:38.996132", "user": "USER_016", "type": "file", "hour": 3, "filename": "sensitive_data_94.zip"}
{"timestamp": "2026-06-03T08:49:38.996132", "user": "USER_016", "type": "file", "hour": 3, "filename": "sensitive_data_38.zip"}
{"timestamp": "2026-06-03T08:49:38.996132", "user": "USER_016", "type": "file", "hour": 3, "filename": "sensitive_data_90.zip"}
{"timestamp": "2026-06-03T08:49:38.996132", "user": "USER_016", "type": "file", "hour": 3, "filename": "sensitive_data_69.zip"}
{"timestamp": "2026-06-03T08:49:38.996132", "user": "USER_016", "type": "file", "hour": 3, "filename": "sensitive_data_69.zip"}
{"timestamp": "2026-06-03T08:49:38.996132", "user": "USER_016", "type": "file", "hour": 3, "filename": "sensitive_data_65.zip"}
{"timestamp": "2026-06-03T08:49:38.996132", "user": "USER_016", "type": "file", "hour": 3, "filename": "sensitive_data_45.zip"}
{"timestamp": "2026-06-03T08:49:38.996132", "user": "USER_016", "type": "file", "hour": 3, "filename": "sensitive_data_26.zip"}
{"timestamp": "2026-06-03T08:49:38.996132", "user": "USER_016", "type": "file", "hour": 3, "filename": "sensitive_data_49.zip"}
{"timestamp": "2026-06-03T08:49:38.996132", "user": "USER_016", "type": "file", "hour": 3, "filename": "sensitive_data_77.zip"}
{"timestamp": "2026-06-03T08:49:38.996132", "user": "USER_016", "type": "file", "hour": 3, "filename": "sensitive_data_100.zip"}
{"timestamp": "2026-06-03T08:49:38.996132", "user": "USER_016", "type": "file", "hour": 3, "filename": "sensitive_data_76.zip"}
{"timestamp": "2026-06-03T08:49:38.996132", "user": "USER_016", "type": "file", "hour": 3, "filename": "sensitive_data_68.zip"}
{"timestamp": "2026-06-03T08:49:38.996132", "user": "USER_016", "type": "file", "hour": 3, "filename": "sensitive_data_6.zip"}
{"timestamp": "2026-06-03T08:49:38.996132", "user": "USER_016", "type": "file", "hour": 3, "filename": "sensitive_data_4.zip"}
{"timestamp": "2026-06-03T08:49:38.996132", "user": "USER_016", "type": "file", "hour": 3, "filename": "sensitive_data_26.zip"}
{"timestamp": "2026-06-03T08:49:38.996132", "user": "USER_016", "type": "file", "hour": 3, "filename": "sensitive_data_24.zip"}
{"timestamp": "2026-06-03T08:49:38.996132", "user": "USER_016", "type": "file", "hour": 3, "filename": "sensitive_data_32.zip"}
{"timestamp": "2026-06-03T08:49:38.996132", "user": "USER_016", "type": "file", "hour": 3, "filename": "sensitive_data_92.zip"}
{"timestamp": "2026-06-03T08:49:38.996132", "user": "USER_016", "type": "file", "hour": 3, "filename": "sensitive_data_42.zip"}
{"timestamp": "2026-06-03T08:49:38.996132", "user": "USER_016", "type": "file", "hour": 3, "filename": "sensitive_data_10.zip"}
{"timestamp": "2026-06-03T08:49:38.996132", "user": "USER_016", "type": "file", "hour": 3, "filename": "sensitive_data_67.zip"}
{"timestamp": "2026-06-03T08:49:38.996132", "user": "USER_016", "type": "file", "hour": 3, "filename": "sensitive_data_98.zip"}
{"timestamp": "2026-06-03T08:49:38.996132", "user": "USER_016", "type": "file", "hour": 3, "filename": "sensitive_data_79.zip"}
{"timestamp": "2026-06-03T08:49:38.996132", "user": "USER_016", "type": "file", "hour": 3, "filename": "sensitive_data_56.zip"}
{"timestamp": "2026-06-03T08:49:38.996132", "user": "USER_016", "type": "file", "hour": 3, "filename": "sensitive_data_56.zip"}
{"timestamp": "2026-06-03T08:49:38.996132", "user": "USER_016", "type": "file", "hour": 3, "filename": "sensitive_data_68.zip"}
{"timestamp": "2026-06-03T08:49:38.996132", "user": "USER_016", "type": "file", "hour": 3, "filename": "sensitive_data_52.zip"}
{"timestamp": "2026-06-03T08:49:38.996132", "user": "USER_016", "type": "file", "hour": 3, "filename": "sensitive_data_11.zip"}
{"timestamp": "2026-06-03T08:49:38.996132", "user": "USER_016", "type": "file", "hour": 3, "filename": "sensitive_data_55.zip"}
{"timestamp": "2026-06-03T08:49:38.996132", "user": "USER_016", "type": "file", "hour": 3, "filename": "sensitive_data_2.zip"}
{"timestamp": "2026-06-03T08:49:38.996132", "user": "USER_016", "type": "file", "hour": 3, "filename": "sensitive_data_30.zip"}
{"timestamp": "2026-06-03T08:49:38.996132", "user": "USER_016", "type": "file", "hour": 3, "filename": "sensitive_data_55.zip"}
{"timestamp": "2026-06-03T08:49:38.996132", "user": "USER_016", "type": "file", "hour": 3, "filename": "sensitive_data_92.zip"}
{"timestamp": "2026-06-03T08:49:38.996132", "user": "USER_016", "type": "file", "hour": 3, "filename": "sensitive_data_44.zip"}
{"timestamp": "2026-06-03T08:49:38.996132", "user": "USER_016", "type": "file", "hour": 3, "filename": "sensitive_data_15.zip"}
{"timestamp": "2026-06-03T08:49:38.996132", "user": "USER_016", "type": "file", "hour": 3, "filename": "sensitive_data_23.zip"}
{"timestamp": "2026-06-03T08:49:38.996132", "user": "USER_016", "type": "file", "hour": 3, "filename": "sensitive_data_50.zip"}
{"timestamp": "2026-06-03T08:49:38.996132", "user": "USER_016", "type": "file", "hour": 3, "filename": "sensitive_data_51.zip"}
{"timestamp": "2026-06-03T08:49:38.996132", "user": "USER_016", "type": "file", "hour": 3, "filename": "sensitive_data_94.zip"}
{"timestamp": "2026-06-03T08:49:38.996132", "user": "USER_016", "type": "file", "hour": 3, "filename": "sensitive_data_83.zip"}
{"timestamp": "2026-06-03T08:49:38.996132", "user": "USER_016", "type": "file", "hour": 3, "filename": "sensitive_data_32.zip"}
{"timestamp": "2026-06-03T08:49:38.996132", "user": "USER_016", "type": "file", "hour": 3, "filename": "sensitive_data_51.zip"}
{"timestamp": "2026-06-03T08:49:38.996132", "user": "USER_016", "type": "email", "hour": 3, "external": true}
{"timestamp": "2026-06-03T08:49:38.996132", "user": "USER_016", "type": "email", "hour": 3, "external": true}
{"timestamp": "2026-06-03T08:49:38.996132", "user": "USER_016", "type": "email", "hour": 3, "external": true}
{"timestamp": "2026-06-03T08:49:38.996132", "user": "USER_016", "type": "email", "hour": 3, "external": true}
{"timestamp": "2026-06-03T08:49:38.996132", "user": "USER_016", "type": "email", "hour": 3, "external": true}
{"timestamp": "2026-06-03T08:49:38.996132", "user": "USER_016", "type": "email", "hour": 3, "external": true}
{"timestamp": "2026-06-03T08:49:38.996132", "user": "USER_016", "type": "email", "hour": 3, "external": true}
{"timestamp": "2026-06-03T08:49:38.996132", "user": "USER_016", "type": "email", "hour": 3, "external": true}
{"timestamp": "2026-06-03T08:49:38.996132", "user": "USER_016", "type": "email", "hour": 3, "external": true}
{"timestamp": "2026-06-03T08:49:38.996132", "user": "USER_016", "type": "email", "hour": 3, "external": true}
{"timestamp": "2026-06-03T08:49:38.996132", "user": "USER_016", "type": "email", "hour": 3, "external": true}
{"timestamp": "2026-06-03T08:49:39.497306", "user": "USER_002", "type": "file", "hour": 8, "filename": "doc_746.docx"}
{"timestamp": "2026-06-03T08:49:39.998070", "user": "USER_003", "type": "email", "hour": 8, "external": false}
{"timestamp": "2026-06-03T08:49:41.500531", "user": "USER_009", "type": "email", "hour": 8, "external": false}
{"timestamp": "2026-06-03T08:49:42.001436", "user": "USER_016", "type": "file", "hour": 8, "filename": "doc_889.docx"}
{"timestamp": "2026-06-03T08:49:42.502167", "user": "USER_006", "type": "file", "hour": 8, "filename": "doc_659.exe"}
{"timestamp": "2026-06-03T08:49:43.503997", "user": "USER_009", "type": "device", "hour": 8, "action": "connect"}
{"timestamp": "2026-06-03T08:49:44.005016", "user": "USER_001", "type": "file", "hour": 8, "filename": "doc_932.docx"}
{"timestamp": "2026-06-03T08:49:45.006724", "user": "USER_006", "type": "file", "hour": 8, "filename": "doc_775.exe"}
{"timestamp": "2026-06-03T08:49:46.007660", "user": "USER_008", "type": "file", "hour": 8, "filename": "doc_320.xlsx"}
{"timestamp": "2026-06-03T08:49:46.508482", "user": "USER_007", "type": "file", "hour": 8, "filename": "doc_779.xlsx"}
{"timestamp": "2026-06-03T08:49:47.009475", "user": "USER_019", "type": "logon", "hour": 8}
{"timestamp": "2026-06-03T08:49:47.510392", "user": "USER_020", "type": "file", "hour": 8, "filename": "doc_673.docx"}
{"timestamp": "2026-06-03T08:49:49.012531", "user": "USER_005", "type": "file", "hour": 8, "filename": "doc_298.pdf"}
{"timestamp": "2026-06-03T08:49:49.513225", "user": "USER_018", "type": "file", "hour": 8, "filename": "doc_114.xlsx"}
{"timestamp": "2026-06-03T08:49:50.014223", "user": "USER_015", "type": "file", "hour": 8, "filename": "doc_136.pdf"}
{"timestamp": "2026-06-03T08:49:50.514770", "user": "USER_018", "type": "device", "hour": 8, "action": "disconnect"}
{"timestamp": "2026-06-03T08:49:51.015716", "user": "USER_001", "type": "email", "hour": 8, "external": true}
{"timestamp": "2026-06-03T08:49:51.516541", "user": "USER_020", "type": "file", "hour": 8, "filename": "doc_348.zip"}
{"timestamp": "2026-06-03T08:49:52.017408", "user": "USER_003", "type": "email", "hour": 8, "external": false}
{"timestamp": "2026-06-03T08:49:52.518014", "user": "USER_002", "type": "email", "hour": 8, "external": true}
{"timestamp": "2026-06-03T08:49:53.018825", "user": "USER_010", "type": "device", "hour": 8, "action": "connect"}
{"timestamp": "2026-06-03T08:49:54.020190", "user": "USER_015", "type": "file", "hour": 8, "filename": "doc_592.zip"}
{"timestamp": "2026-06-03T08:49:54.521106", "user": "USER_003", "type": "email", "hour": 8, "external": true}
{"timestamp": "2026-06-03T08:49:55.522356", "user": "USER_012", "type": "file", "hour": 8, "filename": "doc_755.zip"}
{"timestamp": "2026-06-03T08:49:56.023356", "user": "USER_003", "type": "email", "hour": 8, "external": false}
{"timestamp": "2026-06-03T08:49:56.524615", "user": "USER_010", "type": "email", "hour": 8, "external": false}
{"timestamp": "2026-06-03T08:49:57.525999", "user": "USER_001", "type": "email", "hour": 8, "external": false}
{"timestamp": "2026-06-03T08:49:58.026944", "user": "USER_003", "type": "file", "hour": 8, "filename": "doc_540.xlsx"}
{"timestamp": "2026-06-03T08:49:58.527798", "user": "USER_010", "type": "file", "hour": 8, "filename": "doc_365.pdf"}
{"timestamp": "2026-06-03T08:49:59.028294", "user": "USER_019", "type": "logon", "hour": 8}
{"timestamp": "2026-06-03T08:50:00.029322", "user": "USER_003", "type": "file", "hour": 8, "filename": "doc_350.pdf"}
{"timestamp": "2026-06-03T08:50:01.030890", "user": "USER_011", "type": "logon", "hour": 8}
{"timestamp": "2026-06-03T08:50:01.532323", "user": "USER_013", "type": "file", "hour": 3, "filename": "sensitive_data_56.zip"}
{"timestamp": "2026-06-03T08:50:01.532323", "user": "USER_013", "type": "file", "hour": 3, "filename": "sensitive_data_99.zip"}
{"timestamp": "2026-06-03T08:50:01.532323", "user": "USER_013", "type": "file", "hour": 3, "filename": "sensitive_data_55.zip"}
{"timestamp": "2026-06-03T08:50:01.532323", "user": "USER_013", "type": "file", "hour": 3, "filename": "sensitive_data_90.zip"}
{"timestamp": "2026-06-03T08:50:01.532323", "user": "USER_013", "type": "file", "hour": 3, "filename": "sensitive_data_33.zip"}
{"timestamp": "2026-06-03T08:50:01.532323", "user": "USER_013", "type": "file", "hour": 3, "filename": "sensitive_data_2.zip"}
{"timestamp": "2026-06-03T08:50:01.532323", "user": "USER_013", "type": "file", "hour": 3, "filename": "sensitive_data_10.zip"}
{"timestamp": "2026-06-03T08:50:01.532323", "user": "USER_013", "type": "file", "hour": 3, "filename": "sensitive_data_44.zip"}
{"timestamp": "2026-06-03T08:50:01.532323", "user": "USER_013", "type": "file", "hour": 3, "filename": "sensitive_data_73.zip"}
{"timestamp": "2026-06-03T08:50:01.532323", "user": "USER_013", "type": "file", "hour": 3, "filename": "sensitive_data_54.zip"}
{"timestamp": "2026-06-03T08:50:01.532323", "user": "USER_013", "type": "file", "hour": 3, "filename": "sensitive_data_54.zip"}
{"timestamp": "2026-06-03T08:50:01.532323", "user": "USER_013", "type": "file", "hour": 3, "filename": "sensitive_data_22.zip"}
{"timestamp": "2026-06-03T08:50:01.532323", "user": "USER_013", "type": "file", "hour": 3, "filename": "sensitive_data_84.zip"}
{"timestamp": "2026-06-03T08:50:01.532323", "user": "USER_013", "type": "file", "hour": 3, "filename": "sensitive_data_71.zip"}
{"timestamp": "2026-06-03T08:50:01.532323", "user": "USER_013", "type": "file", "hour": 3, "filename": "sensitive_data_64.zip"}
{"timestamp": "2026-06-03T08:50:01.532323", "user": "USER_013", "type": "file", "hour": 3, "filename": "sensitive_data_78.zip"}
{"timestamp": "2026-06-03T08:50:01.532323", "user": "USER_013", "type": "file", "hour": 3, "filename": "sensitive_data_23.zip"}
{"timestamp": "2026-06-03T08:50:01.532323", "user": "USER_013", "type": "file", "hour": 3, "filename": "sensitive_data_20.zip"}
{"timestamp": "2026-06-03T08:50:01.532323", "user": "USER_013", "type": "file", "hour": 3, "filename": "sensitive_data_24.zip"}
{"timestamp": "2026-06-03T08:50:01.532323", "user": "USER_013", "type": "file", "hour": 3, "filename": "sensitive_data_86.zip"}
{"timestamp": "2026-06-03T08:50:01.532323", "user": "USER_013", "type": "file", "hour": 3, "filename": "sensitive_data_1.zip"}
{"timestamp": "2026-06-03T08:50:01.532323", "user": "USER_013", "type": "file", "hour": 3, "filename": "sensitive_data_99.zip"}
{"timestamp": "2026-06-03T08:50:01.532323", "user": "USER_013", "type": "file", "hour": 3, "filename": "sensitive_data_100.zip"}
{"timestamp": "2026-06-03T08:50:01.532323", "user": "USER_013", "type": "file", "hour": 3, "filename": "sensitive_data_13.zip"}
{"timestamp": "2026-06-03T08:50:01.532323", "user": "USER_013", "type": "file", "hour": 3, "filename": "sensitive_data_3.zip"}
{"timestamp": "2026-06-03T08:50:01.532323", "user": "USER_013", "type": "file", "hour": 3, "filename": "sensitive_data_40.zip"}
{"timestamp": "2026-06-03T08:50:01.532323", "user": "USER_013", "type": "file", "hour": 3, "filename": "sensitive_data_77.zip"}
{"timestamp": "2026-06-03T08:50:01.532323", "user": "USER_013", "type": "file", "hour": 3, "filename": "sensitive_data_62.zip"}
{"timestamp": "2026-06-03T08:50:01.532323", "user": "USER_013", "type": "file", "hour": 3, "filename": "sensitive_data_82.zip"}
{"timestamp": "2026-06-03T08:50:01.532323", "user": "USER_013", "type": "file", "hour": 3, "filename": "sensitive_data_81.zip"}
{"timestamp": "2026-06-03T08:50:01.532323", "user": "USER_013", "type": "email", "hour": 3, "external": true}
{"timestamp": "2026-06-03T08:50:01.532323", "user": "USER_013", "type": "email", "hour": 3, "external": true}
{"timestamp": "2026-06-03T08:50:01.532323", "user": "USER_013", "type": "email", "hour": 3, "external": true}
{"timestamp": "2026-06-03T08:50:01.532323", "user": "USER_013", "type": "email", "hour": 3, "external": true}
{"timestamp": "2026-06-03T08:50:01.532323", "user": "USER_013", "type": "email", "hour": 3, "external": true}
{"timestamp": "2026-06-03T08:50:01.532323", "user": "USER_013", "type": "email", "hour": 3, "external": true}
{"timestamp": "2026-06-03T08:50:01.532323", "user": "USER_013", "type": "email", "hour": 3, "external": true}
{"timestamp": "2026-06-03T08:50:01.532323", "user": "USER_013", "type": "email", "hour": 3, "external": true}
{"timestamp": "2026-06-03T08:50:01.532323", "user": "USER_013", "type": "email", "hour": 3, "external": true}
{"timestamp": "2026-06-03T08:50:01.532323", "user": "USER_013", "type": "email", "hour": 3, "external": true}
{"timestamp": "2026-06-03T08:50:01.532323", "user": "USER_013", "type": "email", "hour": 3, "external": true}
{"timestamp": "2026-06-03T08:50:01.532323", "user": "USER_013", "type": "email", "hour": 3, "external": true}
{"timestamp": "2026-06-03T08:50:01.532323", "user": "USER_013", "type": "email", "hour": 3, "external": true}
{"timestamp": "2026-06-03T08:50:02.534202", "user": "USER_009", "type": "email", "hour": 8, "external": false}
{"timestamp": "2026-06-03T08:50:03.035095", "user": "USER_010", "type": "file", "hour": 8, "filename": "doc_153.xlsx"}
{"timestamp": "2026-06-03T08:50:04.036636", "user": "USER_002", "type": "file", "hour": 8, "filename": "doc_556.zip"}
{"timestamp": "2026-06-03T08:50:04.537669", "user": "USER_012", "type": "email", "hour": 8, "external": true}
{"timestamp": "2026-06-03T08:50:05.539124", "user": "USER_015", "type": "file", "hour": 8, "filename": "doc_237.pdf"}
{"timestamp": "2026-06-03T08:50:06.039880", "user": "USER_010", "type": "email", "hour": 8, "external": true}
{"timestamp": "2026-06-03T08:50:06.540934", "user": "USER_010", "type": "email", "hour": 8, "external": false}
{"timestamp": "2026-06-03T08:50:07.041805", "user": "USER_016", "type": "file", "hour": 8, "filename": "doc_527.exe"}
{"timestamp": "2026-06-03T08:50:08.043411", "user": "USER_005", "type": "file", "hour": 8, "filename": "doc_954.pdf"}
{"timestamp": "2026-06-03T08:50:08.544285", "user": "USER_003", "type": "file", "hour": 8, "filename": "doc_115.zip"}
{"timestamp": "2026-06-03T08:50:09.045053", "user": "USER_001", "type": "file", "hour": 8, "filename": "doc_599.xlsx"}
{"timestamp": "2026-06-03T08:50:09.546046", "user": "USER_008", "type": "file", "hour": 8, "filename": "doc_538.docx"}
{"timestamp": "2026-06-03T08:50:10.046450", "user": "USER_016", "type": "email", "hour": 8, "external": false}
{"timestamp": "2026-06-03T08:50:10.547301", "user": "USER_014", "type": "file", "hour": 8, "filename": "doc_135.zip"}
{"timestamp": "2026-06-03T08:50:11.048172", "user": "USER_006", "type": "file", "hour": 8, "filename": "doc_416.pdf"}
{"timestamp": "2026-06-03T08:50:11.549044", "user": "USER_010", "type": "email", "hour": 8, "external": false}
{"timestamp": "2026-06-03T08:50:12.050504", "user": "USER_015", "type": "email", "hour": 8, "external": false}
{"timestamp": "2026-06-03T08:50:13.553323", "user": "USER_003", "type": "email", "hour": 8, "external": false}
{"timestamp": "2026-06-03T08:50:14.054103", "user": "USER_006", "type": "email", "hour": 8, "external": false}
{"timestamp": "2026-06-03T08:50:14.554708", "user": "USER_017", "type": "email", "hour": 8, "external": true}
{"timestamp": "2026-06-03T08:50:15.055708", "user": "USER_018", "type": "file", "hour": 8, "filename": "doc_548.zip"}
{"timestamp": "2026-06-03T08:50:16.057318", "user": "USER_001", "type": "file", "hour": 8, "filename": "doc_415.pdf"}
{"timestamp": "2026-06-03T08:50:16.057748", "user": "USER_019", "type": "file", "hour": 3, "filename": "sensitive_data_44.zip"}
{"timestamp": "2026-06-03T08:50:16.057748", "user": "USER_019", "type": "file", "hour": 3, "filename": "sensitive_data_3.zip"}
{"timestamp": "2026-06-03T08:50:16.057748", "user": "USER_019", "type": "file", "hour": 3, "filename": "sensitive_data_9.zip"}
{"timestamp": "2026-06-03T08:50:16.057748", "user": "USER_019", "type": "file", "hour": 3, "filename": "sensitive_data_82.zip"}
{"timestamp": "2026-06-03T08:50:16.057748", "user": "USER_019", "type": "file", "hour": 3, "filename": "sensitive_data_9.zip"}
{"timestamp": "2026-06-03T08:50:16.057748", "user": "USER_019", "type": "file", "hour": 3, "filename": "sensitive_data_11.zip"}
{"timestamp": "2026-06-03T08:50:16.057748", "user": "USER_019", "type": "file", "hour": 3, "filename": "sensitive_data_69.zip"}
{"timestamp": "2026-06-03T08:50:16.057748", "user": "USER_019", "type": "file", "hour": 3, "filename": "sensitive_data_18.zip"}
{"timestamp": "2026-06-03T08:50:16.057748", "user": "USER_019", "type": "file", "hour": 3, "filename": "sensitive_data_83.zip"}
{"timestamp": "2026-06-03T08:50:16.057748", "user": "USER_019", "type": "file", "hour": 3, "filename": "sensitive_data_79.zip"}
{"timestamp": "2026-06-03T08:50:16.057748", "user": "USER_019", "type": "file", "hour": 3, "filename": "sensitive_data_43.zip"}
{"timestamp": "2026-06-03T08:50:16.057748", "user": "USER_019", "type": "file", "hour": 3, "filename": "sensitive_data_67.zip"}
{"timestamp": "2026-06-03T08:50:16.057748", "user": "USER_019", "type": "file", "hour": 3, "filename": "sensitive_data_53.zip"}
{"timestamp": "2026-06-03T08:50:16.057748", "user": "USER_019", "type": "file", "hour": 3, "filename": "sensitive_data_87.zip"}
{"timestamp": "2026-06-03T08:50:16.057748", "user": "USER_019", "type": "file", "hour": 3, "filename": "sensitive_data_71.zip"}
{"timestamp": "2026-06-03T08:50:16.057748", "user": "USER_019", "type": "file", "hour": 3, "filename": "sensitive_data_22.zip"}
{"timestamp": "2026-06-03T08:50:16.057748", "user": "USER_019", "type": "file", "hour": 3, "filename": "sensitive_data_5.zip"}
{"timestamp": "2026-06-03T08:50:16.057748", "user": "USER_019", "type": "file", "hour": 3, "filename": "sensitive_data_62.zip"}
{"timestamp": "2026-06-03T08:50:16.057748", "user": "USER_019", "type": "file", "hour": 3, "filename": "sensitive_data_11.zip"}
{"timestamp": "2026-06-03T08:50:16.057748", "user": "USER_019", "type": "file", "hour": 3, "filename": "sensitive_data_50.zip"}
{"timestamp": "2026-06-03T08:50:16.057748", "user": "USER_019", "type": "file", "hour": 3, "filename": "sensitive_data_56.zip"}
{"timestamp": "2026-06-03T08:50:16.057748", "user": "USER_019", "type": "file", "hour": 3, "filename": "sensitive_data_88.zip"}
{"timestamp": "2026-06-03T08:50:16.057748", "user": "USER_019", "type": "file", "hour": 3, "filename": "sensitive_data_68.zip"}
{"timestamp": "2026-06-03T08:50:16.057748", "user": "USER_019", "type": "file", "hour": 3, "filename": "sensitive_data_47.zip"}
{"timestamp": "2026-06-03T08:50:16.057748", "user": "USER_019", "type": "file", "hour": 3, "filename": "sensitive_data_67.zip"}
{"timestamp": "2026-06-03T08:50:16.057748", "user": "USER_019", "type": "file", "hour": 3, "filename": "sensitive_data_96.zip"}
{"timestamp": "2026-06-03T08:50:16.057748", "user": "USER_019", "type": "file", "hour": 3, "filename": "sensitive_data_91.zip"}
{"timestamp": "2026-06-03T08:50:16.057748", "user": "USER_019", "type": "file", "hour": 3, "filename": "sensitive_data_73.zip"}
{"timestamp": "2026-06-03T08:50:16.057748", "user": "USER_019", "type": "file", "hour": 3, "filename": "sensitive_data_45.zip"}
{"timestamp": "2026-06-03T08:50:16.057748", "user": "USER_019", "type": "file", "hour": 3, "filename": "sensitive_data_80.zip"}
{"timestamp": "2026-06-03T08:50:16.057748", "user": "USER_019", "type": "file", "hour": 3, "filename": "sensitive_data_88.zip"}
{"timestamp": "2026-06-03T08:50:16.057748", "user": "USER_019", "type": "file", "hour": 3, "filename": "sensitive_data_14.zip"}
{"timestamp": "2026-06-03T08:50:16.057748", "user": "USER_019", "type": "file", "hour": 3, "filename": "sensitive_data_71.zip"}
{"timestamp": "2026-06-03T08:50:16.057748", "user": "USER_019", "type": "file", "hour": 3, "filename": "sensitive_data_13.zip"}
{"timestamp": "2026-06-03T08:50:16.057748", "user": "USER_019", "type": "email", "hour": 3, "external": true}
{"timestamp": "2026-06-03T08:50:16.057748", "user": "USER_019", "type": "email", "hour": 3, "external": true}
{"timestamp": "2026-06-03T08:50:16.057748", "user": "USER_019", "type": "email", "hour": 3, "external": true}
{"timestamp": "2026-06-03T08:50:16.057748", "user": "USER_019", "type": "email", "hour": 3, "external": true}
{"timestamp": "2026-06-03T08:50:16.057748", "user": "USER_019", "type": "email", "hour": 3, "external": true}
{"timestamp": "2026-06-03T08:50:16.057748", "user": "USER_019", "type": "email", "hour": 3, "external": true}
{"timestamp": "2026-06-03T08:50:16.057748", "user": "USER_019", "type": "email", "hour": 3, "external": true}
{"timestamp": "2026-06-03T08:50:16.057748", "user": "USER_019", "type": "email", "hour": 3, "external": true}
{"timestamp": "2026-06-03T08:50:16.057748", "user": "USER_019", "type": "email", "hour": 3, "external": true}
{"timestamp": "2026-06-03T08:50:16.057748", "user": "USER_019", "type": "email", "hour": 3, "external": true}
{"timestamp": "2026-06-03T08:50:16.057748", "user": "USER_019", "type": "email", "hour": 3, "external": true}
{"timestamp": "2026-06-03T08:50:16.057748", "user": "USER_019", "type": "email", "hour": 3, "external": true}
{"timestamp": "2026-06-03T08:50:17.059676", "user": "USER_002", "type": "email", "hour": 8, "external": false}
{"timestamp": "2026-06-03T08:50:17.560485", "user": "USER_012", "type": "file", "hour": 8, "filename": "doc_316.xlsx"}
{"timestamp": "2026-06-03T08:50:18.061543", "user": "USER_006", "type": "email", "hour": 8, "external": true}
{"timestamp": "2026-06-03T08:50:19.062579", "user": "USER_018", "type": "email", "hour": 8, "external": true}
{"timestamp": "2026-06-03T08:50:19.563069", "user": "USER_020", "type": "file", "hour": 8, "filename": "doc_920.zip"}
{"timestamp": "2026-06-03T08:50:20.063675", "user": "USER_010", "type": "email", "hour": 8, "external": true}
{"timestamp": "2026-06-03T08:50:20.564719", "user": "USER_014", "type": "file", "hour": 8, "filename": "doc_792.docx"}
{"timestamp": "2026-06-03T08:50:21.065589", "user": "USER_019", "type": "email", "hour": 8, "external": false}
{"timestamp": "2026-06-03T08:50:21.566638", "user": "USER_015", "type": "email", "hour": 8, "external": false}
{"timestamp": "2026-06-03T08:50:22.067738", "user": "USER_003", "type": "device", "hour": 8, "action": "connect"}
{"timestamp": "2026-06-03T08:50:22.568549", "user": "USER_018", "type": "file", "hour": 8, "filename": "doc_460.xlsx"}
{"timestamp": "2026-06-03T08:50:23.069484", "user": "USER_007", "type": "device", "hour": 8, "action": "disconnect"}
{"timestamp": "2026-06-03T08:50:23.570454", "user": "USER_003", "type": "email", "hour": 8, "external": true}
{"timestamp": "2026-06-03T08:50:24.071257", "user": "USER_016", "type": "email", "hour": 8, "external": false}
{"timestamp": "2026-06-03T08:50:24.572079", "user": "USER_004", "type": "logon", "hour": 8}
{"timestamp": "2026-06-03T08:50:25.072830", "user": "USER_015", "type": "file", "hour": 8, "filename": "doc_276.docx"}
{"timestamp": "2026-06-03T08:50:25.573465", "user": "USER_014", "type": "file", "hour": 8, "filename": "doc_616.pdf"}
{"timestamp": "2026-06-03T08:50:26.074105", "user": "USER_012", "type": "email", "hour": 8, "external": false}
{"timestamp": "2026-06-03T08:50:27.075290", "user": "USER_001", "type": "email", "hour": 8, "external": true}
{"timestamp": "2026-06-03T08:50:27.575719", "user": "USER_002", "type": "email", "hour": 8, "external": false}
{"timestamp": "2026-06-03T08:50:28.576765", "user": "USER_003", "type": "email", "hour": 8, "external": false}
{"timestamp": "2026-06-03T08:50:29.077228", "user": "USER_014", "type": "email", "hour": 8, "external": true}
{"timestamp": "2026-06-03T08:50:30.079233", "user": "USER_002", "type": "file", "hour": 8, "filename": "doc_648.exe"}
{"timestamp": "2026-06-03T08:50:30.580085", "user": "USER_018", "type": "email", "hour": 8, "external": false}
{"timestamp": "2026-06-03T08:50:31.081059", "user": "USER_012", "type": "file", "hour": 8, "filename": "doc_132.xlsx"}
{"timestamp": "2026-06-03T08:50:31.582092", "user": "USER_004", "type": "email", "hour": 8, "external": false}
{"timestamp": "2026-06-03T08:50:32.083011", "user": "USER_002", "type": "email", "hour": 8, "external": false}
{"timestamp": "2026-06-03T08:50:32.584419", "user": "USER_010", "type": "file", "hour": 8, "filename": "doc_608.exe"}
{"timestamp": "2026-06-03T08:50:33.085266", "user": "USER_015", "type": "file", "hour": 8, "filename": "doc_737.pdf"}
{"timestamp": "2026-06-03T08:50:33.085561", "user": "USER_014", "type": "file", "hour": 3, "filename": "sensitive_data_22.zip"}
{"timestamp": "2026-06-03T08:50:33.085561", "user": "USER_014", "type": "file", "hour": 3, "filename": "sensitive_data_32.zip"}
{"timestamp": "2026-06-03T08:50:33.085561", "user": "USER_014", "type": "file", "hour": 3, "filename": "sensitive_data_63.zip"}
{"timestamp": "2026-06-03T08:50:33.085561", "user": "USER_014", "type": "file", "hour": 3, "filename": "sensitive_data_36.zip"}
{"timestamp": "2026-06-03T08:50:33.085561", "user": "USER_014", "type": "file", "hour": 3, "filename": "sensitive_data_21.zip"}
{"timestamp": "2026-06-03T08:50:33.085561", "user": "USER_014", "type": "file", "hour": 3, "filename": "sensitive_data_76.zip"}
{"timestamp": "2026-06-03T08:50:33.085561", "user": "USER_014", "type": "file", "hour": 3, "filename": "sensitive_data_70.zip"}
{"timestamp": "2026-06-03T08:50:33.085561", "user": "USER_014", "type": "file", "hour": 3, "filename": "sensitive_data_36.zip"}
{"timestamp": "2026-06-03T08:50:33.085561", "user": "USER_014", "type": "file", "hour": 3, "filename": "sensitive_data_27.zip"}
{"timestamp": "2026-06-03T08:50:33.085561", "user": "USER_014", "type": "file", "hour": 3, "filename": "sensitive_data_97.zip"}
{"timestamp": "2026-06-03T08:50:33.085561", "user": "USER_014", "type": "file", "hour": 3, "filename": "sensitive_data_78.zip"}
{"timestamp": "2026-06-03T08:50:33.085561", "user": "USER_014", "type": "file", "hour": 3, "filename": "sensitive_data_17.zip"}
{"timestamp": "2026-06-03T08:50:33.085561", "user": "USER_014", "type": "file", "hour": 3, "filename": "sensitive_data_80.zip"}
{"timestamp": "2026-06-03T08:50:33.085561", "user": "USER_014", "type": "file", "hour": 3, "filename": "sensitive_data_95.zip"}
{"timestamp": "2026-06-03T08:50:33.085561", "user": "USER_014", "type": "file", "hour": 3, "filename": "sensitive_data_26.zip"}
{"timestamp": "2026-06-03T08:50:33.085561", "user": "USER_014", "type": "file", "hour": 3, "filename": "sensitive_data_58.zip"}
{"timestamp": "2026-06-03T08:50:33.085561", "user": "USER_014", "type": "file", "hour": 3, "filename": "sensitive_data_80.zip"}
{"timestamp": "2026-06-03T08:50:33.085561", "user": "USER_014", "type": "file", "hour": 3, "filename": "sensitive_data_14.zip"}
{"timestamp": "2026-06-03T08:50:33.085561", "user": "USER_014", "type": "file", "hour": 3, "filename": "sensitive_data_5.zip"}
{"timestamp": "2026-06-03T08:50:33.085561", "user": "USER_014", "type": "file", "hour": 3, "filename": "sensitive_data_31.zip"}
{"timestamp": "2026-06-03T08:50:33.085561", "user": "USER_014", "type": "file", "hour": 3, "filename": "sensitive_data_55.zip"}
{"timestamp": "2026-06-03T08:50:33.085561", "user": "USER_014", "type": "file", "hour": 3, "filename": "sensitive_data_3.zip"}
{"timestamp": "2026-06-03T08:50:33.085561", "user": "USER_014", "type": "file", "hour": 3, "filename": "sensitive_data_78.zip"}
{"timestamp": "2026-06-03T08:50:33.085561", "user": "USER_014", "type": "file", "hour": 3, "filename": "sensitive_data_18.zip"}
{"timestamp": "2026-06-03T08:50:33.085561", "user": "USER_014", "type": "file", "hour": 3, "filename": "sensitive_data_64.zip"}
{"timestamp": "2026-06-03T08:50:33.085561", "user": "USER_014", "type": "file", "hour": 3, "filename": "sensitive_data_34.zip"}
{"timestamp": "2026-06-03T08:50:33.085561", "user": "USER_014", "type": "file", "hour": 3, "filename": "sensitive_data_28.zip"}
{"timestamp": "2026-06-03T08:50:33.085561", "user": "USER_014", "type": "file", "hour": 3, "filename": "sensitive_data_22.zip"}
{"timestamp": "2026-06-03T08:50:33.085561", "user": "USER_014", "type": "file", "hour": 3, "filename": "sensitive_data_22.zip"}
{"timestamp": "2026-06-03T08:50:33.085561", "user": "USER_014", "type": "file", "hour": 3, "filename": "sensitive_data_50.zip"}
{"timestamp": "2026-06-03T08:50:33.085561", "user": "USER_014", "type": "file", "hour": 3, "filename": "sensitive_data_51.zip"}
{"timestamp": "2026-06-03T08:50:33.085561", "user": "USER_014", "type": "file", "hour": 3, "filename": "sensitive_data_39.zip"}
{"timestamp": "2026-06-03T08:50:33.085561", "user": "USER_014", "type": "file", "hour": 3, "filename": "sensitive_data_55.zip"}
{"timestamp": "2026-06-03T08:50:33.085561", "user": "USER_014", "type": "file", "hour": 3, "filename": "sensitive_data_38.zip"}
{"timestamp": "2026-06-03T08:50:33.085561", "user": "USER_014", "type": "file", "hour": 3, "filename": "sensitive_data_87.zip"}
{"timestamp": "2026-06-03T08:50:33.085561", "user": "USER_014", "type": "file", "hour": 3, "filename": "sensitive_data_87.zip"}
{"timestamp": "2026-06-03T08:50:33.085561", "user": "USER_014", "type": "file", "hour": 3, "filename": "sensitive_data_90.zip"}
{"timestamp": "2026-06-03T08:50:33.085561", "user": "USER_014", "type": "file", "hour": 3, "filename": "sensitive_data_2.zip"}
{"timestamp": "2026-06-03T08:50:33.085561", "user": "USER_014", "type": "email", "hour": 3, "external": true}
{"timestamp": "2026-06-03T08:50:33.085561", "user": "USER_014", "type": "email", "hour": 3, "external": true}
{"timestamp": "2026-06-03T08:50:33.085561", "user": "USER_014", "type": "email", "hour": 3, "external": true}
{"timestamp": "2026-06-03T08:50:33.085561", "user": "USER_014", "type": "email", "hour": 3, "external": true}
{"timestamp": "2026-06-03T08:50:33.085561", "user": "USER_014", "type": "email", "hour": 3, "external": true}
{"timestamp": "2026-06-03T08:50:33.085561", "user": "USER_014", "type": "email", "hour": 3, "external": true}
{"timestamp": "2026-06-03T08:50:33.085561", "user": "USER_014", "type": "email", "hour": 3, "external": true}
{"timestamp": "2026-06-03T08:50:33.085561", "user": "USER_014", "type": "email", "hour": 3, "external": true}
{"timestamp": "2026-06-03T08:50:33.085561", "user": "USER_014", "type": "email", "hour": 3, "external": true}
{"timestamp": "2026-06-03T08:50:33.085561", "user": "USER_014", "type": "email", "hour": 3, "external": true}
{"timestamp": "2026-06-03T08:50:33.085561", "user": "USER_014", "type": "email", "hour": 3, "external": true}
{"timestamp": "2026-06-03T08:50:33.085561", "user": "USER_014", "type": "email", "hour": 3, "external": true}
{"timestamp": "2026-06-03T08:50:33.085561", "user": "USER_014", "type": "email", "hour": 3, "external": true}
{"timestamp": "2026-06-03T08:50:33.085561", "user": "USER_014", "type": "email", "hour": 3, "external": true}
{"timestamp": "2026-06-03T08:50:33.085561", "user": "USER_014", "type": "email", "hour": 3, "external": true}
{"timestamp": "2026-06-03T08:50:33.085561", "user": "USER_014", "type": "email", "hour": 3, "external": true}
{"timestamp": "2026-06-03T08:50:33.085561", "user": "USER_014", "type": "email", "hour": 3, "external": true}
{"timestamp": "2026-06-03T08:50:33.085561", "user": "USER_014", "type": "email", "hour": 3, "external": true}
{"timestamp": "2026-06-03T08:50:33.085561", "user": "USER_014", "type": "email", "hour": 3, "external": true}
{"timestamp": "2026-06-03T08:50:33.586829", "user": "USER_007", "type": "file", "hour": 8, "filename": "doc_950.zip"}
{"timestamp": "2026-06-03T08:50:34.087406", "user": "USER_001", "type": "logon", "hour": 8}
{"timestamp": "2026-06-03T08:50:34.588056", "user": "USER_005", "type": "file", "hour": 8, "filename": "doc_216.docx"}
{"timestamp": "2026-06-03T08:50:34.588305", "user": "USER_008", "type": "file", "hour": 3, "filename": "sensitive_data_77.zip"}
{"timestamp": "2026-06-03T08:50:34.588305", "user": "USER_008", "type": "file", "hour": 3, "filename": "sensitive_data_10.zip"}
{"timestamp": "2026-06-03T08:50:34.588305", "user": "USER_008", "type": "file", "hour": 3, "filename": "sensitive_data_85.zip"}
{"timestamp": "2026-06-03T08:50:34.588305", "user": "USER_008", "type": "file", "hour": 3, "filename": "sensitive_data_15.zip"}
{"timestamp": "2026-06-03T08:50:34.588305", "user": "USER_008", "type": "file", "hour": 3, "filename": "sensitive_data_59.zip"}
{"timestamp": "2026-06-03T08:50:34.588305", "user": "USER_008", "type": "file", "hour": 3, "filename": "sensitive_data_90.zip"}
{"timestamp": "2026-06-03T08:50:34.588305", "user": "USER_008", "type": "file", "hour": 3, "filename": "sensitive_data_58.zip"}
{"timestamp": "2026-06-03T08:50:34.588305", "user": "USER_008", "type": "file", "hour": 3, "filename": "sensitive_data_14.zip"}
{"timestamp": "2026-06-03T08:50:34.588305", "user": "USER_008", "type": "file", "hour": 3, "filename": "sensitive_data_96.zip"}
{"timestamp": "2026-06-03T08:50:34.588305", "user": "USER_008", "type": "file", "hour": 3, "filename": "sensitive_data_76.zip"}
{"timestamp": "2026-06-03T08:50:34.588305", "user": "USER_008", "type": "file", "hour": 3, "filename": "sensitive_data_34.zip"}
{"timestamp": "2026-06-03T08:50:34.588305", "user": "USER_008", "type": "file", "hour": 3, "filename": "sensitive_data_4.zip"}
{"timestamp": "2026-06-03T08:50:34.588305", "user": "USER_008", "type": "file", "hour": 3, "filename": "sensitive_data_71.zip"}
{"timestamp": "2026-06-03T08:50:34.588305", "user": "USER_008", "type": "file", "hour": 3, "filename": "sensitive_data_65.zip"}
{"timestamp": "2026-06-03T08:50:34.588305", "user": "USER_008", "type": "file", "hour": 3, "filename": "sensitive_data_7.zip"}
{"timestamp": "2026-06-03T08:50:34.588305", "user": "USER_008", "type": "file", "hour": 3, "filename": "sensitive_data_24.zip"}
{"timestamp": "2026-06-03T08:50:34.588305", "user": "USER_008", "type": "file", "hour": 3, "filename": "sensitive_data_18.zip"}
{"timestamp": "2026-06-03T08:50:34.588305", "user": "USER_008", "type": "file", "hour": 3, "filename": "sensitive_data_73.zip"}
{"timestamp": "2026-06-03T08:50:34.588305", "user": "USER_008", "type": "file", "hour": 3, "filename": "sensitive_data_82.zip"}
{"timestamp": "2026-06-03T08:50:34.588305", "user": "USER_008", "type": "file", "hour": 3, "filename": "sensitive_data_78.zip"}
{"timestamp": "2026-06-03T08:50:34.588305", "user": "USER_008", "type": "file", "hour": 3, "filename": "sensitive_data_11.zip"}
{"timestamp": "2026-06-03T08:50:34.588305", "user": "USER_008", "type": "file", "hour": 3, "filename": "sensitive_data_76.zip"}
{"timestamp": "2026-06-03T08:50:34.588305", "user": "USER_008", "type": "file", "hour": 3, "filename": "sensitive_data_17.zip"}
{"timestamp": "2026-06-03T08:50:34.588305", "user": "USER_008", "type": "file", "hour": 3, "filename": "sensitive_data_86.zip"}
{"timestamp": "2026-06-03T08:50:34.588305", "user": "USER_008", "type": "file", "hour": 3, "filename": "sensitive_data_41.zip"}
{"timestamp": "2026-06-03T08:50:34.588305", "user": "USER_008", "type": "file", "hour": 3, "filename": "sensitive_data_46.zip"}
{"timestamp": "2026-06-03T08:50:34.588305", "user": "USER_008", "type": "file", "hour": 3, "filename": "sensitive_data_67.zip"}
{"timestamp": "2026-06-03T08:50:34.588305", "user": "USER_008", "type": "file", "hour": 3, "filename": "sensitive_data_77.zip"}
{"timestamp": "2026-06-03T08:50:34.588305", "user": "USER_008", "type": "file", "hour": 3, "filename": "sensitive_data_92.zip"}
{"timestamp": "2026-06-03T08:50:34.588305", "user": "USER_008", "type": "file", "hour": 3, "filename": "sensitive_data_37.zip"}
{"timestamp": "2026-06-03T08:50:34.588305", "user": "USER_008", "type": "file", "hour": 3, "filename": "sensitive_data_37.zip"}
{"timestamp": "2026-06-03T08:50:34.588305", "user": "USER_008", "type": "file", "hour": 3, "filename": "sensitive_data_78.zip"}
{"timestamp": "2026-06-03T08:50:34.588305", "user": "USER_008", "type": "file", "hour": 3, "filename": "sensitive_data_91.zip"}
{"timestamp": "2026-06-03T08:50:34.588305", "user": "USER_008", "type": "file", "hour": 3, "filename": "sensitive_data_33.zip"}
{"timestamp": "2026-06-03T08:50:34.588305", "user": "USER_008", "type": "file", "hour": 3, "filename": "sensitive_data_18.zip"}
{"timestamp": "2026-06-03T08:50:34.588305", "user": "USER_008", "type": "file", "hour": 3, "filename": "sensitive_data_21.zip"}
{"timestamp": "2026-06-03T08:50:34.588305", "user": "USER_008", "type": "file", "hour": 3, "filename": "sensitive_data_37.zip"}
{"timestamp": "2026-06-03T08:50:34.588305", "user": "USER_008", "type": "file", "hour": 3, "filename": "sensitive_data_90.zip"}
{"timestamp": "2026-06-03T08:50:34.588305", "user": "USER_008", "type": "file", "hour": 3, "filename": "sensitive_data_70.zip"}
{"timestamp": "2026-06-03T08:50:34.588305", "user": "USER_008", "type": "file", "hour": 3, "filename": "sensitive_data_30.zip"}
{"timestamp": "2026-06-03T08:50:34.588305", "user": "USER_008", "type": "file", "hour": 3, "filename": "sensitive_data_84.zip"}
{"timestamp": "2026-06-03T08:50:34.588305", "user": "USER_008", "type": "file", "hour": 3, "filename": "sensitive_data_97.zip"}
{"timestamp": "2026-06-03T08:50:34.588305", "user": "USER_008", "type": "file", "hour": 3, "filename": "sensitive_data_57.zip"}
{"timestamp": "2026-06-03T08:50:34.588305", "user": "USER_008", "type": "file", "hour": 3, "filename": "sensitive_data_23.zip"}
{"timestamp": "2026-06-03T08:50:34.588305", "user": "USER_008", "type": "email", "hour": 3, "external": true}
{"timestamp": "2026-06-03T08:50:34.588305", "user": "USER_008", "type": "email", "hour": 3, "external": true}
{"timestamp": "2026-06-03T08:50:34.588305", "user": "USER_008", "type": "email", "hour": 3, "external": true}
{"timestamp": "2026-06-03T08:50:34.588305", "user": "USER_008", "type": "email", "hour": 3, "external": true}
{"timestamp": "2026-06-03T08:50:34.588305", "user": "USER_008", "type": "email", "hour": 3, "external": true}
{"timestamp": "2026-06-03T08:50:34.588305", "user": "USER_008", "type": "email", "hour": 3, "external": true}
{"timestamp": "2026-06-03T08:50:34.588305", "user": "USER_008", "type": "email", "hour": 3, "external": true}
{"timestamp": "2026-06-03T08:50:34.588305", "user": "USER_008", "type": "email", "hour": 3, "external": true}
{"timestamp": "2026-06-03T08:50:34.588305", "user": "USER_008", "type": "email", "hour": 3, "external": true}
{"timestamp": "2026-06-03T08:50:34.588305", "user": "USER_008", "type": "email", "hour": 3, "external": true}
{"timestamp": "2026-06-03T08:50:35.089526", "user": "USER_011", "type": "email", "hour": 8, "external": false}
{"timestamp": "2026-06-03T08:50:35.590372", "user": "USER_007", "type": "file", "hour": 8, "filename": "doc_521.exe"}
{"timestamp": "2026-06-03T08:50:35.590575", "user": "USER_017", "type": "file", "hour": 3, "filename": "sensitive_data_4.zip"}
{"timestamp": "2026-06-03T08:50:35.590575", "user": "USER_017", "type": "file", "hour": 3, "filename": "sensitive_data_9.zip"}
{"timestamp": "2026-06-03T08:50:35.590575", "user": "USER_017", "type": "file", "hour": 3, "filename": "sensitive_data_36.zip"}
{"timestamp": "2026-06-03T08:50:35.590575", "user": "USER_017", "type": "file", "hour": 3, "filename": "sensitive_data_99.zip"}
{"timestamp": "2026-06-03T08:50:35.590575", "user": "USER_017", "type": "file", "hour": 3, "filename": "sensitive_data_63.zip"}
{"timestamp": "2026-06-03T08:50:35.590575", "user": "USER_017", "type": "file", "hour": 3, "filename": "sensitive_data_59.zip"}
{"timestamp": "2026-06-03T08:50:35.590575", "user": "USER_017", "type": "file", "hour": 3, "filename": "sensitive_data_57.zip"}
{"timestamp": "2026-06-03T08:50:35.590575", "user": "USER_017", "type": "file", "hour": 3, "filename": "sensitive_data_36.zip"}
{"timestamp": "2026-06-03T08:50:35.590575", "user": "USER_017", "type": "file", "hour": 3, "filename": "sensitive_data_56.zip"}
{"timestamp": "2026-06-03T08:50:35.590575", "user": "USER_017", "type": "file", "hour": 3, "filename": "sensitive_data_55.zip"}
{"timestamp": "2026-06-03T08:50:35.590575", "user": "USER_017", "type": "file", "hour": 3, "filename": "sensitive_data_40.zip"}
{"timestamp": "2026-06-03T08:50:35.590575", "user": "USER_017", "type": "file", "hour": 3, "filename": "sensitive_data_85.zip"}
{"timestamp": "2026-06-03T08:50:35.590575", "user": "USER_017", "type": "file", "hour": 3, "filename": "sensitive_data_12.zip"}
{"timestamp": "2026-06-03T08:50:35.590575", "user": "USER_017", "type": "file", "hour": 3, "filename": "sensitive_data_11.zip"}
{"timestamp": "2026-06-03T08:50:35.590575", "user": "USER_017", "type": "file", "hour": 3, "filename": "sensitive_data_67.zip"}
{"timestamp": "2026-06-03T08:50:35.590575", "user": "USER_017", "type": "file", "hour": 3, "filename": "sensitive_data_56.zip"}
{"timestamp": "2026-06-03T08:50:35.590575", "user": "USER_017", "type": "file", "hour": 3, "filename": "sensitive_data_49.zip"}
{"timestamp": "2026-06-03T08:50:35.590575", "user": "USER_017", "type": "file", "hour": 3, "filename": "sensitive_data_48.zip"}
{"timestamp": "2026-06-03T08:50:35.590575", "user": "USER_017", "type": "file", "hour": 3, "filename": "sensitive_data_89.zip"}
{"timestamp": "2026-06-03T08:50:35.590575", "user": "USER_017", "type": "file", "hour": 3, "filename": "sensitive_data_91.zip"}
{"timestamp": "2026-06-03T08:50:35.590575", "user": "USER_017", "type": "file", "hour": 3, "filename": "sensitive_data_77.zip"}
{"timestamp": "2026-06-03T08:50:35.590575", "user": "USER_017", "type": "file", "hour": 3, "filename": "sensitive_data_31.zip"}
{"timestamp": "2026-06-03T08:50:35.590575", "user": "USER_017", "type": "file", "hour": 3, "filename": "sensitive_data_43.zip"}
{"timestamp": "2026-06-03T08:50:35.590575", "user": "USER_017", "type": "file", "hour": 3, "filename": "sensitive_data_36.zip"}
{"timestamp": "2026-06-03T08:50:35.590575", "user": "USER_017", "type": "file", "hour": 3, "filename": "sensitive_data_65.zip"}
{"timestamp": "2026-06-03T08:50:35.590575", "user": "USER_017", "type": "file", "hour": 3, "filename": "sensitive_data_88.zip"}
{"timestamp": "2026-06-03T08:50:35.590575", "user": "USER_017", "type": "file", "hour": 3, "filename": "sensitive_data_55.zip"}
{"timestamp": "2026-06-03T08:50:35.590575", "user": "USER_017", "type": "file", "hour": 3, "filename": "sensitive_data_16.zip"}
{"timestamp": "2026-06-03T08:50:35.590575", "user": "USER_017", "type": "file", "hour": 3, "filename": "sensitive_data_52.zip"}
{"timestamp": "2026-06-03T08:50:35.590575", "user": "USER_017", "type": "file", "hour": 3, "filename": "sensitive_data_34.zip"}
{"timestamp": "2026-06-03T08:50:35.590575", "user": "USER_017", "type": "file", "hour": 3, "filename": "sensitive_data_34.zip"}
{"timestamp": "2026-06-03T08:50:35.590575", "user": "USER_017", "type": "file", "hour": 3, "filename": "sensitive_data_73.zip"}
{"timestamp": "2026-06-03T08:50:35.590575", "user": "USER_017", "type": "file", "hour": 3, "filename": "sensitive_data_93.zip"}
{"timestamp": "2026-06-03T08:50:35.590575", "user": "USER_017", "type": "file", "hour": 3, "filename": "sensitive_data_52.zip"}
{"timestamp": "2026-06-03T08:50:35.590575", "user": "USER_017", "type": "file", "hour": 3, "filename": "sensitive_data_36.zip"}
{"timestamp": "2026-06-03T08:50:35.590575", "user": "USER_017", "type": "file", "hour": 3, "filename": "sensitive_data_93.zip"}
{"timestamp": "2026-06-03T08:50:35.590575", "user": "USER_017", "type": "file", "hour": 3, "filename": "sensitive_data_44.zip"}
{"timestamp": "2026-06-03T08:50:35.590575", "user": "USER_017", "type": "file", "hour": 3, "filename": "sensitive_data_25.zip"}
{"timestamp": "2026-06-03T08:50:35.590575", "user": "USER_017", "type": "file", "hour": 3, "filename": "sensitive_data_73.zip"}
{"timestamp": "2026-06-03T08:50:35.590575", "user": "USER_017", "type": "file", "hour": 3, "filename": "sensitive_data_59.zip"}
{"timestamp": "2026-06-03T08:50:35.590575", "user": "USER_017", "type": "email", "hour": 3, "external": true}
{"timestamp": "2026-06-03T08:50:35.590575", "user": "USER_017", "type": "email", "hour": 3, "external": true}
{"timestamp": "2026-06-03T08:50:35.590575", "user": "USER_017", "type": "email", "hour": 3, "external": true}
{"timestamp": "2026-06-03T08:50:35.590575", "user": "USER_017", "type": "email", "hour": 3, "external": true}
{"timestamp": "2026-06-03T08:50:35.590575", "user": "USER_017", "type": "email", "hour": 3, "external": true}
{"timestamp": "2026-06-03T08:50:35.590575", "user": "USER_017", "type": "email", "hour": 3, "external": true}
{"timestamp": "2026-06-03T08:50:35.590575", "user": "USER_017", "type": "email", "hour": 3, "external": true}
{"timestamp": "2026-06-03T08:50:35.590575", "user": "USER_017", "type": "email", "hour": 3, "external": true}
{"timestamp": "2026-06-03T08:50:35.590575", "user": "USER_017", "type": "email", "hour": 3, "external": true}
{"timestamp": "2026-06-03T08:50:35.590575", "user": "USER_017", "type": "email", "hour": 3, "external": true}
{"timestamp": "2026-06-03T08:50:35.590575", "user": "USER_017", "type": "email", "hour": 3, "external": true}
{"timestamp": "2026-06-03T08:50:35.590575", "user": "USER_017", "type": "email", "hour": 3, "external": true}
{"timestamp": "2026-06-03T08:50:35.590575", "user": "USER_017", "type": "email", "hour": 3, "external": true}
{"timestamp": "2026-06-03T08:50:35.590575", "user": "USER_017", "type": "email", "hour": 3, "external": true}
{"timestamp": "2026-06-03T08:50:36.592338", "user": "USER_018", "type": "device", "hour": 8, "action": "connect"}
{"timestamp": "2026-06-03T08:50:37.093015", "user": "USER_008", "type": "logon", "hour": 8}
{"timestamp": "2026-06-03T08:50:37.593690", "user": "USER_009", "type": "email", "hour": 8, "external": true}
{"timestamp": "2026-06-03T08:50:38.094603", "user": "USER_003", "type": "file", "hour": 8, "filename": "doc_661.exe"}
{"timestamp": "2026-06-03T08:50:38.595157", "user": "USER_010", "type": "email", "hour": 8, "external": false}
{"timestamp": "2026-06-03T08:50:39.596617", "user": "USER_009", "type": "email", "hour": 8, "external": false}
{"timestamp": "2026-06-03T08:50:40.097599", "user": "USER_014", "type": "file", "hour": 8, "filename": "doc_986.xlsx"}
{"timestamp": "2026-06-03T08:50:41.099330", "user": "USER_019", "type": "email", "hour": 8, "external": false}
{"timestamp": "2026-06-03T08:50:42.601427", "user": "USER_018", "type": "file", "hour": 8, "filename": "doc_764.xlsx"}
{"timestamp": "2026-06-03T08:50:44.103559", "user": "USER_009", "type": "file", "hour": 8, "filename": "doc_329.docx"}
{"timestamp": "2026-06-03T08:50:44.604346", "user": "USER_011", "type": "email", "hour": 8, "external": false}
{"timestamp": "2026-06-03T08:50:45.105061", "user": "USER_003", "type": "file", "hour": 8, "filename": "doc_293.exe"}
{"timestamp": "2026-06-03T08:50:45.605620", "user": "USER_008", "type": "device", "hour": 8, "action": "connect"}
{"timestamp": "2026-06-03T08:50:46.106118", "user": "USER_008", "type": "logon", "hour": 8}
{"timestamp": "2026-06-03T08:50:46.607030", "user": "USER_012", "type": "email", "hour": 8, "external": false}
{"timestamp": "2026-06-03T08:50:47.608001", "user": "USER_017", "type": "email", "hour": 8, "external": false}
{"timestamp": "2026-06-03T08:50:49.110555", "user": "USER_008", "type": "file", "hour": 8, "filename": "doc_491.exe"}
{"timestamp": "2026-06-03T08:50:49.611355", "user": "USER_009", "type": "email", "hour": 8, "external": false}
{"timestamp": "2026-06-03T08:50:50.612803", "user": "USER_020", "type": "email", "hour": 8, "external": false}
{"timestamp": "2026-06-03T08:50:51.614238", "user": "USER_019", "type": "email", "hour": 8, "external": false}
{"timestamp": "2026-06-03T08:50:52.115115", "user": "USER_014", "type": "file", "hour": 3, "filename": "sensitive_data_50.zip"}
{"timestamp": "2026-06-03T08:50:52.115115", "user": "USER_014", "type": "file", "hour": 3, "filename": "sensitive_data_75.zip"}
{"timestamp": "2026-06-03T08:50:52.115115", "user": "USER_014", "type": "file", "hour": 3, "filename": "sensitive_data_89.zip"}
{"timestamp": "2026-06-03T08:50:52.115115", "user": "USER_014", "type": "file", "hour": 3, "filename": "sensitive_data_72.zip"}
{"timestamp": "2026-06-03T08:50:52.115115", "user": "USER_014", "type": "file", "hour": 3, "filename": "sensitive_data_99.zip"}
{"timestamp": "2026-06-03T08:50:52.115115", "user": "USER_014", "type": "file", "hour": 3, "filename": "sensitive_data_51.zip"}
{"timestamp": "2026-06-03T08:50:52.115115", "user": "USER_014", "type": "file", "hour": 3, "filename": "sensitive_data_57.zip"}
{"timestamp": "2026-06-03T08:50:52.115115", "user": "USER_014", "type": "file", "hour": 3, "filename": "sensitive_data_55.zip"}
{"timestamp": "2026-06-03T08:50:52.115115", "user": "USER_014", "type": "file", "hour": 3, "filename": "sensitive_data_65.zip"}
{"timestamp": "2026-06-03T08:50:52.115115", "user": "USER_014", "type": "file", "hour": 3, "filename": "sensitive_data_42.zip"}
{"timestamp": "2026-06-03T08:50:52.115115", "user": "USER_014", "type": "file", "hour": 3, "filename": "sensitive_data_26.zip"}
{"timestamp": "2026-06-03T08:50:52.115115", "user": "USER_014", "type": "file", "hour": 3, "filename": "sensitive_data_79.zip"}
{"timestamp": "2026-06-03T08:50:52.115115", "user": "USER_014", "type": "file", "hour": 3, "filename": "sensitive_data_58.zip"}
{"timestamp": "2026-06-03T08:50:52.115115", "user": "USER_014", "type": "file", "hour": 3, "filename": "sensitive_data_93.zip"}
{"timestamp": "2026-06-03T08:50:52.115115", "user": "USER_014", "type": "file", "hour": 3, "filename": "sensitive_data_29.zip"}
{"timestamp": "2026-06-03T08:50:52.115115", "user": "USER_014", "type": "file", "hour": 3, "filename": "sensitive_data_90.zip"}
{"timestamp": "2026-06-03T08:50:52.115115", "user": "USER_014", "type": "file", "hour": 3, "filename": "sensitive_data_66.zip"}
{"timestamp": "2026-06-03T08:50:52.115115", "user": "USER_014", "type": "file", "hour": 3, "filename": "sensitive_data_29.zip"}
{"timestamp": "2026-06-03T08:50:52.115115", "user": "USER_014", "type": "file", "hour": 3, "filename": "sensitive_data_91.zip"}
{"timestamp": "2026-06-03T08:50:52.115115", "user": "USER_014", "type": "file", "hour": 3, "filename": "sensitive_data_36.zip"}
{"timestamp": "2026-06-03T08:50:52.115115", "user": "USER_014", "type": "file", "hour": 3, "filename": "sensitive_data_22.zip"}
{"timestamp": "2026-06-03T08:50:52.115115", "user": "USER_014", "type": "file", "hour": 3, "filename": "sensitive_data_69.zip"}
{"timestamp": "2026-06-03T08:50:52.115115", "user": "USER_014", "type": "file", "hour": 3, "filename": "sensitive_data_69.zip"}
{"timestamp": "2026-06-03T08:50:52.115115", "user": "USER_014", "type": "file", "hour": 3, "filename": "sensitive_data_31.zip"}
{"timestamp": "2026-06-03T08:50:52.115115", "user": "USER_014", "type": "file", "hour": 3, "filename": "sensitive_data_24.zip"}
{"timestamp": "2026-06-03T08:50:52.115115", "user": "USER_014", "type": "file", "hour": 3, "filename": "sensitive_data_73.zip"}
{"timestamp": "2026-06-03T08:50:52.115115", "user": "USER_014", "type": "file", "hour": 3, "filename": "sensitive_data_70.zip"}
{"timestamp": "2026-06-03T08:50:52.115115", "user": "USER_014", "type": "file", "hour": 3, "filename": "sensitive_data_83.zip"}
{"timestamp": "2026-06-03T08:50:52.115115", "user": "USER_014", "type": "file", "hour": 3, "filename": "sensitive_data_48.zip"}
{"timestamp": "2026-06-03T08:50:52.115115", "user": "USER_014", "type": "file", "hour": 3, "filename": "sensitive_data_77.zip"}
{"timestamp": "2026-06-03T08:50:52.115115", "user": "USER_014", "type": "file", "hour": 3, "filename": "sensitive_data_3.zip"}
{"timestamp": "2026-06-03T08:50:52.115115", "user": "USER_014", "type": "file", "hour": 3, "filename": "sensitive_data_20.zip"}
{"timestamp": "2026-06-03T08:50:52.115115", "user": "USER_014", "type": "file", "hour": 3, "filename": "sensitive_data_63.zip"}
{"timestamp": "2026-06-03T08:50:52.115115", "user": "USER_014", "type": "email", "hour": 3, "external": true}
{"timestamp": "2026-06-03T08:50:52.115115", "user": "USER_014", "type": "email", "hour": 3, "external": true}
{"timestamp": "2026-06-03T08:50:52.115115", "user": "USER_014", "type": "email", "hour": 3, "external": true}
{"timestamp": "2026-06-03T08:50:52.115115", "user": "USER_014", "type": "email", "hour": 3, "external": true}
{"timestamp": "2026-06-03T08:50:52.115115", "user": "USER_014", "type": "email", "hour": 3, "external": true}
{"timestamp": "2026-06-03T08:50:52.115115", "user": "USER_014", "type": "email", "hour": 3, "external": true}
{"timestamp": "2026-06-03T08:50:52.115115", "user": "USER_014", "type": "email", "hour": 3, "external": true}
{"timestamp": "2026-06-03T08:50:52.115115", "user": "USER_014", "type": "email", "hour": 3, "external": true}
{"timestamp": "2026-06-03T08:50:52.115115", "user": "USER_014", "type": "email", "hour": 3, "external": true}
{"timestamp": "2026-06-03T08:50:52.115115", "user": "USER_014", "type": "email", "hour": 3, "external": true}
{"timestamp": "2026-06-03T08:50:52.115115", "user": "USER_014", "type": "email", "hour": 3, "external": true}
{"timestamp": "2026-06-03T08:50:52.115115", "user": "USER_014", "type": "email", "hour": 3, "external": true}
{"timestamp": "2026-06-03T08:50:52.115115", "user": "USER_014", "type": "email", "hour": 3, "external": true}
{"timestamp": "2026-06-03T08:50:52.115115", "user": "USER_014", "type": "email", "hour": 3, "external": true}
{"timestamp": "2026-06-03T08:50:52.115115", "user": "USER_014", "type": "email", "hour": 3, "external": true}
{"timestamp": "2026-06-03T08:50:52.115115", "user": "USER_014", "type": "email", "hour": 3, "external": true}
{"timestamp": "2026-06-03T08:50:52.616706", "user": "USER_001", "type": "email", "hour": 8, "external": false}
{"timestamp": "2026-06-03T08:50:53.617865", "user": "USER_015", "type": "logon", "hour": 8}
{"timestamp": "2026-06-03T08:50:53.618353", "user": "USER_013", "type": "file", "hour": 3, "filename": "sensitive_data_8.zip"}
{"timestamp": "2026-06-03T08:50:53.618353", "user": "USER_013", "type": "file", "hour": 3, "filename": "sensitive_data_85.zip"}
{"timestamp": "2026-06-03T08:50:53.618353", "user": "USER_013", "type": "file", "hour": 3, "filename": "sensitive_data_73.zip"}
{"timestamp": "2026-06-03T08:50:53.618353", "user": "USER_013", "type": "file", "hour": 3, "filename": "sensitive_data_62.zip"}
{"timestamp": "2026-06-03T08:50:53.618353", "user": "USER_013", "type": "file", "hour": 3, "filename": "sensitive_data_38.zip"}
{"timestamp": "2026-06-03T08:50:53.618353", "user": "USER_013", "type": "file", "hour": 3, "filename": "sensitive_data_73.zip"}
{"timestamp": "2026-06-03T08:50:53.618353", "user": "USER_013", "type": "file", "hour": 3, "filename": "sensitive_data_9.zip"}
{"timestamp": "2026-06-03T08:50:53.618353", "user": "USER_013", "type": "file", "hour": 3, "filename": "sensitive_data_56.zip"}
{"timestamp": "2026-06-03T08:50:53.618353", "user": "USER_013", "type": "file", "hour": 3, "filename": "sensitive_data_89.zip"}
{"timestamp": "2026-06-03T08:50:53.618353", "user": "USER_013", "type": "file", "hour": 3, "filename": "sensitive_data_85.zip"}
{"timestamp": "2026-06-03T08:50:53.618353", "user": "USER_013", "type": "file", "hour": 3, "filename": "sensitive_data_11.zip"}
{"timestamp": "2026-06-03T08:50:53.618353", "user": "USER_013", "type": "file", "hour": 3, "filename": "sensitive_data_66.zip"}
{"timestamp": "2026-06-03T08:50:53.618353", "user": "USER_013", "type": "file", "hour": 3, "filename": "sensitive_data_31.zip"}
{"timestamp": "2026-06-03T08:50:53.618353", "user": "USER_013", "type": "file", "hour": 3, "filename": "sensitive_data_59.zip"}
{"timestamp": "2026-06-03T08:50:53.618353", "user": "USER_013", "type": "file", "hour": 3, "filename": "sensitive_data_51.zip"}
{"timestamp": "2026-06-03T08:50:53.618353", "user": "USER_013", "type": "file", "hour": 3, "filename": "sensitive_data_30.zip"}
{"timestamp": "2026-06-03T08:50:53.618353", "user": "USER_013", "type": "file", "hour": 3, "filename": "sensitive_data_15.zip"}
{"timestamp": "2026-06-03T08:50:53.618353", "user": "USER_013", "type": "file", "hour": 3, "filename": "sensitive_data_2.zip"}
{"timestamp": "2026-06-03T08:50:53.618353", "user": "USER_013", "type": "file", "hour": 3, "filename": "sensitive_data_6.zip"}
{"timestamp": "2026-06-03T08:50:53.618353", "user": "USER_013", "type": "file", "hour": 3, "filename": "sensitive_data_73.zip"}
{"timestamp": "2026-06-03T08:50:53.618353", "user": "USER_013", "type": "file", "hour": 3, "filename": "sensitive_data_31.zip"}
{"timestamp": "2026-06-03T08:50:53.618353", "user": "USER_013", "type": "file", "hour": 3, "filename": "sensitive_data_57.zip"}
{"timestamp": "2026-06-03T08:50:53.618353", "user": "USER_013", "type": "file", "hour": 3, "filename": "sensitive_data_92.zip"}
{"timestamp": "2026-06-03T08:50:53.618353", "user": "USER_013", "type": "file", "hour": 3, "filename": "sensitive_data_84.zip"}
{"timestamp": "2026-06-03T08:50:53.618353", "user": "USER_013", "type": "file", "hour": 3, "filename": "sensitive_data_92.zip"}
{"timestamp": "2026-06-03T08:50:53.618353", "user": "USER_013", "type": "file", "hour": 3, "filename": "sensitive_data_18.zip"}
{"timestamp": "2026-06-03T08:50:53.618353", "user": "USER_013", "type": "file", "hour": 3, "filename": "sensitive_data_37.zip"}
{"timestamp": "2026-06-03T08:50:53.618353", "user": "USER_013", "type": "file", "hour": 3, "filename": "sensitive_data_71.zip"}
{"timestamp": "2026-06-03T08:50:53.618353", "user": "USER_013", "type": "file", "hour": 3, "filename": "sensitive_data_22.zip"}
{"timestamp": "2026-06-03T08:50:53.618353", "user": "USER_013", "type": "file", "hour": 3, "filename": "sensitive_data_81.zip"}
{"timestamp": "2026-06-03T08:50:53.618353", "user": "USER_013", "type": "file", "hour": 3, "filename": "sensitive_data_94.zip"}
{"timestamp": "2026-06-03T08:50:53.618353", "user": "USER_013", "type": "file", "hour": 3, "filename": "sensitive_data_52.zip"}
{"timestamp": "2026-06-03T08:50:53.618353", "user": "USER_013", "type": "file", "hour": 3, "filename": "sensitive_data_25.zip"}
{"timestamp": "2026-06-03T08:50:53.618353", "user": "USER_013", "type": "file", "hour": 3, "filename": "sensitive_data_30.zip"}
{"timestamp": "2026-06-03T08:50:53.618353", "user": "USER_013", "type": "file", "hour": 3, "filename": "sensitive_data_57.zip"}
{"timestamp": "2026-06-03T08:50:53.618353", "user": "USER_013", "type": "file", "hour": 3, "filename": "sensitive_data_30.zip"}
{"timestamp": "2026-06-03T08:50:53.618353", "user": "USER_013", "type": "file", "hour": 3, "filename": "sensitive_data_85.zip"}
{"timestamp": "2026-06-03T08:50:53.618353", "user": "USER_013", "type": "file", "hour": 3, "filename": "sensitive_data_59.zip"}
{"timestamp": "2026-06-03T08:50:53.618353", "user": "USER_013", "type": "file", "hour": 3, "filename": "sensitive_data_31.zip"}
{"timestamp": "2026-06-03T08:50:53.618353", "user": "USER_013", "type": "file", "hour": 3, "filename": "sensitive_data_10.zip"}
{"timestamp": "2026-06-03T08:50:53.618353", "user": "USER_013", "type": "file", "hour": 3, "filename": "sensitive_data_3.zip"}
{"timestamp": "2026-06-03T08:50:53.618353", "user": "USER_013", "type": "file", "hour": 3, "filename": "sensitive_data_22.zip"}
{"timestamp": "2026-06-03T08:50:53.618353", "user": "USER_013", "type": "file", "hour": 3, "filename": "sensitive_data_91.zip"}
{"timestamp": "2026-06-03T08:50:53.618353", "user": "USER_013", "type": "email", "hour": 3, "external": true}
{"timestamp": "2026-06-03T08:50:53.618353", "user": "USER_013", "type": "email", "hour": 3, "external": true}
{"timestamp": "2026-06-03T08:50:53.618353", "user": "USER_013", "type": "email", "hour": 3, "external": true}
{"timestamp": "2026-06-03T08:50:53.618353", "user": "USER_013", "type": "email", "hour": 3, "external": true}
{"timestamp": "2026-06-03T08:50:53.618353", "user": "USER_013", "type": "email", "hour": 3, "external": true}
{"timestamp": "2026-06-03T08:50:53.618353", "user": "USER_013", "type": "email", "hour": 3, "external": true}
{"timestamp": "2026-06-03T08:50:53.618353", "user": "USER_013", "type": "email", "hour": 3, "external": true}
{"timestamp": "2026-06-03T08:50:53.618353", "user": "USER_013", "type": "email", "hour": 3, "external": true}
{"timestamp": "2026-06-03T08:50:53.618353", "user": "USER_013", "type": "email", "hour": 3, "external": true}
{"timestamp": "2026-06-03T08:50:53.618353", "user": "USER_013", "type": "email", "hour": 3, "external": true}
{"timestamp": "2026-06-03T08:50:53.618353", "user": "USER_013", "type": "email", "hour": 3, "external": true}
{"timestamp": "2026-06-03T08:50:53.618353", "user": "USER_013", "type": "email", "hour": 3, "external": true}
{"timestamp": "2026-06-03T08:50:53.618353", "user": "USER_013", "type": "email", "hour": 3, "external": true}
{"timestamp": "2026-06-03T08:50:53.618353", "user": "USER_013", "type": "email", "hour": 3, "external": true}
{"timestamp": "2026-06-03T08:50:53.618353", "user": "USER_013", "type": "email", "hour": 3, "external": true}
{"timestamp": "2026-06-03T08:50:53.618353", "user": "USER_013", "type": "email", "hour": 3, "external": true}
{"timestamp": "2026-06-03T08:50:53.618353", "user": "USER_013", "type": "email", "hour": 3, "external": true}
{"timestamp": "2026-06-03T08:50:53.618353", "user": "USER_013", "type": "email", "hour": 3, "external": true}
{"timestamp": "2026-06-03T08:50:53.618353", "user": "USER_013", "type": "email", "hour": 3, "external": true}
{"timestamp": "2026-06-03T08:50:54.119797", "user": "USER_007", "type": "email", "hour": 8, "external": true}
{"timestamp": "2026-06-03T08:50:54.620799", "user": "USER_001", "type": "file", "hour": 8, "filename": "doc_105.pdf"}
{"timestamp": "2026-06-03T08:50:56.122822", "user": "USER_019", "type": "email", "hour": 8, "external": false}
{"timestamp": "2026-06-03T08:50:56.623907", "user": "USER_005", "type": "file", "hour": 8, "filename": "doc_130.xlsx"}
{"timestamp": "2026-06-03T08:50:57.124873", "user": "USER_003", "type": "email", "hour": 8, "external": true}
{"timestamp": "2026-06-03T08:50:58.626781", "user": "USER_009", "type": "logon", "hour": 8}
{"timestamp": "2026-06-03T08:50:59.127832", "user": "USER_004", "type": "email", "hour": 8, "external": false}
{"timestamp": "2026-06-03T08:50:59.628554", "user": "USER_013", "type": "logon", "hour": 8}
{"timestamp": "2026-06-03T08:51:00.129569", "user": "USER_019", "type": "email", "hour": 8, "external": false}
{"timestamp": "2026-06-03T08:51:00.630256", "user": "USER_017", "type": "device", "hour": 8, "action": "disconnect"}
{"timestamp": "2026-06-03T08:51:01.131412", "user": "USER_011", "type": "device", "hour": 8, "action": "disconnect"}
{"timestamp": "2026-06-03T08:51:01.632487", "user": "USER_016", "type": "email", "hour": 8, "external": false}
{"timestamp": "2026-06-03T08:51:02.133377", "user": "USER_008", "type": "logon", "hour": 8}
{"timestamp": "2026-06-03T08:51:03.135087", "user": "USER_005", "type": "file", "hour": 8, "filename": "doc_544.pdf"}
{"timestamp": "2026-06-03T08:51:03.636339", "user": "USER_017", "type": "file", "hour": 8, "filename": "doc_974.pdf"}
{"timestamp": "2026-06-03T08:51:04.137607", "user": "USER_003", "type": "file", "hour": 8, "filename": "doc_425.exe"}
{"timestamp": "2026-06-03T08:51:04.638282", "user": "USER_013", "type": "file", "hour": 8, "filename": "doc_527.docx"}
{"timestamp": "2026-06-03T08:51:05.139100", "user": "USER_011", "type": "email", "hour": 8, "external": false}
{"timestamp": "2026-06-03T08:51:05.640399", "user": "USER_011", "type": "logon", "hour": 8}
{"timestamp": "2026-06-03T08:51:06.141283", "user": "USER_001", "type": "file", "hour": 8, "filename": "doc_625.docx"}
{"timestamp": "2026-06-03T08:51:06.642182", "user": "USER_016", "type": "email", "hour": 8, "external": false}
{"timestamp": "2026-06-03T08:51:07.143336", "user": "USER_006", "type": "email", "hour": 8, "external": true}
{"timestamp": "2026-06-03T08:51:07.644259", "user": "USER_006", "type": "email", "hour": 8, "external": false}
{"timestamp": "2026-06-03T08:51:08.144987", "user": "USER_009", "type": "file", "hour": 8, "filename": "doc_390.docx"}
{"timestamp": "2026-06-03T08:51:09.648222", "user": "USER_011", "type": "email", "hour": 8, "external": false}
{"timestamp": "2026-06-03T08:51:10.150674", "user": "USER_020", "type": "file", "hour": 8, "filename": "doc_598.pdf"}
{"timestamp": "2026-06-03T08:51:11.152543", "user": "USER_005", "type": "file", "hour": 8, "filename": "doc_735.docx"}
{"timestamp": "2026-06-03T08:51:11.653867", "user": "USER_014", "type": "file", "hour": 8, "filename": "doc_966.xlsx"}
{"timestamp": "2026-06-03T08:51:12.154991", "user": "USER_001", "type": "file", "hour": 8, "filename": "doc_287.docx"}
{"timestamp": "2026-06-03T08:51:12.655881", "user": "USER_009", "type": "email", "hour": 8, "external": false}
{"timestamp": "2026-06-03T08:51:13.157272", "user": "USER_010", "type": "file", "hour": 8, "filename": "doc_147.pdf"}
{"timestamp": "2026-06-03T08:51:13.657992", "user": "USER_010", "type": "email", "hour": 8, "external": false}
{"timestamp": "2026-06-03T08:51:14.158608", "user": "USER_008", "type": "file", "hour": 8, "filename": "doc_508.zip"}
{"timestamp": "2026-06-03T08:51:15.159988", "user": "USER_003", "type": "email", "hour": 8, "external": false}
{"timestamp": "2026-06-03T08:51:15.660861", "user": "USER_002", "type": "logon", "hour": 8}
{"timestamp": "2026-06-03T08:51:16.161635", "user": "USER_008", "type": "device", "hour": 8, "action": "disconnect"}
{"timestamp": "2026-06-03T08:51:16.162061", "user": "USER_002", "type": "file", "hour": 3, "filename": "sensitive_data_12.zip"}
{"timestamp": "2026-06-03T08:51:16.162061", "user": "USER_002", "type": "file", "hour": 3, "filename": "sensitive_data_10.zip"}
{"timestamp": "2026-06-03T08:51:16.162061", "user": "USER_002", "type": "file", "hour": 3, "filename": "sensitive_data_5.zip"}
{"timestamp": "2026-06-03T08:51:16.162061", "user": "USER_002", "type": "file", "hour": 3, "filename": "sensitive_data_44.zip"}
{"timestamp": "2026-06-03T08:51:16.162061", "user": "USER_002", "type": "file", "hour": 3, "filename": "sensitive_data_78.zip"}
{"timestamp": "2026-06-03T08:51:16.162061", "user": "USER_002", "type": "file", "hour": 3, "filename": "sensitive_data_22.zip"}
{"timestamp": "2026-06-03T08:51:16.162061", "user": "USER_002", "type": "file", "hour": 3, "filename": "sensitive_data_17.zip"}
{"timestamp": "2026-06-03T08:51:16.162061", "user": "USER_002", "type": "file", "hour": 3, "filename": "sensitive_data_84.zip"}
{"timestamp": "2026-06-03T08:51:16.162061", "user": "USER_002", "type": "file", "hour": 3, "filename": "sensitive_data_3.zip"}
{"timestamp": "2026-06-03T08:51:16.162061", "user": "USER_002", "type": "file", "hour": 3, "filename": "sensitive_data_21.zip"}
{"timestamp": "2026-06-03T08:51:16.162061", "user": "USER_002", "type": "file", "hour": 3, "filename": "sensitive_data_97.zip"}
{"timestamp": "2026-06-03T08:51:16.162061", "user": "USER_002", "type": "file", "hour": 3, "filename": "sensitive_data_21.zip"}
{"timestamp": "2026-06-03T08:51:16.162061", "user": "USER_002", "type": "file", "hour": 3, "filename": "sensitive_data_25.zip"}
{"timestamp": "2026-06-03T08:51:16.162061", "user": "USER_002", "type": "file", "hour": 3, "filename": "sensitive_data_33.zip"}
{"timestamp": "2026-06-03T08:51:16.162061", "user": "USER_002", "type": "file", "hour": 3, "filename": "sensitive_data_84.zip"}
{"timestamp": "2026-06-03T08:51:16.162061", "user": "USER_002", "type": "file", "hour": 3, "filename": "sensitive_data_77.zip"}
{"timestamp": "2026-06-03T08:51:16.162061", "user": "USER_002", "type": "file", "hour": 3, "filename": "sensitive_data_59.zip"}
{"timestamp": "2026-06-03T08:51:16.162061", "user": "USER_002", "type": "file", "hour": 3, "filename": "sensitive_data_70.zip"}
{"timestamp": "2026-06-03T08:51:16.162061", "user": "USER_002", "type": "file", "hour": 3, "filename": "sensitive_data_85.zip"}
{"timestamp": "2026-06-03T08:51:16.162061", "user": "USER_002", "type": "file", "hour": 3, "filename": "sensitive_data_5.zip"}
{"timestamp": "2026-06-03T08:51:16.162061", "user": "USER_002", "type": "file", "hour": 3, "filename": "sensitive_data_23.zip"}
{"timestamp": "2026-06-03T08:51:16.162061", "user": "USER_002", "type": "file", "hour": 3, "filename": "sensitive_data_100.zip"}
{"timestamp": "2026-06-03T08:51:16.162061", "user": "USER_002", "type": "file", "hour": 3, "filename": "sensitive_data_74.zip"}
{"timestamp": "2026-06-03T08:51:16.162061", "user": "USER_002", "type": "file", "hour": 3, "filename": "sensitive_data_7.zip"}
{"timestamp": "2026-06-03T08:51:16.162061", "user": "USER_002", "type": "file", "hour": 3, "filename": "sensitive_data_15.zip"}
{"timestamp": "2026-06-03T08:51:16.162061", "user": "USER_002", "type": "file", "hour": 3, "filename": "sensitive_data_82.zip"}
{"timestamp": "2026-06-03T08:51:16.162061", "user": "USER_002", "type": "file", "hour": 3, "filename": "sensitive_data_29.zip"}
{"timestamp": "2026-06-03T08:51:16.162061", "user": "USER_002", "type": "file", "hour": 3, "filename": "sensitive_data_22.zip"}
{"timestamp": "2026-06-03T08:51:16.162061", "user": "USER_002", "type": "file", "hour": 3, "filename": "sensitive_data_57.zip"}
{"timestamp": "2026-06-03T08:51:16.162061", "user": "USER_002", "type": "file", "hour": 3, "filename": "sensitive_data_74.zip"}
{"timestamp": "2026-06-03T08:51:16.162061", "user": "USER_002", "type": "email", "hour": 3, "external": true}
{"timestamp": "2026-06-03T08:51:16.162061", "user": "USER_002", "type": "email", "hour": 3, "external": true}
{"timestamp": "2026-06-03T08:51:16.162061", "user": "USER_002", "type": "email", "hour": 3, "external": true}
{"timestamp": "2026-06-03T08:51:16.162061", "user": "USER_002", "type": "email", "hour": 3, "external": true}
{"timestamp": "2026-06-03T08:51:16.162061", "user": "USER_002", "type": "email", "hour": 3, "external": true}
{"timestamp": "2026-06-03T08:51:16.162061", "user": "USER_002", "type": "email", "hour": 3, "external": true}
{"timestamp": "2026-06-03T08:51:16.162061", "user": "USER_002", "type": "email", "hour": 3, "external": true}
{"timestamp": "2026-06-03T08:51:16.162061", "user": "USER_002", "type": "email", "hour": 3, "external": true}
{"timestamp": "2026-06-03T08:51:16.162061", "user": "USER_002", "type": "email", "hour": 3, "external": true}
{"timestamp": "2026-06-03T08:51:16.162061", "user": "USER_002", "type": "email", "hour": 3, "external": true}
{"timestamp": "2026-06-03T08:51:16.162061", "user": "USER_002", "type": "email", "hour": 3, "external": true}
{"timestamp": "2026-06-03T08:51:16.162061", "user": "USER_002", "type": "email", "hour": 3, "external": true}
{"timestamp": "2026-06-03T08:51:16.162061", "user": "USER_002", "type": "email", "hour": 3, "external": true}
{"timestamp": "2026-06-03T08:51:16.162061", "user": "USER_002", "type": "email", "hour": 3, "external": true}
{"timestamp": "2026-06-03T08:51:16.162061", "user": "USER_002", "type": "email", "hour": 3, "external": true}
{"timestamp": "2026-06-03T08:51:16.663462", "user": "USER_010", "type": "email", "hour": 8, "external": true}
{"timestamp": "2026-06-03T08:51:17.164061", "user": "USER_003", "type": "email", "hour": 8, "external": false}
{"timestamp": "2026-06-03T08:51:18.165642", "user": "USER_002", "type": "email", "hour": 8, "external": true}
{"timestamp": "2026-06-03T08:51:19.166988", "user": "USER_003", "type": "email", "hour": 8, "external": true}
{"timestamp": "2026-06-03T08:51:19.667842", "user": "USER_013", "type": "file", "hour": 8, "filename": "doc_690.pdf"}
{"timestamp": "2026-06-03T08:51:20.168648", "user": "USER_017", "type": "device", "hour": 8, "action": "disconnect"}
{"timestamp": "2026-06-03T08:51:21.170199", "user": "USER_001", "type": "logon", "hour": 8}
{"timestamp": "2026-06-03T08:51:21.671167", "user": "USER_004", "type": "email", "hour": 8, "external": false}
